> Task :gradle-plugin:settings-plugin:checkKotlinGradlePluginConfigurationErrors
> Task :gradle-plugin:shared:checkKotlinGradlePluginConfigurationErrors
> Task :gradle-plugin:shared:compileKotlin UP-TO-DATE
> Task :gradle-plugin:shared:compileJava NO-SOURCE
> Task :gradle-plugin:shared:processResources NO-SOURCE
> Task :gradle-plugin:shared:classes UP-TO-DATE
> Task :gradle-plugin:shared:jar UP-TO-DATE
> Task :gradle-plugin:settings-plugin:compileKotlin UP-TO-DATE
> Task :gradle-plugin:settings-plugin:compileJava NO-SOURCE
> Task :gradle-plugin:settings-plugin:pluginDescriptors UP-TO-DATE
> Task :gradle-plugin:settings-plugin:processResources UP-TO-DATE
> Task :gradle-plugin:settings-plugin:classes UP-TO-DATE
> Task :gradle-plugin:settings-plugin:jar UP-TO-DATE
> Task :gradle-plugin:react-native-gradle-plugin:checkKotlinGradlePluginConfigurationErrors
> Task :gradle-plugin:react-native-gradle-plugin:compileKotlin UP-TO-DATE
> Task :gradle-plugin:react-native-gradle-plugin:compileJava NO-SOURCE
> Task :gradle-plugin:react-native-gradle-plugin:pluginDescriptors UP-TO-DATE
> Task :gradle-plugin:react-native-gradle-plugin:processResources UP-TO-DATE
> Task :gradle-plugin:react-native-gradle-plugin:classes UP-TO-DATE
> Task :gradle-plugin:react-native-gradle-plugin:jar UP-TO-DATE

> Configure project :react-native-firebase_analytics
:react-native-firebase_analytics package.json found at /Users/wilson.shakya/Documents/GitHub/AppVerse/Elevate/node_modules/@react-native-firebase/analytics/package.json
:react-native-firebase_app package.json found at /Users/wilson.shakya/Documents/GitHub/AppVerse/Elevate/node_modules/@react-native-firebase/app/package.json
:react-native-firebase_analytics:firebase.bom using default value: 33.13.0
:react-native-firebase_analytics package.json found at /Users/wilson.shakya/Documents/GitHub/AppVerse/Elevate/node_modules/@react-native-firebase/analytics/package.json
:react-native-firebase_analytics:version set from package.json: 22.2.0 (22,2,0 - 22002000)
:react-native-firebase_analytics:android.compileSdk using custom value: 36
:react-native-firebase_analytics:android.targetSdk using custom value: 36
:react-native-firebase_analytics:android.minSdk using custom value: 24
:react-native-firebase_analytics:reactNativeAndroidDir /Users/wilson.shakya/Documents/GitHub/AppVerse/Elevate/node_modules/react-native/android

> Configure project :react-native-firebase_app
:react-native-firebase_app package.json found at /Users/wilson.shakya/Documents/GitHub/AppVerse/Elevate/node_modules/@react-native-firebase/app/package.json
:react-native-firebase_app:firebase.bom using default value: 33.13.0
:react-native-firebase_app:play.play-services-auth using default value: 21.3.0
:react-native-firebase_app package.json found at /Users/wilson.shakya/Documents/GitHub/AppVerse/Elevate/node_modules/@react-native-firebase/app/package.json
:react-native-firebase_app:version set from package.json: 22.2.0 (22,2,0 - 22002000)
:react-native-firebase_app:android.compileSdk using custom value: 36
:react-native-firebase_app:android.targetSdk using custom value: 36
:react-native-firebase_app:android.minSdk using custom value: 24
:react-native-firebase_app:reactNativeAndroidDir /Users/wilson.shakya/Documents/GitHub/AppVerse/Elevate/node_modules/react-native/android

> Configure project :react-native-firebase_auth
:react-native-firebase_auth package.json found at /Users/wilson.shakya/Documents/GitHub/AppVerse/Elevate/node_modules/@react-native-firebase/auth/package.json
:react-native-firebase_app package.json found at /Users/wilson.shakya/Documents/GitHub/AppVerse/Elevate/node_modules/@react-native-firebase/app/package.json
:react-native-firebase_auth:firebase.bom using default value: 33.13.0
:react-native-firebase_auth package.json found at /Users/wilson.shakya/Documents/GitHub/AppVerse/Elevate/node_modules/@react-native-firebase/auth/package.json
:react-native-firebase_auth:version set from package.json: 22.2.0 (22,2,0 - 22002000)
:react-native-firebase_auth:android.compileSdk using custom value: 36
:react-native-firebase_auth:android.targetSdk using custom value: 36
:react-native-firebase_auth:android.minSdk using custom value: 24
:react-native-firebase_auth:reactNativeAndroidDir /Users/wilson.shakya/Documents/GitHub/AppVerse/Elevate/node_modules/react-native/android

> Configure project :react-native-firebase_crashlytics
:react-native-firebase_crashlytics package.json found at /Users/wilson.shakya/Documents/GitHub/AppVerse/Elevate/node_modules/@react-native-firebase/crashlytics/package.json
:react-native-firebase_app package.json found at /Users/wilson.shakya/Documents/GitHub/AppVerse/Elevate/node_modules/@react-native-firebase/app/package.json
:react-native-firebase_crashlytics:firebase.bom using default value: 33.13.0
:react-native-firebase_crashlytics package.json found at /Users/wilson.shakya/Documents/GitHub/AppVerse/Elevate/node_modules/@react-native-firebase/crashlytics/package.json
:react-native-firebase_crashlytics:version set from package.json: 22.2.0 (22,2,0 - 22002000)
:react-native-firebase_crashlytics:android.compileSdk using custom value: 36
:react-native-firebase_crashlytics:android.targetSdk using custom value: 36
:react-native-firebase_crashlytics:android.minSdk using custom value: 24
:react-native-firebase_crashlytics:reactNativeAndroidDir /Users/wilson.shakya/Documents/GitHub/AppVerse/Elevate/node_modules/react-native/android

> Configure project :react-native-firebase_firestore
:react-native-firebase_firestore package.json found at /Users/wilson.shakya/Documents/GitHub/AppVerse/Elevate/node_modules/@react-native-firebase/firestore/package.json
:react-native-firebase_app package.json found at /Users/wilson.shakya/Documents/GitHub/AppVerse/Elevate/node_modules/@react-native-firebase/app/package.json
:react-native-firebase_firestore:firebase.bom using default value: 33.13.0
:react-native-firebase_firestore package.json found at /Users/wilson.shakya/Documents/GitHub/AppVerse/Elevate/node_modules/@react-native-firebase/firestore/package.json
:react-native-firebase_firestore:version set from package.json: 22.2.0 (22,2,0 - 22002000)
:react-native-firebase_firestore:android.compileSdk using custom value: 36
:react-native-firebase_firestore:android.targetSdk using custom value: 36
:react-native-firebase_firestore:android.minSdk using custom value: 24
:react-native-firebase_firestore:reactNativeAndroidDir /Users/wilson.shakya/Documents/GitHub/AppVerse/Elevate/node_modules/react-native/android

> Configure project :react-native-firebase_functions
:react-native-firebase_functions package.json found at /Users/wilson.shakya/Documents/GitHub/AppVerse/Elevate/node_modules/@react-native-firebase/functions/package.json
:react-native-firebase_app package.json found at /Users/wilson.shakya/Documents/GitHub/AppVerse/Elevate/node_modules/@react-native-firebase/app/package.json
:react-native-firebase_functions:firebase.bom using default value: 33.13.0
:react-native-firebase_functions package.json found at /Users/wilson.shakya/Documents/GitHub/AppVerse/Elevate/node_modules/@react-native-firebase/functions/package.json
:react-native-firebase_functions:version set from package.json: 22.2.0 (22,2,0 - 22002000)
:react-native-firebase_functions:android.compileSdk using custom value: 36
:react-native-firebase_functions:android.targetSdk using custom value: 36
:react-native-firebase_functions:android.minSdk using custom value: 24
:react-native-firebase_functions:reactNativeAndroidDir /Users/wilson.shakya/Documents/GitHub/AppVerse/Elevate/node_modules/react-native/android

> Configure project :react-native-google-mobile-ads
:react-native-google-mobile-ads package.json found at /Users/wilson.shakya/Documents/GitHub/AppVerse/Elevate/node_modules/react-native-google-mobile-ads/package.json




**************************************************************************************************************




WARNING: react-native-google-mobile-ads requires an 'android_app_id' property inside a 'react-native-google-mobile-ads' key in your app.json.
         No android_app_id property was found in this location. The native Google Mobile Ads SDK will crash on startup without it.
         You can safely ignore this warning if you are using our Expo config plugin.




**************************************************************************************************************




:react-native-google-mobile-ads package.json found at /Users/wilson.shakya/Documents/GitHub/AppVerse/Elevate/node_modules/react-native-google-mobile-ads/package.json
:react-native-google-mobile-ads:version set from package.json: 14.7.0 (14,7,0 - 14007000)
:react-native-google-mobile-ads:android.compileSdk using custom value: 36
:react-native-google-mobile-ads:android.targetSdk using custom value: 36
:react-native-google-mobile-ads:android.minSdk using custom value: 24
:react-native-google-mobile-ads:reactNativeAndroidDir /Users/wilson.shakya/Documents/GitHub/AppVerse/Elevate/node_modules/react-native/android

> Configure project :react-native-reanimated
Android gradle plugin: 8.6.0
Gradle: 8.11.1

> Configure project :react-native-video
Kotlin version is correct: 2.1.0
AndroidX version is correct: 1.9.3
useExoplayerIMA: false
useExoplayerSmoothStreaming: true
useExoplayerDash: true
useExoplayerHls: true
useExoplayerRtsp: false
buildFromSource: false
WARNING: We recommend using a newer Android Gradle plugin to use compileSdk = 36

This Android Gradle plugin (8.6.0) was tested up to compileSdk = 35.

You are strongly encouraged to update your project to use a newer
Android Gradle plugin that has been tested with compileSdk = 36.

If you are already using the latest version of the Android Gradle plugin,
you may need to wait until a newer version with support for compileSdk = 36 is available.

For more information refer to the compatibility table:
https://d.android.com/r/tools/api-level-support

To suppress this warning, add/update
    android.suppressUnsupportedCompileSdk=36
to this project's gradle.properties.
WARNING: We recommend using a newer Android Gradle plugin to use compileSdk = 36

This Android Gradle plugin (8.6.0) was tested up to compileSdk = 35.

You are strongly encouraged to update your project to use a newer
Android Gradle plugin that has been tested with compileSdk = 36.

If you are already using the latest version of the Android Gradle plugin,
you may need to wait until a newer version with support for compileSdk = 36 is available.

For more information refer to the compatibility table:
https://d.android.com/r/tools/api-level-support

To suppress this warning, add/update
    android.suppressUnsupportedCompileSdk=36
to this project's gradle.properties.

> Task :app:generateAutolinkingNewArchitectureFiles UP-TO-DATE
> Task :app:generateAutolinkingPackageList UP-TO-DATE
> Task :app:generateCodegenSchemaFromJavaScript SKIPPED
> Task :app:generateCodegenArtifactsFromSchema SKIPPED
> Task :app:preBuild UP-TO-DATE
> Task :app:preDebugBuild UP-TO-DATE
> Task :app:mergeDebugNativeDebugMetadata NO-SOURCE
> Task :app:checkKotlinGradlePluginConfigurationErrors
> Task :app:generateDebugBuildConfig UP-TO-DATE
> Task :react-native-async-storage_async-storage:generateCodegenSchemaFromJavaScript UP-TO-DATE
> Task :react-native-async-storage_async-storage:generateCodegenArtifactsFromSchema UP-TO-DATE
> Task :react-native-async-storage_async-storage:preBuild UP-TO-DATE
> Task :react-native-async-storage_async-storage:preDebugBuild UP-TO-DATE
> Task :react-native-async-storage_async-storage:writeDebugAarMetadata UP-TO-DATE
> Task :react-native-community_slider:generateCodegenSchemaFromJavaScript UP-TO-DATE
> Task :react-native-community_slider:generateCodegenArtifactsFromSchema UP-TO-DATE
> Task :react-native-community_slider:preBuild UP-TO-DATE
> Task :react-native-community_slider:preDebugBuild UP-TO-DATE
> Task :react-native-community_slider:writeDebugAarMetadata UP-TO-DATE
> Task :react-native-device-info:preBuild UP-TO-DATE
> Task :react-native-device-info:preDebugBuild UP-TO-DATE
> Task :react-native-device-info:writeDebugAarMetadata UP-TO-DATE
> Task :react-native-fast-image:preBuild UP-TO-DATE
> Task :react-native-fast-image:preDebugBuild UP-TO-DATE
> Task :react-native-fast-image:writeDebugAarMetadata UP-TO-DATE
> Task :react-native-firebase_analytics:preBuild UP-TO-DATE
> Task :react-native-firebase_analytics:preDebugBuild UP-TO-DATE
> Task :react-native-firebase_analytics:writeDebugAarMetadata UP-TO-DATE
> Task :react-native-firebase_app:preBuild UP-TO-DATE
> Task :react-native-firebase_app:preDebugBuild UP-TO-DATE
> Task :react-native-firebase_app:writeDebugAarMetadata UP-TO-DATE
> Task :react-native-firebase_auth:preBuild UP-TO-DATE
> Task :react-native-firebase_auth:preDebugBuild UP-TO-DATE
> Task :react-native-firebase_auth:writeDebugAarMetadata UP-TO-DATE
> Task :react-native-firebase_crashlytics:preBuild UP-TO-DATE
> Task :react-native-firebase_crashlytics:preDebugBuild UP-TO-DATE
> Task :react-native-firebase_crashlytics:writeDebugAarMetadata UP-TO-DATE
> Task :react-native-firebase_firestore:preBuild UP-TO-DATE
> Task :react-native-firebase_firestore:preDebugBuild UP-TO-DATE
> Task :react-native-firebase_firestore:writeDebugAarMetadata UP-TO-DATE
> Task :react-native-firebase_functions:preBuild UP-TO-DATE
> Task :react-native-firebase_functions:preDebugBuild UP-TO-DATE
> Task :react-native-firebase_functions:writeDebugAarMetadata UP-TO-DATE
> Task :react-native-gesture-handler:generateCodegenSchemaFromJavaScript UP-TO-DATE
> Task :react-native-gesture-handler:generateCodegenArtifactsFromSchema UP-TO-DATE
> Task :react-native-gesture-handler:preBuild UP-TO-DATE
> Task :react-native-gesture-handler:preDebugBuild UP-TO-DATE
> Task :react-native-gesture-handler:writeDebugAarMetadata UP-TO-DATE
> Task :react-native-google-mobile-ads:generateCodegenSchemaFromJavaScript UP-TO-DATE
> Task :react-native-google-mobile-ads:generateCodegenArtifactsFromSchema UP-TO-DATE
> Task :react-native-google-mobile-ads:preBuild UP-TO-DATE
> Task :react-native-google-mobile-ads:preDebugBuild UP-TO-DATE
> Task :react-native-google-mobile-ads:writeDebugAarMetadata UP-TO-DATE
> Task :react-native-google-signin_google-signin:generateCodegenSchemaFromJavaScript UP-TO-DATE
> Task :react-native-google-signin_google-signin:generateCodegenArtifactsFromSchema UP-TO-DATE
> Task :react-native-google-signin_google-signin:preBuild UP-TO-DATE
> Task :react-native-google-signin_google-signin:preDebugBuild UP-TO-DATE
> Task :react-native-google-signin_google-signin:writeDebugAarMetadata UP-TO-DATE
> Task :react-native-picker_picker:generateCodegenSchemaFromJavaScript UP-TO-DATE
> Task :react-native-picker_picker:generateCodegenArtifactsFromSchema UP-TO-DATE
> Task :react-native-picker_picker:preBuild UP-TO-DATE
> Task :react-native-picker_picker:preDebugBuild UP-TO-DATE
> Task :react-native-picker_picker:writeDebugAarMetadata UP-TO-DATE
> Task :react-native-reanimated:assertMinimalReactNativeVersionTask SKIPPED
> Task :react-native-reanimated:generateCodegenSchemaFromJavaScript UP-TO-DATE
> Task :react-native-reanimated:generateCodegenArtifactsFromSchema UP-TO-DATE
> Task :react-native-reanimated:prepareReanimatedHeadersForPrefabs UP-TO-DATE
> Task :react-native-reanimated:prepareWorkletsHeadersForPrefabs UP-TO-DATE
> Task :react-native-reanimated:preBuild UP-TO-DATE
> Task :react-native-reanimated:preDebugBuild UP-TO-DATE
> Task :react-native-reanimated:writeDebugAarMetadata UP-TO-DATE
> Task :react-native-safe-area-context:generateCodegenSchemaFromJavaScript UP-TO-DATE
> Task :react-native-safe-area-context:generateCodegenArtifactsFromSchema UP-TO-DATE
> Task :react-native-safe-area-context:preBuild UP-TO-DATE
> Task :react-native-safe-area-context:preDebugBuild UP-TO-DATE
> Task :react-native-safe-area-context:writeDebugAarMetadata UP-TO-DATE
> Task :react-native-screens:generateCodegenSchemaFromJavaScript UP-TO-DATE
> Task :react-native-screens:generateCodegenArtifactsFromSchema UP-TO-DATE
> Task :react-native-screens:preBuild UP-TO-DATE
> Task :react-native-screens:preDebugBuild UP-TO-DATE
> Task :react-native-screens:writeDebugAarMetadata UP-TO-DATE
> Task :react-native-vector-icons:generateCodegenSchemaFromJavaScript UP-TO-DATE
> Task :react-native-vector-icons:generateCodegenArtifactsFromSchema UP-TO-DATE
> Task :react-native-vector-icons:preBuild UP-TO-DATE
> Task :react-native-vector-icons:preDebugBuild UP-TO-DATE
> Task :react-native-vector-icons:writeDebugAarMetadata UP-TO-DATE
> Task :react-native-video:preBuild UP-TO-DATE
> Task :react-native-video:preDebugBuild UP-TO-DATE
> Task :react-native-video:writeDebugAarMetadata UP-TO-DATE
> Task :react-native-webview:generateCodegenSchemaFromJavaScript UP-TO-DATE
> Task :react-native-webview:generateCodegenArtifactsFromSchema UP-TO-DATE
> Task :react-native-webview:preBuild UP-TO-DATE
> Task :react-native-webview:preDebugBuild UP-TO-DATE
> Task :react-native-webview:writeDebugAarMetadata UP-TO-DATE
> Task :app:checkDebugAarMetadata UP-TO-DATE
> Task :app:generateDebugResValues UP-TO-DATE
> Task :app:injectCrashlyticsMappingFileIdDebug UP-TO-DATE
> Task :app:processDebugGoogleServices UP-TO-DATE
> Task :react-native-async-storage_async-storage:generateDebugResValues UP-TO-DATE
> Task :react-native-async-storage_async-storage:generateDebugResources UP-TO-DATE
> Task :react-native-async-storage_async-storage:packageDebugResources UP-TO-DATE
> Task :react-native-community_slider:generateDebugResValues UP-TO-DATE
> Task :react-native-community_slider:generateDebugResources UP-TO-DATE
> Task :react-native-community_slider:packageDebugResources UP-TO-DATE
> Task :react-native-device-info:generateDebugResValues UP-TO-DATE
> Task :react-native-device-info:generateDebugResources UP-TO-DATE
> Task :react-native-device-info:packageDebugResources UP-TO-DATE
> Task :react-native-fast-image:generateDebugResValues UP-TO-DATE
> Task :react-native-fast-image:generateDebugResources UP-TO-DATE
> Task :react-native-fast-image:packageDebugResources UP-TO-DATE
> Task :react-native-firebase_analytics:generateDebugResValues UP-TO-DATE
> Task :react-native-firebase_analytics:generateDebugResources UP-TO-DATE
> Task :react-native-firebase_analytics:packageDebugResources UP-TO-DATE
> Task :react-native-firebase_app:generateDebugResValues UP-TO-DATE
> Task :react-native-firebase_app:generateDebugResources UP-TO-DATE
> Task :react-native-firebase_app:packageDebugResources UP-TO-DATE
> Task :react-native-firebase_auth:generateDebugResValues UP-TO-DATE
> Task :react-native-firebase_auth:generateDebugResources UP-TO-DATE
> Task :react-native-firebase_auth:packageDebugResources UP-TO-DATE
> Task :react-native-firebase_crashlytics:generateDebugResValues UP-TO-DATE
> Task :react-native-firebase_crashlytics:generateDebugResources UP-TO-DATE
> Task :react-native-firebase_crashlytics:packageDebugResources UP-TO-DATE
> Task :react-native-firebase_firestore:generateDebugResValues UP-TO-DATE
> Task :react-native-firebase_firestore:generateDebugResources UP-TO-DATE
> Task :react-native-firebase_firestore:packageDebugResources UP-TO-DATE
> Task :react-native-firebase_functions:generateDebugResValues UP-TO-DATE
> Task :react-native-firebase_functions:generateDebugResources UP-TO-DATE
> Task :react-native-firebase_functions:packageDebugResources UP-TO-DATE
> Task :react-native-gesture-handler:generateDebugResValues UP-TO-DATE
> Task :react-native-gesture-handler:generateDebugResources UP-TO-DATE
> Task :react-native-gesture-handler:packageDebugResources UP-TO-DATE
> Task :react-native-google-mobile-ads:generateDebugResValues UP-TO-DATE
> Task :react-native-google-mobile-ads:generateDebugResources UP-TO-DATE
> Task :react-native-google-mobile-ads:packageDebugResources UP-TO-DATE
> Task :react-native-google-signin_google-signin:generateDebugResValues UP-TO-DATE
> Task :react-native-google-signin_google-signin:generateDebugResources UP-TO-DATE
> Task :react-native-google-signin_google-signin:packageDebugResources UP-TO-DATE
> Task :react-native-picker_picker:generateDebugResValues UP-TO-DATE
> Task :react-native-picker_picker:generateDebugResources UP-TO-DATE
> Task :react-native-picker_picker:packageDebugResources UP-TO-DATE
> Task :react-native-reanimated:generateDebugResValues UP-TO-DATE
> Task :react-native-reanimated:generateDebugResources UP-TO-DATE
> Task :react-native-reanimated:packageDebugResources UP-TO-DATE
> Task :react-native-safe-area-context:generateDebugResValues UP-TO-DATE
> Task :react-native-safe-area-context:generateDebugResources UP-TO-DATE
> Task :react-native-safe-area-context:packageDebugResources UP-TO-DATE
> Task :react-native-screens:generateDebugResValues UP-TO-DATE
> Task :react-native-screens:generateDebugResources UP-TO-DATE
> Task :react-native-screens:packageDebugResources UP-TO-DATE
> Task :react-native-vector-icons:generateDebugResValues UP-TO-DATE
> Task :react-native-vector-icons:generateDebugResources UP-TO-DATE
> Task :react-native-vector-icons:packageDebugResources UP-TO-DATE
> Task :react-native-video:generateDebugResValues UP-TO-DATE
> Task :react-native-video:generateDebugResources UP-TO-DATE
> Task :react-native-video:packageDebugResources UP-TO-DATE
> Task :react-native-webview:generateDebugResValues UP-TO-DATE
> Task :react-native-webview:generateDebugResources UP-TO-DATE
> Task :react-native-webview:packageDebugResources UP-TO-DATE
> Task :app:mapDebugSourceSetPaths UP-TO-DATE
> Task :app:generateDebugResources UP-TO-DATE
> Task :app:mergeDebugResources UP-TO-DATE
> Task :app:packageDebugResources UP-TO-DATE
> Task :app:parseDebugLocalResources UP-TO-DATE
> Task :app:createDebugCompatibleScreenManifests UP-TO-DATE
> Task :app:extractDeepLinksDebug UP-TO-DATE
> Task :react-native-async-storage_async-storage:extractDeepLinksDebug UP-TO-DATE
> Task :react-native-async-storage_async-storage:processDebugManifest UP-TO-DATE
> Task :react-native-community_slider:extractDeepLinksDebug UP-TO-DATE
> Task :react-native-community_slider:processDebugManifest UP-TO-DATE
> Task :react-native-device-info:extractDeepLinksDebug UP-TO-DATE
> Task :react-native-device-info:processDebugManifest UP-TO-DATE
> Task :react-native-fast-image:extractDeepLinksDebug UP-TO-DATE
> Task :react-native-fast-image:processDebugManifest UP-TO-DATE
> Task :react-native-firebase_analytics:extractDeepLinksDebug UP-TO-DATE
> Task :react-native-firebase_analytics:processDebugManifest UP-TO-DATE
> Task :react-native-firebase_app:extractDeepLinksDebug UP-TO-DATE
> Task :react-native-firebase_app:processDebugManifest UP-TO-DATE
> Task :react-native-firebase_auth:extractDeepLinksDebug UP-TO-DATE
> Task :react-native-firebase_auth:processDebugManifest UP-TO-DATE
> Task :react-native-firebase_crashlytics:extractDeepLinksDebug UP-TO-DATE
> Task :react-native-firebase_crashlytics:processDebugManifest UP-TO-DATE
> Task :react-native-firebase_firestore:extractDeepLinksDebug UP-TO-DATE
> Task :react-native-firebase_firestore:processDebugManifest UP-TO-DATE
> Task :react-native-firebase_functions:extractDeepLinksDebug UP-TO-DATE
> Task :react-native-firebase_functions:processDebugManifest UP-TO-DATE
> Task :react-native-gesture-handler:extractDeepLinksDebug UP-TO-DATE
> Task :react-native-gesture-handler:processDebugManifest UP-TO-DATE
> Task :react-native-google-mobile-ads:extractDeepLinksDebug UP-TO-DATE
> Task :react-native-google-mobile-ads:processDebugManifest UP-TO-DATE
> Task :react-native-google-signin_google-signin:extractDeepLinksDebug UP-TO-DATE
> Task :react-native-google-signin_google-signin:processDebugManifest UP-TO-DATE
> Task :react-native-picker_picker:extractDeepLinksDebug UP-TO-DATE
> Task :react-native-picker_picker:processDebugManifest UP-TO-DATE
> Task :react-native-reanimated:extractDeepLinksDebug UP-TO-DATE
> Task :react-native-reanimated:processDebugManifest UP-TO-DATE
> Task :react-native-safe-area-context:extractDeepLinksDebug UP-TO-DATE
> Task :react-native-safe-area-context:processDebugManifest UP-TO-DATE
> Task :react-native-screens:extractDeepLinksDebug UP-TO-DATE
> Task :react-native-screens:processDebugManifest UP-TO-DATE
> Task :react-native-vector-icons:extractDeepLinksDebug UP-TO-DATE
> Task :react-native-vector-icons:processDebugManifest UP-TO-DATE
> Task :react-native-video:extractDeepLinksDebug UP-TO-DATE
> Task :react-native-video:processDebugManifest UP-TO-DATE
> Task :react-native-webview:extractDeepLinksDebug UP-TO-DATE
> Task :react-native-webview:processDebugManifest UP-TO-DATE
> Task :app:processDebugMainManifest UP-TO-DATE
> Task :app:processDebugManifest UP-TO-DATE
> Task :app:processDebugManifestForPackage UP-TO-DATE
> Task :react-native-async-storage_async-storage:compileDebugLibraryResources UP-TO-DATE
> Task :react-native-async-storage_async-storage:parseDebugLocalResources UP-TO-DATE
> Task :react-native-async-storage_async-storage:generateDebugRFile UP-TO-DATE
> Task :react-native-community_slider:compileDebugLibraryResources UP-TO-DATE
> Task :react-native-community_slider:parseDebugLocalResources UP-TO-DATE
> Task :react-native-community_slider:generateDebugRFile UP-TO-DATE
> Task :react-native-device-info:compileDebugLibraryResources UP-TO-DATE
> Task :react-native-device-info:parseDebugLocalResources UP-TO-DATE
> Task :react-native-device-info:generateDebugRFile UP-TO-DATE
> Task :react-native-fast-image:compileDebugLibraryResources UP-TO-DATE
> Task :react-native-fast-image:parseDebugLocalResources UP-TO-DATE
> Task :react-native-fast-image:generateDebugRFile UP-TO-DATE
> Task :react-native-firebase_analytics:compileDebugLibraryResources UP-TO-DATE
> Task :react-native-firebase_analytics:parseDebugLocalResources UP-TO-DATE
> Task :react-native-firebase_analytics:generateDebugRFile UP-TO-DATE
> Task :react-native-firebase_app:compileDebugLibraryResources UP-TO-DATE
> Task :react-native-firebase_app:parseDebugLocalResources UP-TO-DATE
> Task :react-native-firebase_app:generateDebugRFile UP-TO-DATE
> Task :react-native-firebase_auth:compileDebugLibraryResources UP-TO-DATE
> Task :react-native-firebase_auth:parseDebugLocalResources UP-TO-DATE
> Task :react-native-firebase_auth:generateDebugRFile UP-TO-DATE
> Task :react-native-firebase_crashlytics:compileDebugLibraryResources UP-TO-DATE
> Task :react-native-firebase_crashlytics:parseDebugLocalResources UP-TO-DATE
> Task :react-native-firebase_crashlytics:generateDebugRFile UP-TO-DATE
> Task :react-native-firebase_firestore:compileDebugLibraryResources UP-TO-DATE
> Task :react-native-firebase_firestore:parseDebugLocalResources UP-TO-DATE
> Task :react-native-firebase_firestore:generateDebugRFile UP-TO-DATE
> Task :react-native-firebase_functions:compileDebugLibraryResources UP-TO-DATE
> Task :react-native-firebase_functions:parseDebugLocalResources UP-TO-DATE
> Task :react-native-firebase_functions:generateDebugRFile UP-TO-DATE
> Task :react-native-gesture-handler:compileDebugLibraryResources UP-TO-DATE
> Task :react-native-gesture-handler:parseDebugLocalResources UP-TO-DATE
> Task :react-native-gesture-handler:generateDebugRFile UP-TO-DATE
> Task :react-native-google-mobile-ads:compileDebugLibraryResources UP-TO-DATE
> Task :react-native-google-mobile-ads:parseDebugLocalResources UP-TO-DATE
> Task :react-native-google-mobile-ads:generateDebugRFile UP-TO-DATE
> Task :react-native-google-signin_google-signin:compileDebugLibraryResources UP-TO-DATE
> Task :react-native-google-signin_google-signin:parseDebugLocalResources UP-TO-DATE
> Task :react-native-google-signin_google-signin:generateDebugRFile UP-TO-DATE
> Task :react-native-picker_picker:compileDebugLibraryResources UP-TO-DATE
> Task :react-native-picker_picker:parseDebugLocalResources UP-TO-DATE
> Task :react-native-picker_picker:generateDebugRFile UP-TO-DATE
> Task :react-native-reanimated:compileDebugLibraryResources UP-TO-DATE
> Task :react-native-reanimated:parseDebugLocalResources UP-TO-DATE
> Task :react-native-reanimated:generateDebugRFile UP-TO-DATE
> Task :react-native-safe-area-context:compileDebugLibraryResources UP-TO-DATE
> Task :react-native-safe-area-context:parseDebugLocalResources UP-TO-DATE
> Task :react-native-safe-area-context:generateDebugRFile UP-TO-DATE
> Task :react-native-screens:compileDebugLibraryResources UP-TO-DATE
> Task :react-native-screens:parseDebugLocalResources UP-TO-DATE
> Task :react-native-screens:generateDebugRFile UP-TO-DATE
> Task :react-native-vector-icons:compileDebugLibraryResources UP-TO-DATE
> Task :react-native-vector-icons:parseDebugLocalResources UP-TO-DATE
> Task :react-native-vector-icons:generateDebugRFile UP-TO-DATE
> Task :react-native-video:compileDebugLibraryResources UP-TO-DATE
> Task :react-native-video:parseDebugLocalResources UP-TO-DATE
> Task :react-native-video:generateDebugRFile UP-TO-DATE
> Task :react-native-webview:compileDebugLibraryResources UP-TO-DATE
> Task :react-native-webview:parseDebugLocalResources UP-TO-DATE
> Task :react-native-webview:generateDebugRFile UP-TO-DATE
> Task :app:processDebugResources UP-TO-DATE
> Task :react-native-async-storage_async-storage:generateDebugBuildConfig UP-TO-DATE
> Task :react-native-async-storage_async-storage:javaPreCompileDebug UP-TO-DATE
> Task :react-native-async-storage_async-storage:compileDebugJavaWithJavac UP-TO-DATE
> Task :react-native-async-storage_async-storage:bundleLibCompileToJarDebug UP-TO-DATE
> Task :react-native-community_slider:generateDebugBuildConfig UP-TO-DATE
> Task :react-native-community_slider:javaPreCompileDebug UP-TO-DATE
> Task :react-native-community_slider:compileDebugJavaWithJavac UP-TO-DATE
> Task :react-native-community_slider:bundleLibCompileToJarDebug UP-TO-DATE
> Task :react-native-device-info:generateDebugBuildConfig UP-TO-DATE
> Task :react-native-device-info:javaPreCompileDebug UP-TO-DATE
> Task :react-native-device-info:compileDebugJavaWithJavac UP-TO-DATE
> Task :react-native-device-info:bundleLibCompileToJarDebug UP-TO-DATE
> Task :react-native-fast-image:generateDebugBuildConfig UP-TO-DATE
> Task :react-native-fast-image:javaPreCompileDebug UP-TO-DATE
> Task :react-native-fast-image:compileDebugJavaWithJavac UP-TO-DATE
> Task :react-native-fast-image:bundleLibCompileToJarDebug UP-TO-DATE
> Task :react-native-firebase_analytics:generateDebugBuildConfig UP-TO-DATE
> Task :react-native-firebase_analytics:javaPreCompileDebug UP-TO-DATE
> Task :react-native-firebase_app:generateDebugBuildConfig UP-TO-DATE
> Task :react-native-firebase_app:javaPreCompileDebug UP-TO-DATE
> Task :react-native-firebase_app:compileDebugJavaWithJavac UP-TO-DATE
> Task :react-native-firebase_app:bundleLibCompileToJarDebug UP-TO-DATE
> Task :react-native-firebase_analytics:compileDebugJavaWithJavac UP-TO-DATE
> Task :react-native-firebase_analytics:bundleLibCompileToJarDebug UP-TO-DATE
> Task :react-native-firebase_auth:generateDebugBuildConfig UP-TO-DATE
> Task :react-native-firebase_auth:javaPreCompileDebug UP-TO-DATE
> Task :react-native-firebase_auth:compileDebugJavaWithJavac UP-TO-DATE
> Task :react-native-firebase_auth:bundleLibCompileToJarDebug UP-TO-DATE
> Task :react-native-firebase_crashlytics:generateDebugBuildConfig UP-TO-DATE
> Task :react-native-firebase_crashlytics:javaPreCompileDebug UP-TO-DATE
> Task :react-native-firebase_crashlytics:compileDebugJavaWithJavac UP-TO-DATE
> Task :react-native-firebase_crashlytics:bundleLibCompileToJarDebug UP-TO-DATE
> Task :react-native-firebase_firestore:generateDebugBuildConfig UP-TO-DATE
> Task :react-native-firebase_firestore:javaPreCompileDebug UP-TO-DATE
> Task :react-native-firebase_firestore:compileDebugJavaWithJavac UP-TO-DATE
> Task :react-native-firebase_firestore:bundleLibCompileToJarDebug UP-TO-DATE
> Task :react-native-firebase_functions:generateDebugBuildConfig UP-TO-DATE
> Task :react-native-firebase_functions:javaPreCompileDebug UP-TO-DATE
> Task :react-native-firebase_functions:compileDebugJavaWithJavac UP-TO-DATE
> Task :react-native-firebase_functions:bundleLibCompileToJarDebug UP-TO-DATE
> Task :react-native-gesture-handler:checkKotlinGradlePluginConfigurationErrors
> Task :react-native-gesture-handler:generateDebugBuildConfig UP-TO-DATE
> Task :react-native-reanimated:generateDebugBuildConfig UP-TO-DATE
> Task :react-native-reanimated:javaPreCompileDebug UP-TO-DATE
> Task :react-native-reanimated:packageNdkLibs NO-SOURCE
> Task :react-native-reanimated:compileDebugJavaWithJavac UP-TO-DATE
> Task :react-native-reanimated:bundleLibCompileToJarDebug UP-TO-DATE
> Task :react-native-gesture-handler:javaPreCompileDebug UP-TO-DATE
> Task :react-native-google-mobile-ads:checkKotlinGradlePluginConfigurationErrors
> Task :react-native-google-mobile-ads:generateDebugBuildConfig UP-TO-DATE
> Task :react-native-google-mobile-ads:compileDebugKotlin UP-TO-DATE
> Task :react-native-google-mobile-ads:javaPreCompileDebug UP-TO-DATE
> Task :react-native-google-mobile-ads:compileDebugJavaWithJavac UP-TO-DATE
> Task :react-native-google-mobile-ads:bundleLibCompileToJarDebug UP-TO-DATE
> Task :react-native-google-signin_google-signin:checkKotlinGradlePluginConfigurationErrors
> Task :react-native-google-signin_google-signin:generateDebugBuildConfig UP-TO-DATE
> Task :react-native-google-signin_google-signin:compileDebugKotlin UP-TO-DATE
> Task :react-native-google-signin_google-signin:javaPreCompileDebug UP-TO-DATE
> Task :react-native-google-signin_google-signin:compileDebugJavaWithJavac UP-TO-DATE
> Task :react-native-google-signin_google-signin:bundleLibCompileToJarDebug UP-TO-DATE
> Task :react-native-picker_picker:generateDebugBuildConfig UP-TO-DATE
> Task :react-native-picker_picker:javaPreCompileDebug UP-TO-DATE
> Task :react-native-picker_picker:compileDebugJavaWithJavac UP-TO-DATE
> Task :react-native-picker_picker:bundleLibCompileToJarDebug UP-TO-DATE
> Task :react-native-safe-area-context:checkKotlinGradlePluginConfigurationErrors
> Task :react-native-safe-area-context:generateDebugBuildConfig UP-TO-DATE
> Task :react-native-safe-area-context:javaPreCompileDebug UP-TO-DATE
> Task :react-native-screens:checkKotlinGradlePluginConfigurationErrors
> Task :react-native-screens:generateDebugBuildConfig UP-TO-DATE
> Task :react-native-screens:compileDebugKotlin UP-TO-DATE
> Task :react-native-screens:javaPreCompileDebug UP-TO-DATE
> Task :react-native-screens:compileDebugJavaWithJavac
> Task :react-native-screens:bundleLibCompileToJarDebug UP-TO-DATE
> Task :react-native-vector-icons:generateDebugBuildConfig UP-TO-DATE
> Task :react-native-vector-icons:javaPreCompileDebug UP-TO-DATE
> Task :react-native-vector-icons:compileDebugJavaWithJavac UP-TO-DATE
> Task :react-native-vector-icons:bundleLibCompileToJarDebug UP-TO-DATE
> Task :react-native-video:checkKotlinGradlePluginConfigurationErrors
> Task :react-native-video:generateDebugBuildConfig UP-TO-DATE
> Task :react-native-video:compileDebugKotlin UP-TO-DATE
> Task :react-native-video:javaPreCompileDebug UP-TO-DATE

> Task :react-native-video:compileDebugJavaWithJavac
Note: Some input files use or override a deprecated API.
Note: Recompile with -Xlint:deprecation for details.
Note: /Users/wilson.shakya/Documents/GitHub/AppVerse/Elevate/node_modules/react-native-video/android/src/main/java/com/brentvatne/exoplayer/ReactExoplayerView.java uses unchecked or unsafe operations.
Note: Recompile with -Xlint:unchecked for details.

> Task :react-native-video:bundleLibCompileToJarDebug UP-TO-DATE
> Task :react-native-webview:checkKotlinGradlePluginConfigurationErrors
> Task :react-native-webview:generateDebugBuildConfig UP-TO-DATE

> Task :react-native-safe-area-context:compileDebugKotlin FAILED
e: Incompatible classes were found in dependencies. Remove them from the classpath or use '-Xskip-metadata-version-check' to suppress errors
e: file:///Users/wilson.shakya/.gradle/caches/modules-2/files-2.1/org.jetbrains.kotlin/kotlin-stdlib/2.1.0/85f8b81009cda5890e54ba67d64b5e599c645020/kotlin-stdlib-2.1.0.jar!/META-INF/kotlin-stdlib-jdk7.kotlin_moduleModule was compiled with an incompatible version of Kotlin. The binary version of its metadata is 2.1.0, expected version is 1.9.0.
e: file:///Users/wilson.shakya/.gradle/caches/modules-2/files-2.1/org.jetbrains.kotlin/kotlin-stdlib/2.1.0/85f8b81009cda5890e54ba67d64b5e599c645020/kotlin-stdlib-2.1.0.jar!/META-INF/kotlin-stdlib-jdk8.kotlin_moduleModule was compiled with an incompatible version of Kotlin. The binary version of its metadata is 2.1.0, expected version is 1.9.0.
e: file:///Users/wilson.shakya/.gradle/caches/modules-2/files-2.1/org.jetbrains.kotlin/kotlin-stdlib/2.1.0/85f8b81009cda5890e54ba67d64b5e599c645020/kotlin-stdlib-2.1.0.jar!/META-INF/kotlin-stdlib.kotlin_moduleModule was compiled with an incompatible version of Kotlin. The binary version of its metadata is 2.1.0, expected version is 1.9.0.
e: file:///Users/wilson.shakya/Documents/GitHub/AppVerse/Elevate/node_modules/react-native-safe-area-context/android/src/main/java/com/th3rdwave/safeareacontext/SafeAreaContextModule.kt:16:12 Unresolved reference: mapOf
e: file:///Users/wilson.shakya/Documents/GitHub/AppVerse/Elevate/node_modules/react-native-safe-area-context/android/src/main/java/com/th3rdwave/safeareacontext/SafeAreaContextModule.kt:16:41 Unresolved reference: to
e: file:///Users/wilson.shakya/Documents/GitHub/AppVerse/Elevate/node_modules/react-native-safe-area-context/android/src/main/java/com/th3rdwave/safeareacontext/SafeAreaContextModule.kt:26:12 Unresolved reference: mapOf
e: file:///Users/wilson.shakya/Documents/GitHub/AppVerse/Elevate/node_modules/react-native-safe-area-context/android/src/main/java/com/th3rdwave/safeareacontext/SafeAreaContextModule.kt:26:27 Unresolved reference: to
e: file:///Users/wilson.shakya/Documents/GitHub/AppVerse/Elevate/node_modules/react-native-safe-area-context/android/src/main/java/com/th3rdwave/safeareacontext/SafeAreaContextModule.kt:26:67 Unresolved reference: to
e: file:///Users/wilson.shakya/Documents/GitHub/AppVerse/Elevate/node_modules/react-native-safe-area-context/android/src/main/java/com/th3rdwave/safeareacontext/SafeAreaContextPackage.kt:22:92 Unresolved reference: java
e: file:///Users/wilson.shakya/Documents/GitHub/AppVerse/Elevate/node_modules/react-native-safe-area-context/android/src/main/java/com/th3rdwave/safeareacontext/SafeAreaContextPackage.kt:23:67 Unresolved reference: HashMap
e: file:///Users/wilson.shakya/Documents/GitHub/AppVerse/Elevate/node_modules/react-native-safe-area-context/android/src/main/java/com/th3rdwave/safeareacontext/SafeAreaContextPackage.kt:25:70 Unresolved reference: java
e: file:///Users/wilson.shakya/Documents/GitHub/AppVerse/Elevate/node_modules/react-native-safe-area-context/android/src/main/java/com/th3rdwave/safeareacontext/SafeAreaContextPackage.kt:26:25 Unresolved reference: reactModuleInfoMap[reactModule.name]
e: file:///Users/wilson.shakya/Documents/GitHub/AppVerse/Elevate/node_modules/react-native-safe-area-context/android/src/main/java/com/th3rdwave/safeareacontext/SafeAreaContextPackage.kt:26:25 No set method providing array access
e: file:///Users/wilson.shakya/Documents/GitHub/AppVerse/Elevate/node_modules/react-native-safe-area-context/android/src/main/java/com/th3rdwave/safeareacontext/SafeAreaContextPackage.kt:26:38 Unresolved reference: name
e: file:///Users/wilson.shakya/Documents/GitHub/AppVerse/Elevate/node_modules/react-native-safe-area-context/android/src/main/java/com/th3rdwave/safeareacontext/SafeAreaContextPackage.kt:28:27 Unresolved reference: name
e: file:///Users/wilson.shakya/Documents/GitHub/AppVerse/Elevate/node_modules/react-native-safe-area-context/android/src/main/java/com/th3rdwave/safeareacontext/SafeAreaContextPackage.kt:31:27 Unresolved reference: needsEagerInit
e: file:///Users/wilson.shakya/Documents/GitHub/AppVerse/Elevate/node_modules/react-native-safe-area-context/android/src/main/java/com/th3rdwave/safeareacontext/SafeAreaContextPackage.kt:33:27 Unresolved reference: hasConstants
e: file:///Users/wilson.shakya/Documents/GitHub/AppVerse/Elevate/node_modules/react-native-safe-area-context/android/src/main/java/com/th3rdwave/safeareacontext/SafeAreaContextPackage.kt:34:27 Unresolved reference: isCxxModule
e: file:///Users/wilson.shakya/Documents/GitHub/AppVerse/Elevate/node_modules/react-native-safe-area-context/android/src/main/java/com/th3rdwave/safeareacontext/SafeAreaContextPackage.kt:41:12 Unresolved reference: listOf
e: file:///Users/wilson.shakya/Documents/GitHub/AppVerse/Elevate/node_modules/react-native-safe-area-context/android/src/main/java/com/th3rdwave/safeareacontext/SafeAreaProvider.kt:8:96 Class 'kotlin.Unit' was compiled with an incompatible version of Kotlin. The actual metadata version is 2.1.0, but the compiler version 1.9.0 can read versions up to 2.0.0.
The class is loaded from /Users/wilson.shakya/.gradle/caches/modules-2/files-2.1/org.jetbrains.kotlin/kotlin-stdlib/2.1.0/85f8b81009cda5890e54ba67d64b5e599c645020/kotlin-stdlib-2.1.0.jar!/kotlin/Unit.class
e: file:///Users/wilson.shakya/Documents/GitHub/AppVerse/Elevate/node_modules/react-native-safe-area-context/android/src/main/java/com/th3rdwave/safeareacontext/SafeAreaProvider.kt:21:7 Class 'kotlin.Unit' was compiled with an incompatible version of Kotlin. The actual metadata version is 2.1.0, but the compiler version 1.9.0 can read versions up to 2.0.0.
The class is loaded from /Users/wilson.shakya/.gradle/caches/modules-2/files-2.1/org.jetbrains.kotlin/kotlin-stdlib/2.1.0/85f8b81009cda5890e54ba67d64b5e599c645020/kotlin-stdlib-2.1.0.jar!/kotlin/Unit.class
e: file:///Users/wilson.shakya/Documents/GitHub/AppVerse/Elevate/node_modules/react-native-safe-area-context/android/src/main/java/com/th3rdwave/safeareacontext/SafeAreaProvider.kt:22:7 Class 'kotlin.Unit' was compiled with an incompatible version of Kotlin. The actual metadata version is 2.1.0, but the compiler version 1.9.0 can read versions up to 2.0.0.
The class is loaded from /Users/wilson.shakya/.gradle/caches/modules-2/files-2.1/org.jetbrains.kotlin/kotlin-stdlib/2.1.0/85f8b81009cda5890e54ba67d64b5e599c645020/kotlin-stdlib-2.1.0.jar!/kotlin/Unit.class
e: file:///Users/wilson.shakya/Documents/GitHub/AppVerse/Elevate/node_modules/react-native-safe-area-context/android/src/main/java/com/th3rdwave/safeareacontext/SafeAreaProvider.kt:23:7 Class 'kotlin.Unit' was compiled with an incompatible version of Kotlin. The actual metadata version is 2.1.0, but the compiler version 1.9.0 can read versions up to 2.0.0.
The class is loaded from /Users/wilson.shakya/.gradle/caches/modules-2/files-2.1/org.jetbrains.kotlin/kotlin-stdlib/2.1.0/85f8b81009cda5890e54ba67d64b5e599c645020/kotlin-stdlib-2.1.0.jar!/kotlin/Unit.class
e: file:///Users/wilson.shakya/Documents/GitHub/AppVerse/Elevate/node_modules/react-native-safe-area-context/android/src/main/java/com/th3rdwave/safeareacontext/SafeAreaProvider.kt:28:11 Class 'kotlin.Unit' was compiled with an incompatible version of Kotlin. The actual metadata version is 2.1.0, but the compiler version 1.9.0 can read versions up to 2.0.0.
The class is loaded from /Users/wilson.shakya/.gradle/caches/modules-2/files-2.1/org.jetbrains.kotlin/kotlin-stdlib/2.1.0/85f8b81009cda5890e54ba67d64b5e599c645020/kotlin-stdlib-2.1.0.jar!/kotlin/Unit.class
e: file:///Users/wilson.shakya/Documents/GitHub/AppVerse/Elevate/node_modules/react-native-safe-area-context/android/src/main/java/com/th3rdwave/safeareacontext/SafeAreaProvider.kt:29:22 Class 'kotlin.Unit' was compiled with an incompatible version of Kotlin. The actual metadata version is 2.1.0, but the compiler version 1.9.0 can read versions up to 2.0.0.
The class is loaded from /Users/wilson.shakya/.gradle/caches/modules-2/files-2.1/org.jetbrains.kotlin/kotlin-stdlib/2.1.0/85f8b81009cda5890e54ba67d64b5e599c645020/kotlin-stdlib-2.1.0.jar!/kotlin/Unit.class
e: file:///Users/wilson.shakya/Documents/GitHub/AppVerse/Elevate/node_modules/react-native-safe-area-context/android/src/main/java/com/th3rdwave/safeareacontext/SafeAreaProvider.kt:30:5 Class 'kotlin.Unit' was compiled with an incompatible version of Kotlin. The actual metadata version is 2.1.0, but the compiler version 1.9.0 can read versions up to 2.0.0.
The class is loaded from /Users/wilson.shakya/.gradle/caches/modules-2/files-2.1/org.jetbrains.kotlin/kotlin-stdlib/2.1.0/85f8b81009cda5890e54ba67d64b5e599c645020/kotlin-stdlib-2.1.0.jar!/kotlin/Unit.class
e: file:///Users/wilson.shakya/Documents/GitHub/AppVerse/Elevate/node_modules/react-native-safe-area-context/android/src/main/java/com/th3rdwave/safeareacontext/SafeAreaProvider.kt:34:11 Class 'kotlin.Unit' was compiled with an incompatible version of Kotlin. The actual metadata version is 2.1.0, but the compiler version 1.9.0 can read versions up to 2.0.0.
The class is loaded from /Users/wilson.shakya/.gradle/caches/modules-2/files-2.1/org.jetbrains.kotlin/kotlin-stdlib/2.1.0/85f8b81009cda5890e54ba67d64b5e599c645020/kotlin-stdlib-2.1.0.jar!/kotlin/Unit.class
e: file:///Users/wilson.shakya/Documents/GitHub/AppVerse/Elevate/node_modules/react-native-safe-area-context/android/src/main/java/com/th3rdwave/safeareacontext/SafeAreaProvider.kt:35:22 Class 'kotlin.Unit' was compiled with an incompatible version of Kotlin. The actual metadata version is 2.1.0, but the compiler version 1.9.0 can read versions up to 2.0.0.
The class is loaded from /Users/wilson.shakya/.gradle/caches/modules-2/files-2.1/org.jetbrains.kotlin/kotlin-stdlib/2.1.0/85f8b81009cda5890e54ba67d64b5e599c645020/kotlin-stdlib-2.1.0.jar!/kotlin/Unit.class
e: file:///Users/wilson.shakya/Documents/GitHub/AppVerse/Elevate/node_modules/react-native-safe-area-context/android/src/main/java/com/th3rdwave/safeareacontext/SafeAreaProvider.kt:39:5 Class 'kotlin.Unit' was compiled with an incompatible version of Kotlin. The actual metadata version is 2.1.0, but the compiler version 1.9.0 can read versions up to 2.0.0.
The class is loaded from /Users/wilson.shakya/.gradle/caches/modules-2/files-2.1/org.jetbrains.kotlin/kotlin-stdlib/2.1.0/85f8b81009cda5890e54ba67d64b5e599c645020/kotlin-stdlib-2.1.0.jar!/kotlin/Unit.class
e: file:///Users/wilson.shakya/Documents/GitHub/AppVerse/Elevate/node_modules/react-native-safe-area-context/android/src/main/java/com/th3rdwave/safeareacontext/SafeAreaProvider.kt:44:5 Class 'kotlin.Unit' was compiled with an incompatible version of Kotlin. The actual metadata version is 2.1.0, but the compiler version 1.9.0 can read versions up to 2.0.0.
The class is loaded from /Users/wilson.shakya/.gradle/caches/modules-2/files-2.1/org.jetbrains.kotlin/kotlin-stdlib/2.1.0/85f8b81009cda5890e54ba67d64b5e599c645020/kotlin-stdlib-2.1.0.jar!/kotlin/Unit.class
e: file:///Users/wilson.shakya/Documents/GitHub/AppVerse/Elevate/node_modules/react-native-safe-area-context/android/src/main/java/com/th3rdwave/safeareacontext/SafeAreaProvider.kt:45:5 Class 'kotlin.Unit' was compiled with an incompatible version of Kotlin. The actual metadata version is 2.1.0, but the compiler version 1.9.0 can read versions up to 2.0.0.
The class is loaded from /Users/wilson.shakya/.gradle/caches/modules-2/files-2.1/org.jetbrains.kotlin/kotlin-stdlib/2.1.0/85f8b81009cda5890e54ba67d64b5e599c645020/kotlin-stdlib-2.1.0.jar!/kotlin/Unit.class
e: file:///Users/wilson.shakya/Documents/GitHub/AppVerse/Elevate/node_modules/react-native-safe-area-context/android/src/main/java/com/th3rdwave/safeareacontext/SafeAreaProviderManager.kt:23:7 Unresolved reference: mutableMapOf
e: file:///Users/wilson.shakya/Documents/GitHub/AppVerse/Elevate/node_modules/react-native-safe-area-context/android/src/main/java/com/th3rdwave/safeareacontext/SafeAreaProviderManager.kt:24:40 Unresolved reference: to
e: file:///Users/wilson.shakya/Documents/GitHub/AppVerse/Elevate/node_modules/react-native-safe-area-context/android/src/main/java/com/th3rdwave/safeareacontext/SafeAreaProviderManager.kt:24:43 Unresolved reference: mutableMapOf
e: file:///Users/wilson.shakya/Documents/GitHub/AppVerse/Elevate/node_modules/react-native-safe-area-context/android/src/main/java/com/th3rdwave/safeareacontext/SafeAreaProviderManager.kt:24:75 Unresolved reference: to
e: file:///Users/wilson.shakya/Documents/GitHub/AppVerse/Elevate/node_modules/react-native-safe-area-context/android/src/main/java/com/th3rdwave/safeareacontext/SafeAreaProviderManager.kt:27:11 Class 'kotlin.Unit' was compiled with an incompatible version of Kotlin. The actual metadata version is 2.1.0, but the compiler version 1.9.0 can read versions up to 2.0.0.
The class is loaded from /Users/wilson.shakya/.gradle/caches/modules-2/files-2.1/org.jetbrains.kotlin/kotlin-stdlib/2.1.0/85f8b81009cda5890e54ba67d64b5e599c645020/kotlin-stdlib-2.1.0.jar!/kotlin/Unit.class
e: file:///Users/wilson.shakya/Documents/GitHub/AppVerse/Elevate/node_modules/react-native-safe-area-context/android/src/main/java/com/th3rdwave/safeareacontext/SafeAreaProviderManager.kt:28:10 Class 'kotlin.Unit' was compiled with an incompatible version of Kotlin. The actual metadata version is 2.1.0, but the compiler version 1.9.0 can read versions up to 2.0.0.
The class is loaded from /Users/wilson.shakya/.gradle/caches/modules-2/files-2.1/org.jetbrains.kotlin/kotlin-stdlib/2.1.0/85f8b81009cda5890e54ba67d64b5e599c645020/kotlin-stdlib-2.1.0.jar!/kotlin/Unit.class
e: file:///Users/wilson.shakya/Documents/GitHub/AppVerse/Elevate/node_modules/react-native-safe-area-context/android/src/main/java/com/th3rdwave/safeareacontext/SafeAreaProviderManager.kt:28:37 Class 'kotlin.Unit' was compiled with an incompatible version of Kotlin. The actual metadata version is 2.1.0, but the compiler version 1.9.0 can read versions up to 2.0.0.
The class is loaded from /Users/wilson.shakya/.gradle/caches/modules-2/files-2.1/org.jetbrains.kotlin/kotlin-stdlib/2.1.0/85f8b81009cda5890e54ba67d64b5e599c645020/kotlin-stdlib-2.1.0.jar!/kotlin/Unit.class
e: file:///Users/wilson.shakya/Documents/GitHub/AppVerse/Elevate/node_modules/react-native-safe-area-context/android/src/main/java/com/th3rdwave/safeareacontext/SafeAreaProviderManager.kt:40:9 Class 'kotlin.Unit' was compiled with an incompatible version of Kotlin. The actual metadata version is 2.1.0, but the compiler version 1.9.0 can read versions up to 2.0.0.
The class is loaded from /Users/wilson.shakya/.gradle/caches/modules-2/files-2.1/org.jetbrains.kotlin/kotlin-stdlib/2.1.0/85f8b81009cda5890e54ba67d64b5e599c645020/kotlin-stdlib-2.1.0.jar!/kotlin/Unit.class
e: file:///Users/wilson.shakya/Documents/GitHub/AppVerse/Elevate/node_modules/react-native-safe-area-context/android/src/main/java/com/th3rdwave/safeareacontext/SafeAreaUtils.kt:9:20 Unresolved reference: max
e: file:///Users/wilson.shakya/Documents/GitHub/AppVerse/Elevate/node_modules/react-native-safe-area-context/android/src/main/java/com/th3rdwave/safeareacontext/SafeAreaUtils.kt:10:20 Unresolved reference: min
e: file:///Users/wilson.shakya/Documents/GitHub/AppVerse/Elevate/node_modules/react-native-safe-area-context/android/src/main/java/com/th3rdwave/safeareacontext/SafeAreaUtils.kt:29:2 Class 'kotlin.Suppress' was compiled with an incompatible version of Kotlin. The actual metadata version is 2.1.0, but the compiler version 1.9.0 can read versions up to 2.0.0.
The class is loaded from /Users/wilson.shakya/.gradle/caches/modules-2/files-2.1/org.jetbrains.kotlin/kotlin-stdlib/2.1.0/85f8b81009cda5890e54ba67d64b5e599c645020/kotlin-stdlib-2.1.0.jar!/kotlin/Suppress.class
e: file:///Users/wilson.shakya/Documents/GitHub/AppVerse/Elevate/node_modules/react-native-safe-area-context/android/src/main/java/com/th3rdwave/safeareacontext/SafeAreaUtils.kt:40:16 Unresolved reference: min
e: file:///Users/wilson.shakya/Documents/GitHub/AppVerse/Elevate/node_modules/react-native-safe-area-context/android/src/main/java/com/th3rdwave/safeareacontext/SafeAreaUtils.kt:46:12 Class 'kotlin.Unit' was compiled with an incompatible version of Kotlin. The actual metadata version is 2.1.0, but the compiler version 1.9.0 can read versions up to 2.0.0.
The class is loaded from /Users/wilson.shakya/.gradle/caches/modules-2/files-2.1/org.jetbrains.kotlin/kotlin-stdlib/2.1.0/85f8b81009cda5890e54ba67d64b5e599c645020/kotlin-stdlib-2.1.0.jar!/kotlin/Unit.class
e: file:///Users/wilson.shakya/Documents/GitHub/AppVerse/Elevate/node_modules/react-native-safe-area-context/android/src/main/java/com/th3rdwave/safeareacontext/SafeAreaUtils.kt:76:13 Unresolved reference: max
e: file:///Users/wilson.shakya/Documents/GitHub/AppVerse/Elevate/node_modules/react-native-safe-area-context/android/src/main/java/com/th3rdwave/safeareacontext/SafeAreaUtils.kt:77:15 Unresolved reference: max
e: file:///Users/wilson.shakya/Documents/GitHub/AppVerse/Elevate/node_modules/react-native-safe-area-context/android/src/main/java/com/th3rdwave/safeareacontext/SafeAreaUtils.kt:77:19 Unresolved reference: min
e: file:///Users/wilson.shakya/Documents/GitHub/AppVerse/Elevate/node_modules/react-native-safe-area-context/android/src/main/java/com/th3rdwave/safeareacontext/SafeAreaUtils.kt:78:16 Unresolved reference: max
e: file:///Users/wilson.shakya/Documents/GitHub/AppVerse/Elevate/node_modules/react-native-safe-area-context/android/src/main/java/com/th3rdwave/safeareacontext/SafeAreaUtils.kt:78:20 Unresolved reference: min
e: file:///Users/wilson.shakya/Documents/GitHub/AppVerse/Elevate/node_modules/react-native-safe-area-context/android/src/main/java/com/th3rdwave/safeareacontext/SafeAreaUtils.kt:79:14 Unresolved reference: max
e: file:///Users/wilson.shakya/Documents/GitHub/AppVerse/Elevate/node_modules/react-native-safe-area-context/android/src/main/java/com/th3rdwave/safeareacontext/SafeAreaUtils.kt:88:8 Class 'kotlin.Unit' was compiled with an incompatible version of Kotlin. The actual metadata version is 2.1.0, but the compiler version 1.9.0 can read versions up to 2.0.0.
The class is loaded from /Users/wilson.shakya/.gradle/caches/modules-2/files-2.1/org.jetbrains.kotlin/kotlin-stdlib/2.1.0/85f8b81009cda5890e54ba67d64b5e599c645020/kotlin-stdlib-2.1.0.jar!/kotlin/Unit.class
e: file:///Users/wilson.shakya/Documents/GitHub/AppVerse/Elevate/node_modules/react-native-safe-area-context/android/src/main/java/com/th3rdwave/safeareacontext/SafeAreaUtils.kt:89:3 Class 'kotlin.Unit' was compiled with an incompatible version of Kotlin. The actual metadata version is 2.1.0, but the compiler version 1.9.0 can read versions up to 2.0.0.
The class is loaded from /Users/wilson.shakya/.gradle/caches/modules-2/files-2.1/org.jetbrains.kotlin/kotlin-stdlib/2.1.0/85f8b81009cda5890e54ba67d64b5e599c645020/kotlin-stdlib-2.1.0.jar!/kotlin/Unit.class
e: file:///Users/wilson.shakya/Documents/GitHub/AppVerse/Elevate/node_modules/react-native-safe-area-context/android/src/main/java/com/th3rdwave/safeareacontext/SafeAreaUtils.kt:90:14 Class 'kotlin.Unit' was compiled with an incompatible version of Kotlin. The actual metadata version is 2.1.0, but the compiler version 1.9.0 can read versions up to 2.0.0.
The class is loaded from /Users/wilson.shakya/.gradle/caches/modules-2/files-2.1/org.jetbrains.kotlin/kotlin-stdlib/2.1.0/85f8b81009cda5890e54ba67d64b5e599c645020/kotlin-stdlib-2.1.0.jar!/kotlin/Unit.class
e: file:///Users/wilson.shakya/Documents/GitHub/AppVerse/Elevate/node_modules/react-native-safe-area-context/android/src/main/java/com/th3rdwave/safeareacontext/SafeAreaUtils.kt:94:8 Class 'kotlin.Unit' was compiled with an incompatible version of Kotlin. The actual metadata version is 2.1.0, but the compiler version 1.9.0 can read versions up to 2.0.0.
The class is loaded from /Users/wilson.shakya/.gradle/caches/modules-2/files-2.1/org.jetbrains.kotlin/kotlin-stdlib/2.1.0/85f8b81009cda5890e54ba67d64b5e599c645020/kotlin-stdlib-2.1.0.jar!/kotlin/Unit.class
e: file:///Users/wilson.shakya/Documents/GitHub/AppVerse/Elevate/node_modules/react-native-safe-area-context/android/src/main/java/com/th3rdwave/safeareacontext/SafeAreaView.kt:12:26 Unresolved reference: withLock
e: file:///Users/wilson.shakya/Documents/GitHub/AppVerse/Elevate/node_modules/react-native-safe-area-context/android/src/main/java/com/th3rdwave/safeareacontext/SafeAreaView.kt:29:5 Class 'kotlin.Unit' was compiled with an incompatible version of Kotlin. The actual metadata version is 2.1.0, but the compiler version 1.9.0 can read versions up to 2.0.0.
The class is loaded from /Users/wilson.shakya/.gradle/caches/modules-2/files-2.1/org.jetbrains.kotlin/kotlin-stdlib/2.1.0/85f8b81009cda5890e54ba67d64b5e599c645020/kotlin-stdlib-2.1.0.jar!/kotlin/Unit.class
e: file:///Users/wilson.shakya/Documents/GitHub/AppVerse/Elevate/node_modules/react-native-safe-area-context/android/src/main/java/com/th3rdwave/safeareacontext/SafeAreaView.kt:43:7 Class 'kotlin.Unit' was compiled with an incompatible version of Kotlin. The actual metadata version is 2.1.0, but the compiler version 1.9.0 can read versions up to 2.0.0.
The class is loaded from /Users/wilson.shakya/.gradle/caches/modules-2/files-2.1/org.jetbrains.kotlin/kotlin-stdlib/2.1.0/85f8b81009cda5890e54ba67d64b5e599c645020/kotlin-stdlib-2.1.0.jar!/kotlin/Unit.class
e: file:///Users/wilson.shakya/Documents/GitHub/AppVerse/Elevate/node_modules/react-native-safe-area-context/android/src/main/java/com/th3rdwave/safeareacontext/SafeAreaView.kt:45:13 Class 'kotlin.Unit' was compiled with an incompatible version of Kotlin. The actual metadata version is 2.1.0, but the compiler version 1.9.0 can read versions up to 2.0.0.
The class is loaded from /Users/wilson.shakya/.gradle/caches/modules-2/files-2.1/org.jetbrains.kotlin/kotlin-stdlib/2.1.0/85f8b81009cda5890e54ba67d64b5e599c645020/kotlin-stdlib-2.1.0.jar!/kotlin/Unit.class
e: file:///Users/wilson.shakya/Documents/GitHub/AppVerse/Elevate/node_modules/react-native-safe-area-context/android/src/main/java/com/th3rdwave/safeareacontext/SafeAreaView.kt:46:22 Class 'kotlin.Unit' was compiled with an incompatible version of Kotlin. The actual metadata version is 2.1.0, but the compiler version 1.9.0 can read versions up to 2.0.0.
The class is loaded from /Users/wilson.shakya/.gradle/caches/modules-2/files-2.1/org.jetbrains.kotlin/kotlin-stdlib/2.1.0/85f8b81009cda5890e54ba67d64b5e599c645020/kotlin-stdlib-2.1.0.jar!/kotlin/Unit.class
e: file:///Users/wilson.shakya/Documents/GitHub/AppVerse/Elevate/node_modules/react-native-safe-area-context/android/src/main/java/com/th3rdwave/safeareacontext/SafeAreaView.kt:50:77 Unresolved reference: java
e: file:///Users/wilson.shakya/Documents/GitHub/AppVerse/Elevate/node_modules/react-native-safe-area-context/android/src/main/java/com/th3rdwave/safeareacontext/SafeAreaView.kt:52:21 Unresolved reference: setViewLocalData
e: file:///Users/wilson.shakya/Documents/GitHub/AppVerse/Elevate/node_modules/react-native-safe-area-context/android/src/main/java/com/th3rdwave/safeareacontext/SafeAreaView.kt:58:24 Class 'kotlin.Unit' was compiled with an incompatible version of Kotlin. The actual metadata version is 2.1.0, but the compiler version 1.9.0 can read versions up to 2.0.0.
The class is loaded from /Users/wilson.shakya/.gradle/caches/modules-2/files-2.1/org.jetbrains.kotlin/kotlin-stdlib/2.1.0/85f8b81009cda5890e54ba67d64b5e599c645020/kotlin-stdlib-2.1.0.jar!/kotlin/Unit.class
e: file:///Users/wilson.shakya/Documents/GitHub/AppVerse/Elevate/node_modules/react-native-safe-area-context/android/src/main/java/com/th3rdwave/safeareacontext/SafeAreaView.kt:59:23 Unresolved reference: uiImplementation
e: file:///Users/wilson.shakya/Documents/GitHub/AppVerse/Elevate/node_modules/react-native-safe-area-context/android/src/main/java/com/th3rdwave/safeareacontext/SafeAreaView.kt:61:11 Class 'kotlin.Unit' was compiled with an incompatible version of Kotlin. The actual metadata version is 2.1.0, but the compiler version 1.9.0 can read versions up to 2.0.0.
The class is loaded from /Users/wilson.shakya/.gradle/caches/modules-2/files-2.1/org.jetbrains.kotlin/kotlin-stdlib/2.1.0/85f8b81009cda5890e54ba67d64b5e599c645020/kotlin-stdlib-2.1.0.jar!/kotlin/Unit.class
e: file:///Users/wilson.shakya/Documents/GitHub/AppVerse/Elevate/node_modules/react-native-safe-area-context/android/src/main/java/com/th3rdwave/safeareacontext/SafeAreaView.kt:78:27 Class 'kotlin.Unit' was compiled with an incompatible version of Kotlin. The actual metadata version is 2.1.0, but the compiler version 1.9.0 can read versions up to 2.0.0.
The class is loaded from /Users/wilson.shakya/.gradle/caches/modules-2/files-2.1/org.jetbrains.kotlin/kotlin-stdlib/2.1.0/85f8b81009cda5890e54ba67d64b5e599c645020/kotlin-stdlib-2.1.0.jar!/kotlin/Unit.class
e: file:///Users/wilson.shakya/Documents/GitHub/AppVerse/Elevate/node_modules/react-native-safe-area-context/android/src/main/java/com/th3rdwave/safeareacontext/SafeAreaView.kt:79:12 Unresolved reference: withLock
e: file:///Users/wilson.shakya/Documents/GitHub/AppVerse/Elevate/node_modules/react-native-safe-area-context/android/src/main/java/com/th3rdwave/safeareacontext/SafeAreaView.kt:82:21 Class 'kotlin.Unit' was compiled with an incompatible version of Kotlin. The actual metadata version is 2.1.0, but the compiler version 1.9.0 can read versions up to 2.0.0.
The class is loaded from /Users/wilson.shakya/.gradle/caches/modules-2/files-2.1/org.jetbrains.kotlin/kotlin-stdlib/2.1.0/85f8b81009cda5890e54ba67d64b5e599c645020/kotlin-stdlib-2.1.0.jar!/kotlin/Unit.class
e: file:///Users/wilson.shakya/Documents/GitHub/AppVerse/Elevate/node_modules/react-native-safe-area-context/android/src/main/java/com/th3rdwave/safeareacontext/SafeAreaView.kt:86:10 Unresolved reference: withLock
e: file:///Users/wilson.shakya/Documents/GitHub/AppVerse/Elevate/node_modules/react-native-safe-area-context/android/src/main/java/com/th3rdwave/safeareacontext/SafeAreaView.kt:104:5 Class 'kotlin.Unit' was compiled with an incompatible version of Kotlin. The actual metadata version is 2.1.0, but the compiler version 1.9.0 can read versions up to 2.0.0.
The class is loaded from /Users/wilson.shakya/.gradle/caches/modules-2/files-2.1/org.jetbrains.kotlin/kotlin-stdlib/2.1.0/85f8b81009cda5890e54ba67d64b5e599c645020/kotlin-stdlib-2.1.0.jar!/kotlin/Unit.class
e: file:///Users/wilson.shakya/Documents/GitHub/AppVerse/Elevate/node_modules/react-native-safe-area-context/android/src/main/java/com/th3rdwave/safeareacontext/SafeAreaView.kt:105:5 Class 'kotlin.Unit' was compiled with an incompatible version of Kotlin. The actual metadata version is 2.1.0, but the compiler version 1.9.0 can read versions up to 2.0.0.
The class is loaded from /Users/wilson.shakya/.gradle/caches/modules-2/files-2.1/org.jetbrains.kotlin/kotlin-stdlib/2.1.0/85f8b81009cda5890e54ba67d64b5e599c645020/kotlin-stdlib-2.1.0.jar!/kotlin/Unit.class
e: file:///Users/wilson.shakya/Documents/GitHub/AppVerse/Elevate/node_modules/react-native-safe-area-context/android/src/main/java/com/th3rdwave/safeareacontext/SafeAreaView.kt:109:5 Class 'kotlin.Unit' was compiled with an incompatible version of Kotlin. The actual metadata version is 2.1.0, but the compiler version 1.9.0 can read versions up to 2.0.0.
The class is loaded from /Users/wilson.shakya/.gradle/caches/modules-2/files-2.1/org.jetbrains.kotlin/kotlin-stdlib/2.1.0/85f8b81009cda5890e54ba67d64b5e599c645020/kotlin-stdlib-2.1.0.jar!/kotlin/Unit.class
e: file:///Users/wilson.shakya/Documents/GitHub/AppVerse/Elevate/node_modules/react-native-safe-area-context/android/src/main/java/com/th3rdwave/safeareacontext/SafeAreaView.kt:110:5 Class 'kotlin.Unit' was compiled with an incompatible version of Kotlin. The actual metadata version is 2.1.0, but the compiler version 1.9.0 can read versions up to 2.0.0.
The class is loaded from /Users/wilson.shakya/.gradle/caches/modules-2/files-2.1/org.jetbrains.kotlin/kotlin-stdlib/2.1.0/85f8b81009cda5890e54ba67d64b5e599c645020/kotlin-stdlib-2.1.0.jar!/kotlin/Unit.class
e: file:///Users/wilson.shakya/Documents/GitHub/AppVerse/Elevate/node_modules/react-native-safe-area-context/android/src/main/java/com/th3rdwave/safeareacontext/SafeAreaView.kt:117:7 Class 'kotlin.Unit' was compiled with an incompatible version of Kotlin. The actual metadata version is 2.1.0, but the compiler version 1.9.0 can read versions up to 2.0.0.
The class is loaded from /Users/wilson.shakya/.gradle/caches/modules-2/files-2.1/org.jetbrains.kotlin/kotlin-stdlib/2.1.0/85f8b81009cda5890e54ba67d64b5e599c645020/kotlin-stdlib-2.1.0.jar!/kotlin/Unit.class
e: file:///Users/wilson.shakya/Documents/GitHub/AppVerse/Elevate/node_modules/react-native-safe-area-context/android/src/main/java/com/th3rdwave/safeareacontext/SafeAreaView.kt:118:7 Class 'kotlin.Unit' was compiled with an incompatible version of Kotlin. The actual metadata version is 2.1.0, but the compiler version 1.9.0 can read versions up to 2.0.0.
The class is loaded from /Users/wilson.shakya/.gradle/caches/modules-2/files-2.1/org.jetbrains.kotlin/kotlin-stdlib/2.1.0/85f8b81009cda5890e54ba67d64b5e599c645020/kotlin-stdlib-2.1.0.jar!/kotlin/Unit.class
e: file:///Users/wilson.shakya/Documents/GitHub/AppVerse/Elevate/node_modules/react-native-safe-area-context/android/src/main/java/com/th3rdwave/safeareacontext/SafeAreaView.kt:136:11 Class 'kotlin.Unit' was compiled with an incompatible version of Kotlin. The actual metadata version is 2.1.0, but the compiler version 1.9.0 can read versions up to 2.0.0.
The class is loaded from /Users/wilson.shakya/.gradle/caches/modules-2/files-2.1/org.jetbrains.kotlin/kotlin-stdlib/2.1.0/85f8b81009cda5890e54ba67d64b5e599c645020/kotlin-stdlib-2.1.0.jar!/kotlin/Unit.class
e: file:///Users/wilson.shakya/Documents/GitHub/AppVerse/Elevate/node_modules/react-native-safe-area-context/android/src/main/java/com/th3rdwave/safeareacontext/SafeAreaView.kt:137:5 Class 'kotlin.Unit' was compiled with an incompatible version of Kotlin. The actual metadata version is 2.1.0, but the compiler version 1.9.0 can read versions up to 2.0.0.
The class is loaded from /Users/wilson.shakya/.gradle/caches/modules-2/files-2.1/org.jetbrains.kotlin/kotlin-stdlib/2.1.0/85f8b81009cda5890e54ba67d64b5e599c645020/kotlin-stdlib-2.1.0.jar!/kotlin/Unit.class
e: file:///Users/wilson.shakya/Documents/GitHub/AppVerse/Elevate/node_modules/react-native-safe-area-context/android/src/main/java/com/th3rdwave/safeareacontext/SafeAreaView.kt:138:38 Class 'kotlin.Unit' was compiled with an incompatible version of Kotlin. The actual metadata version is 2.1.0, but the compiler version 1.9.0 can read versions up to 2.0.0.
The class is loaded from /Users/wilson.shakya/.gradle/caches/modules-2/files-2.1/org.jetbrains.kotlin/kotlin-stdlib/2.1.0/85f8b81009cda5890e54ba67d64b5e599c645020/kotlin-stdlib-2.1.0.jar!/kotlin/Unit.class
e: file:///Users/wilson.shakya/Documents/GitHub/AppVerse/Elevate/node_modules/react-native-safe-area-context/android/src/main/java/com/th3rdwave/safeareacontext/SafeAreaView.kt:143:11 Class 'kotlin.Unit' was compiled with an incompatible version of Kotlin. The actual metadata version is 2.1.0, but the compiler version 1.9.0 can read versions up to 2.0.0.
The class is loaded from /Users/wilson.shakya/.gradle/caches/modules-2/files-2.1/org.jetbrains.kotlin/kotlin-stdlib/2.1.0/85f8b81009cda5890e54ba67d64b5e599c645020/kotlin-stdlib-2.1.0.jar!/kotlin/Unit.class
e: file:///Users/wilson.shakya/Documents/GitHub/AppVerse/Elevate/node_modules/react-native-safe-area-context/android/src/main/java/com/th3rdwave/safeareacontext/SafeAreaView.kt:144:38 Class 'kotlin.Unit' was compiled with an incompatible version of Kotlin. The actual metadata version is 2.1.0, but the compiler version 1.9.0 can read versions up to 2.0.0.
The class is loaded from /Users/wilson.shakya/.gradle/caches/modules-2/files-2.1/org.jetbrains.kotlin/kotlin-stdlib/2.1.0/85f8b81009cda5890e54ba67d64b5e599c645020/kotlin-stdlib-2.1.0.jar!/kotlin/Unit.class
e: file:///Users/wilson.shakya/Documents/GitHub/AppVerse/Elevate/node_modules/react-native-safe-area-context/android/src/main/java/com/th3rdwave/safeareacontext/SafeAreaView.kt:145:5 Class 'kotlin.Unit' was compiled with an incompatible version of Kotlin. The actual metadata version is 2.1.0, but the compiler version 1.9.0 can read versions up to 2.0.0.
The class is loaded from /Users/wilson.shakya/.gradle/caches/modules-2/files-2.1/org.jetbrains.kotlin/kotlin-stdlib/2.1.0/85f8b81009cda5890e54ba67d64b5e599c645020/kotlin-stdlib-2.1.0.jar!/kotlin/Unit.class
e: file:///Users/wilson.shakya/Documents/GitHub/AppVerse/Elevate/node_modules/react-native-safe-area-context/android/src/main/java/com/th3rdwave/safeareacontext/SafeAreaView.kt:151:7 Class 'kotlin.Unit' was compiled with an incompatible version of Kotlin. The actual metadata version is 2.1.0, but the compiler version 1.9.0 can read versions up to 2.0.0.
The class is loaded from /Users/wilson.shakya/.gradle/caches/modules-2/files-2.1/org.jetbrains.kotlin/kotlin-stdlib/2.1.0/85f8b81009cda5890e54ba67d64b5e599c645020/kotlin-stdlib-2.1.0.jar!/kotlin/Unit.class
e: file:///Users/wilson.shakya/Documents/GitHub/AppVerse/Elevate/node_modules/react-native-safe-area-context/android/src/main/java/com/th3rdwave/safeareacontext/SafeAreaViewManager.kt:26:69 Unresolved reference: java
e: file:///Users/wilson.shakya/Documents/GitHub/AppVerse/Elevate/node_modules/react-native-safe-area-context/android/src/main/java/com/th3rdwave/safeareacontext/SafeAreaViewManager.kt:30:5 Class 'kotlin.Unit' was compiled with an incompatible version of Kotlin. The actual metadata version is 2.1.0, but the compiler version 1.9.0 can read versions up to 2.0.0.
The class is loaded from /Users/wilson.shakya/.gradle/caches/modules-2/files-2.1/org.jetbrains.kotlin/kotlin-stdlib/2.1.0/85f8b81009cda5890e54ba67d64b5e599c645020/kotlin-stdlib-2.1.0.jar!/kotlin/Unit.class
e: file:///Users/wilson.shakya/Documents/GitHub/AppVerse/Elevate/node_modules/react-native-safe-area-context/android/src/main/java/com/th3rdwave/safeareacontext/SafeAreaViewManager.kt:32:14 Class 'kotlin.Unit' was compiled with an incompatible version of Kotlin. The actual metadata version is 2.1.0, but the compiler version 1.9.0 can read versions up to 2.0.0.
The class is loaded from /Users/wilson.shakya/.gradle/caches/modules-2/files-2.1/org.jetbrains.kotlin/kotlin-stdlib/2.1.0/85f8b81009cda5890e54ba67d64b5e599c645020/kotlin-stdlib-2.1.0.jar!/kotlin/Unit.class
e: file:///Users/wilson.shakya/Documents/GitHub/AppVerse/Elevate/node_modules/react-native-safe-area-context/android/src/main/java/com/th3rdwave/safeareacontext/SafeAreaViewManager.kt:35:14 Class 'kotlin.Unit' was compiled with an incompatible version of Kotlin. The actual metadata version is 2.1.0, but the compiler version 1.9.0 can read versions up to 2.0.0.
The class is loaded from /Users/wilson.shakya/.gradle/caches/modules-2/files-2.1/org.jetbrains.kotlin/kotlin-stdlib/2.1.0/85f8b81009cda5890e54ba67d64b5e599c645020/kotlin-stdlib-2.1.0.jar!/kotlin/Unit.class
e: file:///Users/wilson.shakya/Documents/GitHub/AppVerse/Elevate/node_modules/react-native-safe-area-context/android/src/main/java/com/th3rdwave/safeareacontext/SafeAreaViewManager.kt:43:12 Class 'kotlin.Unit' was compiled with an incompatible version of Kotlin. The actual metadata version is 2.1.0, but the compiler version 1.9.0 can read versions up to 2.0.0.
The class is loaded from /Users/wilson.shakya/.gradle/caches/modules-2/files-2.1/org.jetbrains.kotlin/kotlin-stdlib/2.1.0/85f8b81009cda5890e54ba67d64b5e599c645020/kotlin-stdlib-2.1.0.jar!/kotlin/Unit.class
e: file:///Users/wilson.shakya/Documents/GitHub/AppVerse/Elevate/node_modules/react-native-safe-area-context/android/src/main/java/com/th3rdwave/safeareacontext/SafeAreaViewManager.kt:45:48 Unresolved reference: let
e: file:///Users/wilson.shakya/Documents/GitHub/AppVerse/Elevate/node_modules/react-native-safe-area-context/android/src/main/java/com/th3rdwave/safeareacontext/SafeAreaViewManager.kt:45:84 Unresolved reference: it
e: file:///Users/wilson.shakya/Documents/GitHub/AppVerse/Elevate/node_modules/react-native-safe-area-context/android/src/main/java/com/th3rdwave/safeareacontext/SafeAreaViewManager.kt:48:48 Unresolved reference: let
e: file:///Users/wilson.shakya/Documents/GitHub/AppVerse/Elevate/node_modules/react-native-safe-area-context/android/src/main/java/com/th3rdwave/safeareacontext/SafeAreaViewManager.kt:48:84 Unresolved reference: it
e: file:///Users/wilson.shakya/Documents/GitHub/AppVerse/Elevate/node_modules/react-native-safe-area-context/android/src/main/java/com/th3rdwave/safeareacontext/SafeAreaViewManager.kt:51:49 Unresolved reference: let
e: file:///Users/wilson.shakya/Documents/GitHub/AppVerse/Elevate/node_modules/react-native-safe-area-context/android/src/main/java/com/th3rdwave/safeareacontext/SafeAreaViewManager.kt:52:51 Unresolved reference: it
e: file:///Users/wilson.shakya/Documents/GitHub/AppVerse/Elevate/node_modules/react-native-safe-area-context/android/src/main/java/com/th3rdwave/safeareacontext/SafeAreaViewManager.kt:56:47 Unresolved reference: let
e: file:///Users/wilson.shakya/Documents/GitHub/AppVerse/Elevate/node_modules/react-native-safe-area-context/android/src/main/java/com/th3rdwave/safeareacontext/SafeAreaViewManager.kt:56:83 Unresolved reference: it
e: file:///Users/wilson.shakya/Documents/GitHub/AppVerse/Elevate/node_modules/react-native-safe-area-context/android/src/main/java/com/th3rdwave/safeareacontext/SafeAreaViewManager.kt:66:28 Class 'kotlin.Unit' was compiled with an incompatible version of Kotlin. The actual metadata version is 2.1.0, but the compiler version 1.9.0 can read versions up to 2.0.0.
The class is loaded from /Users/wilson.shakya/.gradle/caches/modules-2/files-2.1/org.jetbrains.kotlin/kotlin-stdlib/2.1.0/85f8b81009cda5890e54ba67d64b5e599c645020/kotlin-stdlib-2.1.0.jar!/kotlin/Unit.class
e: file:///Users/wilson.shakya/Documents/GitHub/AppVerse/Elevate/node_modules/react-native-safe-area-context/android/src/main/java/com/th3rdwave/safeareacontext/SafeAreaViewShadowNode.kt:7:20 Unresolved reference: max
e: file:///Users/wilson.shakya/Documents/GitHub/AppVerse/Elevate/node_modules/react-native-safe-area-context/android/src/main/java/com/th3rdwave/safeareacontext/SafeAreaViewShadowNode.kt:16:54 Unresolved reference: indices
e: file:///Users/wilson.shakya/Documents/GitHub/AppVerse/Elevate/node_modules/react-native-safe-area-context/android/src/main/java/com/th3rdwave/safeareacontext/SafeAreaViewShadowNode.kt:17:7 Class 'kotlin.Unit' was compiled with an incompatible version of Kotlin. The actual metadata version is 2.1.0, but the compiler version 1.9.0 can read versions up to 2.0.0.
The class is loaded from /Users/wilson.shakya/.gradle/caches/modules-2/files-2.1/org.jetbrains.kotlin/kotlin-stdlib/2.1.0/85f8b81009cda5890e54ba67d64b5e599c645020/kotlin-stdlib-2.1.0.jar!/kotlin/Unit.class
e: file:///Users/wilson.shakya/Documents/GitHub/AppVerse/Elevate/node_modules/react-native-safe-area-context/android/src/main/java/com/th3rdwave/safeareacontext/SafeAreaViewShadowNode.kt:18:7 Class 'kotlin.Unit' was compiled with an incompatible version of Kotlin. The actual metadata version is 2.1.0, but the compiler version 1.9.0 can read versions up to 2.0.0.
The class is loaded from /Users/wilson.shakya/.gradle/caches/modules-2/files-2.1/org.jetbrains.kotlin/kotlin-stdlib/2.1.0/85f8b81009cda5890e54ba67d64b5e599c645020/kotlin-stdlib-2.1.0.jar!/kotlin/Unit.class
e: file:///Users/wilson.shakya/Documents/GitHub/AppVerse/Elevate/node_modules/react-native-safe-area-context/android/src/main/java/com/th3rdwave/safeareacontext/SafeAreaViewShadowNode.kt:68:5 Class 'kotlin.Unit' was compiled with an incompatible version of Kotlin. The actual metadata version is 2.1.0, but the compiler version 1.9.0 can read versions up to 2.0.0.
The class is loaded from /Users/wilson.shakya/.gradle/caches/modules-2/files-2.1/org.jetbrains.kotlin/kotlin-stdlib/2.1.0/85f8b81009cda5890e54ba67d64b5e599c645020/kotlin-stdlib-2.1.0.jar!/kotlin/Unit.class
e: file:///Users/wilson.shakya/Documents/GitHub/AppVerse/Elevate/node_modules/react-native-safe-area-context/android/src/main/java/com/th3rdwave/safeareacontext/SafeAreaViewShadowNode.kt:69:13 Class 'kotlin.Unit' was compiled with an incompatible version of Kotlin. The actual metadata version is 2.1.0, but the compiler version 1.9.0 can read versions up to 2.0.0.
The class is loaded from /Users/wilson.shakya/.gradle/caches/modules-2/files-2.1/org.jetbrains.kotlin/kotlin-stdlib/2.1.0/85f8b81009cda5890e54ba67d64b5e599c645020/kotlin-stdlib-2.1.0.jar!/kotlin/Unit.class
e: file:///Users/wilson.shakya/Documents/GitHub/AppVerse/Elevate/node_modules/react-native-safe-area-context/android/src/main/java/com/th3rdwave/safeareacontext/SafeAreaViewShadowNode.kt:70:13 Class 'kotlin.Unit' was compiled with an incompatible version of Kotlin. The actual metadata version is 2.1.0, but the compiler version 1.9.0 can read versions up to 2.0.0.
The class is loaded from /Users/wilson.shakya/.gradle/caches/modules-2/files-2.1/org.jetbrains.kotlin/kotlin-stdlib/2.1.0/85f8b81009cda5890e54ba67d64b5e599c645020/kotlin-stdlib-2.1.0.jar!/kotlin/Unit.class
e: file:///Users/wilson.shakya/Documents/GitHub/AppVerse/Elevate/node_modules/react-native-safe-area-context/android/src/main/java/com/th3rdwave/safeareacontext/SafeAreaViewShadowNode.kt:71:13 Class 'kotlin.Unit' was compiled with an incompatible version of Kotlin. The actual metadata version is 2.1.0, but the compiler version 1.9.0 can read versions up to 2.0.0.
The class is loaded from /Users/wilson.shakya/.gradle/caches/modules-2/files-2.1/org.jetbrains.kotlin/kotlin-stdlib/2.1.0/85f8b81009cda5890e54ba67d64b5e599c645020/kotlin-stdlib-2.1.0.jar!/kotlin/Unit.class
e: file:///Users/wilson.shakya/Documents/GitHub/AppVerse/Elevate/node_modules/react-native-safe-area-context/android/src/main/java/com/th3rdwave/safeareacontext/SafeAreaViewShadowNode.kt:72:13 Class 'kotlin.Unit' was compiled with an incompatible version of Kotlin. The actual metadata version is 2.1.0, but the compiler version 1.9.0 can read versions up to 2.0.0.
The class is loaded from /Users/wilson.shakya/.gradle/caches/modules-2/files-2.1/org.jetbrains.kotlin/kotlin-stdlib/2.1.0/85f8b81009cda5890e54ba67d64b5e599c645020/kotlin-stdlib-2.1.0.jar!/kotlin/Unit.class
e: file:///Users/wilson.shakya/Documents/GitHub/AppVerse/Elevate/node_modules/react-native-safe-area-context/android/src/main/java/com/th3rdwave/safeareacontext/SafeAreaViewShadowNode.kt:74:13 Class 'kotlin.Unit' was compiled with an incompatible version of Kotlin. The actual metadata version is 2.1.0, but the compiler version 1.9.0 can read versions up to 2.0.0.
The class is loaded from /Users/wilson.shakya/.gradle/caches/modules-2/files-2.1/org.jetbrains.kotlin/kotlin-stdlib/2.1.0/85f8b81009cda5890e54ba67d64b5e599c645020/kotlin-stdlib-2.1.0.jar!/kotlin/Unit.class
e: file:///Users/wilson.shakya/Documents/GitHub/AppVerse/Elevate/node_modules/react-native-safe-area-context/android/src/main/java/com/th3rdwave/safeareacontext/SafeAreaViewShadowNode.kt:75:13 Class 'kotlin.Unit' was compiled with an incompatible version of Kotlin. The actual metadata version is 2.1.0, but the compiler version 1.9.0 can read versions up to 2.0.0.
The class is loaded from /Users/wilson.shakya/.gradle/caches/modules-2/files-2.1/org.jetbrains.kotlin/kotlin-stdlib/2.1.0/85f8b81009cda5890e54ba67d64b5e599c645020/kotlin-stdlib-2.1.0.jar!/kotlin/Unit.class
e: file:///Users/wilson.shakya/Documents/GitHub/AppVerse/Elevate/node_modules/react-native-safe-area-context/android/src/main/java/com/th3rdwave/safeareacontext/SafeAreaViewShadowNode.kt:76:13 Class 'kotlin.Unit' was compiled with an incompatible version of Kotlin. The actual metadata version is 2.1.0, but the compiler version 1.9.0 can read versions up to 2.0.0.
The class is loaded from /Users/wilson.shakya/.gradle/caches/modules-2/files-2.1/org.jetbrains.kotlin/kotlin-stdlib/2.1.0/85f8b81009cda5890e54ba67d64b5e599c645020/kotlin-stdlib-2.1.0.jar!/kotlin/Unit.class
e: file:///Users/wilson.shakya/Documents/GitHub/AppVerse/Elevate/node_modules/react-native-safe-area-context/android/src/main/java/com/th3rdwave/safeareacontext/SafeAreaViewShadowNode.kt:77:13 Class 'kotlin.Unit' was compiled with an incompatible version of Kotlin. The actual metadata version is 2.1.0, but the compiler version 1.9.0 can read versions up to 2.0.0.
The class is loaded from /Users/wilson.shakya/.gradle/caches/modules-2/files-2.1/org.jetbrains.kotlin/kotlin-stdlib/2.1.0/85f8b81009cda5890e54ba67d64b5e599c645020/kotlin-stdlib-2.1.0.jar!/kotlin/Unit.class
e: file:///Users/wilson.shakya/Documents/GitHub/AppVerse/Elevate/node_modules/react-native-safe-area-context/android/src/main/java/com/th3rdwave/safeareacontext/SafeAreaViewShadowNode.kt:89:14 Unresolved reference: max
e: file:///Users/wilson.shakya/Documents/GitHub/AppVerse/Elevate/node_modules/react-native-safe-area-context/android/src/main/java/com/th3rdwave/safeareacontext/SafeAreaViewShadowNode.kt:96:5 Class 'kotlin.Unit' was compiled with an incompatible version of Kotlin. The actual metadata version is 2.1.0, but the compiler version 1.9.0 can read versions up to 2.0.0.
The class is loaded from /Users/wilson.shakya/.gradle/caches/modules-2/files-2.1/org.jetbrains.kotlin/kotlin-stdlib/2.1.0/85f8b81009cda5890e54ba67d64b5e599c645020/kotlin-stdlib-2.1.0.jar!/kotlin/Unit.class
e: file:///Users/wilson.shakya/Documents/GitHub/AppVerse/Elevate/node_modules/react-native-safe-area-context/android/src/main/java/com/th3rdwave/safeareacontext/SafeAreaViewShadowNode.kt:97:13 Class 'kotlin.Unit' was compiled with an incompatible version of Kotlin. The actual metadata version is 2.1.0, but the compiler version 1.9.0 can read versions up to 2.0.0.
The class is loaded from /Users/wilson.shakya/.gradle/caches/modules-2/files-2.1/org.jetbrains.kotlin/kotlin-stdlib/2.1.0/85f8b81009cda5890e54ba67d64b5e599c645020/kotlin-stdlib-2.1.0.jar!/kotlin/Unit.class
e: file:///Users/wilson.shakya/Documents/GitHub/AppVerse/Elevate/node_modules/react-native-safe-area-context/android/src/main/java/com/th3rdwave/safeareacontext/SafeAreaViewShadowNode.kt:98:13 Class 'kotlin.Unit' was compiled with an incompatible version of Kotlin. The actual metadata version is 2.1.0, but the compiler version 1.9.0 can read versions up to 2.0.0.
The class is loaded from /Users/wilson.shakya/.gradle/caches/modules-2/files-2.1/org.jetbrains.kotlin/kotlin-stdlib/2.1.0/85f8b81009cda5890e54ba67d64b5e599c645020/kotlin-stdlib-2.1.0.jar!/kotlin/Unit.class
e: file:///Users/wilson.shakya/Documents/GitHub/AppVerse/Elevate/node_modules/react-native-safe-area-context/android/src/main/java/com/th3rdwave/safeareacontext/SafeAreaViewShadowNode.kt:99:13 Class 'kotlin.Unit' was compiled with an incompatible version of Kotlin. The actual metadata version is 2.1.0, but the compiler version 1.9.0 can read versions up to 2.0.0.
The class is loaded from /Users/wilson.shakya/.gradle/caches/modules-2/files-2.1/org.jetbrains.kotlin/kotlin-stdlib/2.1.0/85f8b81009cda5890e54ba67d64b5e599c645020/kotlin-stdlib-2.1.0.jar!/kotlin/Unit.class
e: file:///Users/wilson.shakya/Documents/GitHub/AppVerse/Elevate/node_modules/react-native-safe-area-context/android/src/main/java/com/th3rdwave/safeareacontext/SafeAreaViewShadowNode.kt:100:13 Class 'kotlin.Unit' was compiled with an incompatible version of Kotlin. The actual metadata version is 2.1.0, but the compiler version 1.9.0 can read versions up to 2.0.0.
The class is loaded from /Users/wilson.shakya/.gradle/caches/modules-2/files-2.1/org.jetbrains.kotlin/kotlin-stdlib/2.1.0/85f8b81009cda5890e54ba67d64b5e599c645020/kotlin-stdlib-2.1.0.jar!/kotlin/Unit.class
e: file:///Users/wilson.shakya/Documents/GitHub/AppVerse/Elevate/node_modules/react-native-safe-area-context/android/src/main/java/com/th3rdwave/safeareacontext/SafeAreaViewShadowNode.kt:102:13 Class 'kotlin.Unit' was compiled with an incompatible version of Kotlin. The actual metadata version is 2.1.0, but the compiler version 1.9.0 can read versions up to 2.0.0.
The class is loaded from /Users/wilson.shakya/.gradle/caches/modules-2/files-2.1/org.jetbrains.kotlin/kotlin-stdlib/2.1.0/85f8b81009cda5890e54ba67d64b5e599c645020/kotlin-stdlib-2.1.0.jar!/kotlin/Unit.class
e: file:///Users/wilson.shakya/Documents/GitHub/AppVerse/Elevate/node_modules/react-native-safe-area-context/android/src/main/java/com/th3rdwave/safeareacontext/SafeAreaViewShadowNode.kt:103:13 Class 'kotlin.Unit' was compiled with an incompatible version of Kotlin. The actual metadata version is 2.1.0, but the compiler version 1.9.0 can read versions up to 2.0.0.
The class is loaded from /Users/wilson.shakya/.gradle/caches/modules-2/files-2.1/org.jetbrains.kotlin/kotlin-stdlib/2.1.0/85f8b81009cda5890e54ba67d64b5e599c645020/kotlin-stdlib-2.1.0.jar!/kotlin/Unit.class
e: file:///Users/wilson.shakya/Documents/GitHub/AppVerse/Elevate/node_modules/react-native-safe-area-context/android/src/main/java/com/th3rdwave/safeareacontext/SafeAreaViewShadowNode.kt:104:13 Class 'kotlin.Unit' was compiled with an incompatible version of Kotlin. The actual metadata version is 2.1.0, but the compiler version 1.9.0 can read versions up to 2.0.0.
The class is loaded from /Users/wilson.shakya/.gradle/caches/modules-2/files-2.1/org.jetbrains.kotlin/kotlin-stdlib/2.1.0/85f8b81009cda5890e54ba67d64b5e599c645020/kotlin-stdlib-2.1.0.jar!/kotlin/Unit.class
e: file:///Users/wilson.shakya/Documents/GitHub/AppVerse/Elevate/node_modules/react-native-safe-area-context/android/src/main/java/com/th3rdwave/safeareacontext/SafeAreaViewShadowNode.kt:105:13 Class 'kotlin.Unit' was compiled with an incompatible version of Kotlin. The actual metadata version is 2.1.0, but the compiler version 1.9.0 can read versions up to 2.0.0.
The class is loaded from /Users/wilson.shakya/.gradle/caches/modules-2/files-2.1/org.jetbrains.kotlin/kotlin-stdlib/2.1.0/85f8b81009cda5890e54ba67d64b5e599c645020/kotlin-stdlib-2.1.0.jar!/kotlin/Unit.class
e: file:///Users/wilson.shakya/Documents/GitHub/AppVerse/Elevate/node_modules/react-native-safe-area-context/android/src/main/java/com/th3rdwave/safeareacontext/SafeAreaViewShadowNode.kt:107:5 Class 'kotlin.Unit' was compiled with an incompatible version of Kotlin. The actual metadata version is 2.1.0, but the compiler version 1.9.0 can read versions up to 2.0.0.
The class is loaded from /Users/wilson.shakya/.gradle/caches/modules-2/files-2.1/org.jetbrains.kotlin/kotlin-stdlib/2.1.0/85f8b81009cda5890e54ba67d64b5e599c645020/kotlin-stdlib-2.1.0.jar!/kotlin/Unit.class
e: file:///Users/wilson.shakya/Documents/GitHub/AppVerse/Elevate/node_modules/react-native-safe-area-context/android/src/main/java/com/th3rdwave/safeareacontext/SafeAreaViewShadowNode.kt:112:7 Class 'kotlin.Unit' was compiled with an incompatible version of Kotlin. The actual metadata version is 2.1.0, but the compiler version 1.9.0 can read versions up to 2.0.0.
The class is loaded from /Users/wilson.shakya/.gradle/caches/modules-2/files-2.1/org.jetbrains.kotlin/kotlin-stdlib/2.1.0/85f8b81009cda5890e54ba67d64b5e599c645020/kotlin-stdlib-2.1.0.jar!/kotlin/Unit.class
e: file:///Users/wilson.shakya/Documents/GitHub/AppVerse/Elevate/node_modules/react-native-safe-area-context/android/src/main/java/com/th3rdwave/safeareacontext/SafeAreaViewShadowNode.kt:113:7 Class 'kotlin.Unit' was compiled with an incompatible version of Kotlin. The actual metadata version is 2.1.0, but the compiler version 1.9.0 can read versions up to 2.0.0.
The class is loaded from /Users/wilson.shakya/.gradle/caches/modules-2/files-2.1/org.jetbrains.kotlin/kotlin-stdlib/2.1.0/85f8b81009cda5890e54ba67d64b5e599c645020/kotlin-stdlib-2.1.0.jar!/kotlin/Unit.class
e: file:///Users/wilson.shakya/Documents/GitHub/AppVerse/Elevate/node_modules/react-native-safe-area-context/android/src/main/java/com/th3rdwave/safeareacontext/SafeAreaViewShadowNode.kt:123:7 Class 'kotlin.Unit' was compiled with an incompatible version of Kotlin. The actual metadata version is 2.1.0, but the compiler version 1.9.0 can read versions up to 2.0.0.
The class is loaded from /Users/wilson.shakya/.gradle/caches/modules-2/files-2.1/org.jetbrains.kotlin/kotlin-stdlib/2.1.0/85f8b81009cda5890e54ba67d64b5e599c645020/kotlin-stdlib-2.1.0.jar!/kotlin/Unit.class
e: file:///Users/wilson.shakya/Documents/GitHub/AppVerse/Elevate/node_modules/react-native-safe-area-context/android/src/main/java/com/th3rdwave/safeareacontext/SafeAreaViewShadowNode.kt:125:5 Class 'kotlin.Unit' was compiled with an incompatible version of Kotlin. The actual metadata version is 2.1.0, but the compiler version 1.9.0 can read versions up to 2.0.0.
The class is loaded from /Users/wilson.shakya/.gradle/caches/modules-2/files-2.1/org.jetbrains.kotlin/kotlin-stdlib/2.1.0/85f8b81009cda5890e54ba67d64b5e599c645020/kotlin-stdlib-2.1.0.jar!/kotlin/Unit.class
e: file:///Users/wilson.shakya/Documents/GitHub/AppVerse/Elevate/node_modules/react-native-safe-area-context/android/src/main/java/com/th3rdwave/safeareacontext/SafeAreaViewShadowNode.kt:126:5 Class 'kotlin.Unit' was compiled with an incompatible version of Kotlin. The actual metadata version is 2.1.0, but the compiler version 1.9.0 can read versions up to 2.0.0.
The class is loaded from /Users/wilson.shakya/.gradle/caches/modules-2/files-2.1/org.jetbrains.kotlin/kotlin-stdlib/2.1.0/85f8b81009cda5890e54ba67d64b5e599c645020/kotlin-stdlib-2.1.0.jar!/kotlin/Unit.class
e: file:///Users/wilson.shakya/Documents/GitHub/AppVerse/Elevate/node_modules/react-native-safe-area-context/android/src/main/java/com/th3rdwave/safeareacontext/SafeAreaViewShadowNode.kt:127:5 Class 'kotlin.Unit' was compiled with an incompatible version of Kotlin. The actual metadata version is 2.1.0, but the compiler version 1.9.0 can read versions up to 2.0.0.
The class is loaded from /Users/wilson.shakya/.gradle/caches/modules-2/files-2.1/org.jetbrains.kotlin/kotlin-stdlib/2.1.0/85f8b81009cda5890e54ba67d64b5e599c645020/kotlin-stdlib-2.1.0.jar!/kotlin/Unit.class
e: file:///Users/wilson.shakya/Documents/GitHub/AppVerse/Elevate/node_modules/react-native-safe-area-context/android/src/main/java/com/th3rdwave/safeareacontext/SafeAreaViewShadowNode.kt:145:5 Class 'kotlin.Unit' was compiled with an incompatible version of Kotlin. The actual metadata version is 2.1.0, but the compiler version 1.9.0 can read versions up to 2.0.0.
The class is loaded from /Users/wilson.shakya/.gradle/caches/modules-2/files-2.1/org.jetbrains.kotlin/kotlin-stdlib/2.1.0/85f8b81009cda5890e54ba67d64b5e599c645020/kotlin-stdlib-2.1.0.jar!/kotlin/Unit.class
e: file:///Users/wilson.shakya/Documents/GitHub/AppVerse/Elevate/node_modules/react-native-safe-area-context/android/src/main/java/com/th3rdwave/safeareacontext/SafeAreaViewShadowNode.kt:147:11 Class 'kotlin.Unit' was compiled with an incompatible version of Kotlin. The actual metadata version is 2.1.0, but the compiler version 1.9.0 can read versions up to 2.0.0.
The class is loaded from /Users/wilson.shakya/.gradle/caches/modules-2/files-2.1/org.jetbrains.kotlin/kotlin-stdlib/2.1.0/85f8b81009cda5890e54ba67d64b5e599c645020/kotlin-stdlib-2.1.0.jar!/kotlin/Unit.class
e: file:///Users/wilson.shakya/Documents/GitHub/AppVerse/Elevate/node_modules/react-native-safe-area-context/android/src/main/java/com/th3rdwave/safeareacontext/SafeAreaViewShadowNode.kt:148:5 Class 'kotlin.Unit' was compiled with an incompatible version of Kotlin. The actual metadata version is 2.1.0, but the compiler version 1.9.0 can read versions up to 2.0.0.
The class is loaded from /Users/wilson.shakya/.gradle/caches/modules-2/files-2.1/org.jetbrains.kotlin/kotlin-stdlib/2.1.0/85f8b81009cda5890e54ba67d64b5e599c645020/kotlin-stdlib-2.1.0.jar!/kotlin/Unit.class
e: file:///Users/wilson.shakya/Documents/GitHub/AppVerse/Elevate/node_modules/react-native-safe-area-context/android/src/main/java/com/th3rdwave/safeareacontext/SafeAreaViewShadowNode.kt:165:5 Class 'kotlin.Unit' was compiled with an incompatible version of Kotlin. The actual metadata version is 2.1.0, but the compiler version 1.9.0 can read versions up to 2.0.0.
The class is loaded from /Users/wilson.shakya/.gradle/caches/modules-2/files-2.1/org.jetbrains.kotlin/kotlin-stdlib/2.1.0/85f8b81009cda5890e54ba67d64b5e599c645020/kotlin-stdlib-2.1.0.jar!/kotlin/Unit.class
e: file:///Users/wilson.shakya/Documents/GitHub/AppVerse/Elevate/node_modules/react-native-safe-area-context/android/src/main/java/com/th3rdwave/safeareacontext/SafeAreaViewShadowNode.kt:167:11 Class 'kotlin.Unit' was compiled with an incompatible version of Kotlin. The actual metadata version is 2.1.0, but the compiler version 1.9.0 can read versions up to 2.0.0.
The class is loaded from /Users/wilson.shakya/.gradle/caches/modules-2/files-2.1/org.jetbrains.kotlin/kotlin-stdlib/2.1.0/85f8b81009cda5890e54ba67d64b5e599c645020/kotlin-stdlib-2.1.0.jar!/kotlin/Unit.class
e: file:///Users/wilson.shakya/Documents/GitHub/AppVerse/Elevate/node_modules/react-native-safe-area-context/android/src/main/java/com/th3rdwave/safeareacontext/SafeAreaViewShadowNode.kt:168:5 Class 'kotlin.Unit' was compiled with an incompatible version of Kotlin. The actual metadata version is 2.1.0, but the compiler version 1.9.0 can read versions up to 2.0.0.
The class is loaded from /Users/wilson.shakya/.gradle/caches/modules-2/files-2.1/org.jetbrains.kotlin/kotlin-stdlib/2.1.0/85f8b81009cda5890e54ba67d64b5e599c645020/kotlin-stdlib-2.1.0.jar!/kotlin/Unit.class
e: file:///Users/wilson.shakya/Documents/GitHub/AppVerse/Elevate/node_modules/react-native-safe-area-context/android/src/main/java/com/th3rdwave/safeareacontext/SerializationUtils.kt:9:13 Class 'kotlin.Unit' was compiled with an incompatible version of Kotlin. The actual metadata version is 2.1.0, but the compiler version 1.9.0 can read versions up to 2.0.0.
The class is loaded from /Users/wilson.shakya/.gradle/caches/modules-2/files-2.1/org.jetbrains.kotlin/kotlin-stdlib/2.1.0/85f8b81009cda5890e54ba67d64b5e599c645020/kotlin-stdlib-2.1.0.jar!/kotlin/Unit.class
e: file:///Users/wilson.shakya/Documents/GitHub/AppVerse/Elevate/node_modules/react-native-safe-area-context/android/src/main/java/com/th3rdwave/safeareacontext/SerializationUtils.kt:10:13 Class 'kotlin.Unit' was compiled with an incompatible version of Kotlin. The actual metadata version is 2.1.0, but the compiler version 1.9.0 can read versions up to 2.0.0.
The class is loaded from /Users/wilson.shakya/.gradle/caches/modules-2/files-2.1/org.jetbrains.kotlin/kotlin-stdlib/2.1.0/85f8b81009cda5890e54ba67d64b5e599c645020/kotlin-stdlib-2.1.0.jar!/kotlin/Unit.class
e: file:///Users/wilson.shakya/Documents/GitHub/AppVerse/Elevate/node_modules/react-native-safe-area-context/android/src/main/java/com/th3rdwave/safeareacontext/SerializationUtils.kt:11:13 Class 'kotlin.Unit' was compiled with an incompatible version of Kotlin. The actual metadata version is 2.1.0, but the compiler version 1.9.0 can read versions up to 2.0.0.
The class is loaded from /Users/wilson.shakya/.gradle/caches/modules-2/files-2.1/org.jetbrains.kotlin/kotlin-stdlib/2.1.0/85f8b81009cda5890e54ba67d64b5e599c645020/kotlin-stdlib-2.1.0.jar!/kotlin/Unit.class
e: file:///Users/wilson.shakya/Documents/GitHub/AppVerse/Elevate/node_modules/react-native-safe-area-context/android/src/main/java/com/th3rdwave/safeareacontext/SerializationUtils.kt:12:13 Class 'kotlin.Unit' was compiled with an incompatible version of Kotlin. The actual metadata version is 2.1.0, but the compiler version 1.9.0 can read versions up to 2.0.0.
The class is loaded from /Users/wilson.shakya/.gradle/caches/modules-2/files-2.1/org.jetbrains.kotlin/kotlin-stdlib/2.1.0/85f8b81009cda5890e54ba67d64b5e599c645020/kotlin-stdlib-2.1.0.jar!/kotlin/Unit.class
e: file:///Users/wilson.shakya/Documents/GitHub/AppVerse/Elevate/node_modules/react-native-safe-area-context/android/src/main/java/com/th3rdwave/safeareacontext/SerializationUtils.kt:17:10 Unresolved reference: mapOf
e: file:///Users/wilson.shakya/Documents/GitHub/AppVerse/Elevate/node_modules/react-native-safe-area-context/android/src/main/java/com/th3rdwave/safeareacontext/SerializationUtils.kt:18:13 Unresolved reference: to
e: file:///Users/wilson.shakya/Documents/GitHub/AppVerse/Elevate/node_modules/react-native-safe-area-context/android/src/main/java/com/th3rdwave/safeareacontext/SerializationUtils.kt:19:15 Unresolved reference: to
e: file:///Users/wilson.shakya/Documents/GitHub/AppVerse/Elevate/node_modules/react-native-safe-area-context/android/src/main/java/com/th3rdwave/safeareacontext/SerializationUtils.kt:20:16 Unresolved reference: to
e: file:///Users/wilson.shakya/Documents/GitHub/AppVerse/Elevate/node_modules/react-native-safe-area-context/android/src/main/java/com/th3rdwave/safeareacontext/SerializationUtils.kt:21:14 Unresolved reference: to
e: file:///Users/wilson.shakya/Documents/GitHub/AppVerse/Elevate/node_modules/react-native-safe-area-context/android/src/main/java/com/th3rdwave/safeareacontext/SerializationUtils.kt:26:11 Class 'kotlin.Unit' was compiled with an incompatible version of Kotlin. The actual metadata version is 2.1.0, but the compiler version 1.9.0 can read versions up to 2.0.0.
The class is loaded from /Users/wilson.shakya/.gradle/caches/modules-2/files-2.1/org.jetbrains.kotlin/kotlin-stdlib/2.1.0/85f8b81009cda5890e54ba67d64b5e599c645020/kotlin-stdlib-2.1.0.jar!/kotlin/Unit.class
e: file:///Users/wilson.shakya/Documents/GitHub/AppVerse/Elevate/node_modules/react-native-safe-area-context/android/src/main/java/com/th3rdwave/safeareacontext/SerializationUtils.kt:27:11 Class 'kotlin.Unit' was compiled with an incompatible version of Kotlin. The actual metadata version is 2.1.0, but the compiler version 1.9.0 can read versions up to 2.0.0.
The class is loaded from /Users/wilson.shakya/.gradle/caches/modules-2/files-2.1/org.jetbrains.kotlin/kotlin-stdlib/2.1.0/85f8b81009cda5890e54ba67d64b5e599c645020/kotlin-stdlib-2.1.0.jar!/kotlin/Unit.class
e: file:///Users/wilson.shakya/Documents/GitHub/AppVerse/Elevate/node_modules/react-native-safe-area-context/android/src/main/java/com/th3rdwave/safeareacontext/SerializationUtils.kt:28:11 Class 'kotlin.Unit' was compiled with an incompatible version of Kotlin. The actual metadata version is 2.1.0, but the compiler version 1.9.0 can read versions up to 2.0.0.
The class is loaded from /Users/wilson.shakya/.gradle/caches/modules-2/files-2.1/org.jetbrains.kotlin/kotlin-stdlib/2.1.0/85f8b81009cda5890e54ba67d64b5e599c645020/kotlin-stdlib-2.1.0.jar!/kotlin/Unit.class
e: file:///Users/wilson.shakya/Documents/GitHub/AppVerse/Elevate/node_modules/react-native-safe-area-context/android/src/main/java/com/th3rdwave/safeareacontext/SerializationUtils.kt:29:11 Class 'kotlin.Unit' was compiled with an incompatible version of Kotlin. The actual metadata version is 2.1.0, but the compiler version 1.9.0 can read versions up to 2.0.0.
The class is loaded from /Users/wilson.shakya/.gradle/caches/modules-2/files-2.1/org.jetbrains.kotlin/kotlin-stdlib/2.1.0/85f8b81009cda5890e54ba67d64b5e599c645020/kotlin-stdlib-2.1.0.jar!/kotlin/Unit.class
e: file:///Users/wilson.shakya/Documents/GitHub/AppVerse/Elevate/node_modules/react-native-safe-area-context/android/src/main/java/com/th3rdwave/safeareacontext/SerializationUtils.kt:34:10 Unresolved reference: mapOf
e: file:///Users/wilson.shakya/Documents/GitHub/AppVerse/Elevate/node_modules/react-native-safe-area-context/android/src/main/java/com/th3rdwave/safeareacontext/SerializationUtils.kt:35:11 Unresolved reference: to
e: file:///Users/wilson.shakya/Documents/GitHub/AppVerse/Elevate/node_modules/react-native-safe-area-context/android/src/main/java/com/th3rdwave/safeareacontext/SerializationUtils.kt:36:11 Unresolved reference: to
e: file:///Users/wilson.shakya/Documents/GitHub/AppVerse/Elevate/node_modules/react-native-safe-area-context/android/src/main/java/com/th3rdwave/safeareacontext/SerializationUtils.kt:37:15 Unresolved reference: to
e: file:///Users/wilson.shakya/Documents/GitHub/AppVerse/Elevate/node_modules/react-native-safe-area-context/android/src/main/java/com/th3rdwave/safeareacontext/SerializationUtils.kt:38:16 Unresolved reference: to

> Task :react-native-webview:compileDebugKotlin FAILED
e: Incompatible classes were found in dependencies. Remove them from the classpath or use '-Xskip-metadata-version-check' to suppress errors
e: file:///Users/wilson.shakya/.gradle/caches/modules-2/files-2.1/org.jetbrains.kotlin/kotlin-stdlib/2.1.0/85f8b81009cda5890e54ba67d64b5e599c645020/kotlin-stdlib-2.1.0.jar!/META-INF/kotlin-stdlib-jdk7.kotlin_moduleModule was compiled with an incompatible version of Kotlin. The binary version of its metadata is 2.1.0, expected version is 1.9.0.
e: file:///Users/wilson.shakya/.gradle/caches/modules-2/files-2.1/org.jetbrains.kotlin/kotlin-stdlib/2.1.0/85f8b81009cda5890e54ba67d64b5e599c645020/kotlin-stdlib-2.1.0.jar!/META-INF/kotlin-stdlib-jdk8.kotlin_moduleModule was compiled with an incompatible version of Kotlin. The binary version of its metadata is 2.1.0, expected version is 1.9.0.
e: file:///Users/wilson.shakya/.gradle/caches/modules-2/files-2.1/org.jetbrains.kotlin/kotlin-stdlib/2.1.0/85f8b81009cda5890e54ba67d64b5e599c645020/kotlin-stdlib-2.1.0.jar!/META-INF/kotlin-stdlib.kotlin_moduleModule was compiled with an incompatible version of Kotlin. The binary version of its metadata is 2.1.0, expected version is 1.9.0.
e: file:///Users/wilson.shakya/Documents/GitHub/AppVerse/Elevate/node_modules/react-native-webview/android/src/main/java/com/reactnativecommunity/webview/RNCWebViewManagerImpl.kt:32:37 Unresolved reference: toRegex
e: file:///Users/wilson.shakya/Documents/GitHub/AppVerse/Elevate/node_modules/react-native-webview/android/src/main/java/com/reactnativecommunity/webview/RNCWebViewManagerImpl.kt:72:9 Class 'kotlin.Unit' was compiled with an incompatible version of Kotlin. The actual metadata version is 2.1.0, but the compiler version 1.9.0 can read versions up to 2.0.0.
The class is loaded from /Users/wilson.shakya/.gradle/caches/modules-2/files-2.1/org.jetbrains.kotlin/kotlin-stdlib/2.1.0/85f8b81009cda5890e54ba67d64b5e599c645020/kotlin-stdlib-2.1.0.jar!/kotlin/Unit.class
e: file:///Users/wilson.shakya/Documents/GitHub/AppVerse/Elevate/node_modules/react-native-webview/android/src/main/java/com/reactnativecommunity/webview/RNCWebViewManagerImpl.kt:73:17 Class 'kotlin.Unit' was compiled with an incompatible version of Kotlin. The actual metadata version is 2.1.0, but the compiler version 1.9.0 can read versions up to 2.0.0.
The class is loaded from /Users/wilson.shakya/.gradle/caches/modules-2/files-2.1/org.jetbrains.kotlin/kotlin-stdlib/2.1.0/85f8b81009cda5890e54ba67d64b5e599c645020/kotlin-stdlib-2.1.0.jar!/kotlin/Unit.class
e: file:///Users/wilson.shakya/Documents/GitHub/AppVerse/Elevate/node_modules/react-native-webview/android/src/main/java/com/reactnativecommunity/webview/RNCWebViewManagerImpl.kt:74:24 Class 'kotlin.Unit' was compiled with an incompatible version of Kotlin. The actual metadata version is 2.1.0, but the compiler version 1.9.0 can read versions up to 2.0.0.
The class is loaded from /Users/wilson.shakya/.gradle/caches/modules-2/files-2.1/org.jetbrains.kotlin/kotlin-stdlib/2.1.0/85f8b81009cda5890e54ba67d64b5e599c645020/kotlin-stdlib-2.1.0.jar!/kotlin/Unit.class
e: file:///Users/wilson.shakya/Documents/GitHub/AppVerse/Elevate/node_modules/react-native-webview/android/src/main/java/com/reactnativecommunity/webview/RNCWebViewManagerImpl.kt:76:18 Class 'kotlin.Unit' was compiled with an incompatible version of Kotlin. The actual metadata version is 2.1.0, but the compiler version 1.9.0 can read versions up to 2.0.0.
The class is loaded from /Users/wilson.shakya/.gradle/caches/modules-2/files-2.1/org.jetbrains.kotlin/kotlin-stdlib/2.1.0/85f8b81009cda5890e54ba67d64b5e599c645020/kotlin-stdlib-2.1.0.jar!/kotlin/Unit.class
e: file:///Users/wilson.shakya/Documents/GitHub/AppVerse/Elevate/node_modules/react-native-webview/android/src/main/java/com/reactnativecommunity/webview/RNCWebViewManagerImpl.kt:77:18 Class 'kotlin.Unit' was compiled with an incompatible version of Kotlin. The actual metadata version is 2.1.0, but the compiler version 1.9.0 can read versions up to 2.0.0.
The class is loaded from /Users/wilson.shakya/.gradle/caches/modules-2/files-2.1/org.jetbrains.kotlin/kotlin-stdlib/2.1.0/85f8b81009cda5890e54ba67d64b5e599c645020/kotlin-stdlib-2.1.0.jar!/kotlin/Unit.class
e: file:///Users/wilson.shakya/Documents/GitHub/AppVerse/Elevate/node_modules/react-native-webview/android/src/main/java/com/reactnativecommunity/webview/RNCWebViewManagerImpl.kt:78:18 Class 'kotlin.Unit' was compiled with an incompatible version of Kotlin. The actual metadata version is 2.1.0, but the compiler version 1.9.0 can read versions up to 2.0.0.
The class is loaded from /Users/wilson.shakya/.gradle/caches/modules-2/files-2.1/org.jetbrains.kotlin/kotlin-stdlib/2.1.0/85f8b81009cda5890e54ba67d64b5e599c645020/kotlin-stdlib-2.1.0.jar!/kotlin/Unit.class
e: file:///Users/wilson.shakya/Documents/GitHub/AppVerse/Elevate/node_modules/react-native-webview/android/src/main/java/com/reactnativecommunity/webview/RNCWebViewManagerImpl.kt:79:18 Class 'kotlin.Unit' was compiled with an incompatible version of Kotlin. The actual metadata version is 2.1.0, but the compiler version 1.9.0 can read versions up to 2.0.0.
The class is loaded from /Users/wilson.shakya/.gradle/caches/modules-2/files-2.1/org.jetbrains.kotlin/kotlin-stdlib/2.1.0/85f8b81009cda5890e54ba67d64b5e599c645020/kotlin-stdlib-2.1.0.jar!/kotlin/Unit.class
e: file:///Users/wilson.shakya/Documents/GitHub/AppVerse/Elevate/node_modules/react-native-webview/android/src/main/java/com/reactnativecommunity/webview/RNCWebViewManagerImpl.kt:80:18 Class 'kotlin.Unit' was compiled with an incompatible version of Kotlin. The actual metadata version is 2.1.0, but the compiler version 1.9.0 can read versions up to 2.0.0.
The class is loaded from /Users/wilson.shakya/.gradle/caches/modules-2/files-2.1/org.jetbrains.kotlin/kotlin-stdlib/2.1.0/85f8b81009cda5890e54ba67d64b5e599c645020/kotlin-stdlib-2.1.0.jar!/kotlin/Unit.class
e: file:///Users/wilson.shakya/Documents/GitHub/AppVerse/Elevate/node_modules/react-native-webview/android/src/main/java/com/reactnativecommunity/webview/RNCWebViewManagerImpl.kt:81:18 Class 'kotlin.Unit' was compiled with an incompatible version of Kotlin. The actual metadata version is 2.1.0, but the compiler version 1.9.0 can read versions up to 2.0.0.
The class is loaded from /Users/wilson.shakya/.gradle/caches/modules-2/files-2.1/org.jetbrains.kotlin/kotlin-stdlib/2.1.0/85f8b81009cda5890e54ba67d64b5e599c645020/kotlin-stdlib-2.1.0.jar!/kotlin/Unit.class
e: file:///Users/wilson.shakya/Documents/GitHub/AppVerse/Elevate/node_modules/react-native-webview/android/src/main/java/com/reactnativecommunity/webview/RNCWebViewManagerImpl.kt:82:18 Class 'kotlin.Unit' was compiled with an incompatible version of Kotlin. The actual metadata version is 2.1.0, but the compiler version 1.9.0 can read versions up to 2.0.0.
The class is loaded from /Users/wilson.shakya/.gradle/caches/modules-2/files-2.1/org.jetbrains.kotlin/kotlin-stdlib/2.1.0/85f8b81009cda5890e54ba67d64b5e599c645020/kotlin-stdlib-2.1.0.jar!/kotlin/Unit.class
e: file:///Users/wilson.shakya/Documents/GitHub/AppVerse/Elevate/node_modules/react-native-webview/android/src/main/java/com/reactnativecommunity/webview/RNCWebViewManagerImpl.kt:83:18 Class 'kotlin.Unit' was compiled with an incompatible version of Kotlin. The actual metadata version is 2.1.0, but the compiler version 1.9.0 can read versions up to 2.0.0.
The class is loaded from /Users/wilson.shakya/.gradle/caches/modules-2/files-2.1/org.jetbrains.kotlin/kotlin-stdlib/2.1.0/85f8b81009cda5890e54ba67d64b5e599c645020/kotlin-stdlib-2.1.0.jar!/kotlin/Unit.class
e: file:///Users/wilson.shakya/Documents/GitHub/AppVerse/Elevate/node_modules/react-native-webview/android/src/main/java/com/reactnativecommunity/webview/RNCWebViewManagerImpl.kt:84:18 Class 'kotlin.Unit' was compiled with an incompatible version of Kotlin. The actual metadata version is 2.1.0, but the compiler version 1.9.0 can read versions up to 2.0.0.
The class is loaded from /Users/wilson.shakya/.gradle/caches/modules-2/files-2.1/org.jetbrains.kotlin/kotlin-stdlib/2.1.0/85f8b81009cda5890e54ba67d64b5e599c645020/kotlin-stdlib-2.1.0.jar!/kotlin/Unit.class
e: file:///Users/wilson.shakya/Documents/GitHub/AppVerse/Elevate/node_modules/react-native-webview/android/src/main/java/com/reactnativecommunity/webview/RNCWebViewManagerImpl.kt:87:17 Class 'kotlin.Unit' was compiled with an incompatible version of Kotlin. The actual metadata version is 2.1.0, but the compiler version 1.9.0 can read versions up to 2.0.0.
The class is loaded from /Users/wilson.shakya/.gradle/caches/modules-2/files-2.1/org.jetbrains.kotlin/kotlin-stdlib/2.1.0/85f8b81009cda5890e54ba67d64b5e599c645020/kotlin-stdlib-2.1.0.jar!/kotlin/Unit.class
e: file:///Users/wilson.shakya/Documents/GitHub/AppVerse/Elevate/node_modules/react-native-webview/android/src/main/java/com/reactnativecommunity/webview/RNCWebViewManagerImpl.kt:92:21 Class 'kotlin.Unit' was compiled with an incompatible version of Kotlin. The actual metadata version is 2.1.0, but the compiler version 1.9.0 can read versions up to 2.0.0.
The class is loaded from /Users/wilson.shakya/.gradle/caches/modules-2/files-2.1/org.jetbrains.kotlin/kotlin-stdlib/2.1.0/85f8b81009cda5890e54ba67d64b5e599c645020/kotlin-stdlib-2.1.0.jar!/kotlin/Unit.class
e: file:///Users/wilson.shakya/Documents/GitHub/AppVerse/Elevate/node_modules/react-native-webview/android/src/main/java/com/reactnativecommunity/webview/RNCWebViewManagerImpl.kt:94:17 Class 'kotlin.Unit' was compiled with an incompatible version of Kotlin. The actual metadata version is 2.1.0, but the compiler version 1.9.0 can read versions up to 2.0.0.
The class is loaded from /Users/wilson.shakya/.gradle/caches/modules-2/files-2.1/org.jetbrains.kotlin/kotlin-stdlib/2.1.0/85f8b81009cda5890e54ba67d64b5e599c645020/kotlin-stdlib-2.1.0.jar!/kotlin/Unit.class
e: file:///Users/wilson.shakya/Documents/GitHub/AppVerse/Elevate/node_modules/react-native-webview/android/src/main/java/com/reactnativecommunity/webview/RNCWebViewManagerImpl.kt:95:21 Class 'kotlin.Unit' was compiled with an incompatible version of Kotlin. The actual metadata version is 2.1.0, but the compiler version 1.9.0 can read versions up to 2.0.0.
The class is loaded from /Users/wilson.shakya/.gradle/caches/modules-2/files-2.1/org.jetbrains.kotlin/kotlin-stdlib/2.1.0/85f8b81009cda5890e54ba67d64b5e599c645020/kotlin-stdlib-2.1.0.jar!/kotlin/Unit.class
e: file:///Users/wilson.shakya/Documents/GitHub/AppVerse/Elevate/node_modules/react-native-webview/android/src/main/java/com/reactnativecommunity/webview/RNCWebViewManagerImpl.kt:96:98 Unresolved reference: java
e: file:///Users/wilson.shakya/Documents/GitHub/AppVerse/Elevate/node_modules/react-native-webview/android/src/main/java/com/reactnativecommunity/webview/RNCWebViewManagerImpl.kt:106:33 Unresolved reference: replace
e: file:///Users/wilson.shakya/Documents/GitHub/AppVerse/Elevate/node_modules/react-native-webview/android/src/main/java/com/reactnativecommunity/webview/RNCWebViewManagerImpl.kt:125:21 Class 'kotlin.Unit' was compiled with an incompatible version of Kotlin. The actual metadata version is 2.1.0, but the compiler version 1.9.0 can read versions up to 2.0.0.
The class is loaded from /Users/wilson.shakya/.gradle/caches/modules-2/files-2.1/org.jetbrains.kotlin/kotlin-stdlib/2.1.0/85f8b81009cda5890e54ba67d64b5e599c645020/kotlin-stdlib-2.1.0.jar!/kotlin/Unit.class
e: file:///Users/wilson.shakya/Documents/GitHub/AppVerse/Elevate/node_modules/react-native-webview/android/src/main/java/com/reactnativecommunity/webview/RNCWebViewManagerImpl.kt:128:20 Unresolved reference: setDownloadRequest
e: file:///Users/wilson.shakya/Documents/GitHub/AppVerse/Elevate/node_modules/react-native-webview/android/src/main/java/com/reactnativecommunity/webview/RNCWebViewManagerImpl.kt:129:24 Unresolved reference: grantFileDownloaderPermissions
e: file:///Users/wilson.shakya/Documents/GitHub/AppVerse/Elevate/node_modules/react-native-webview/android/src/main/java/com/reactnativecommunity/webview/RNCWebViewManagerImpl.kt:134:24 Unresolved reference: downloadFile
e: file:///Users/wilson.shakya/Documents/GitHub/AppVerse/Elevate/node_modules/react-native-webview/android/src/main/java/com/reactnativecommunity/webview/RNCWebViewManagerImpl.kt:146:9 Class 'kotlin.Unit' was compiled with an incompatible version of Kotlin. The actual metadata version is 2.1.0, but the compiler version 1.9.0 can read versions up to 2.0.0.
The class is loaded from /Users/wilson.shakya/.gradle/caches/modules-2/files-2.1/org.jetbrains.kotlin/kotlin-stdlib/2.1.0/85f8b81009cda5890e54ba67d64b5e599c645020/kotlin-stdlib-2.1.0.jar!/kotlin/Unit.class
e: file:///Users/wilson.shakya/Documents/GitHub/AppVerse/Elevate/node_modules/react-native-webview/android/src/main/java/com/reactnativecommunity/webview/RNCWebViewManagerImpl.kt:156:38 Class 'kotlin.Unit' was compiled with an incompatible version of Kotlin. The actual metadata version is 2.1.0, but the compiler version 1.9.0 can read versions up to 2.0.0.
The class is loaded from /Users/wilson.shakya/.gradle/caches/modules-2/files-2.1/org.jetbrains.kotlin/kotlin-stdlib/2.1.0/85f8b81009cda5890e54ba67d64b5e599c645020/kotlin-stdlib-2.1.0.jar!/kotlin/Unit.class
e: file:///Users/wilson.shakya/Documents/GitHub/AppVerse/Elevate/node_modules/react-native-webview/android/src/main/java/com/reactnativecommunity/webview/RNCWebViewManagerImpl.kt:161:34 Class 'kotlin.Unit' was compiled with an incompatible version of Kotlin. The actual metadata version is 2.1.0, but the compiler version 1.9.0 can read versions up to 2.0.0.
The class is loaded from /Users/wilson.shakya/.gradle/caches/modules-2/files-2.1/org.jetbrains.kotlin/kotlin-stdlib/2.1.0/85f8b81009cda5890e54ba67d64b5e599c645020/kotlin-stdlib-2.1.0.jar!/kotlin/Unit.class
e: file:///Users/wilson.shakya/Documents/GitHub/AppVerse/Elevate/node_modules/react-native-webview/android/src/main/java/com/reactnativecommunity/webview/RNCWebViewManagerImpl.kt:162:36 Class 'kotlin.Unit' was compiled with an incompatible version of Kotlin. The actual metadata version is 2.1.0, but the compiler version 1.9.0 can read versions up to 2.0.0.
The class is loaded from /Users/wilson.shakya/.gradle/caches/modules-2/files-2.1/org.jetbrains.kotlin/kotlin-stdlib/2.1.0/85f8b81009cda5890e54ba67d64b5e599c645020/kotlin-stdlib-2.1.0.jar!/kotlin/Unit.class
e: file:///Users/wilson.shakya/Documents/GitHub/AppVerse/Elevate/node_modules/react-native-webview/android/src/main/java/com/reactnativecommunity/webview/RNCWebViewManagerImpl.kt:163:41 Class 'kotlin.Unit' was compiled with an incompatible version of Kotlin. The actual metadata version is 2.1.0, but the compiler version 1.9.0 can read versions up to 2.0.0.
The class is loaded from /Users/wilson.shakya/.gradle/caches/modules-2/files-2.1/org.jetbrains.kotlin/kotlin-stdlib/2.1.0/85f8b81009cda5890e54ba67d64b5e599c645020/kotlin-stdlib-2.1.0.jar!/kotlin/Unit.class
e: file:///Users/wilson.shakya/Documents/GitHub/AppVerse/Elevate/node_modules/react-native-webview/android/src/main/java/com/reactnativecommunity/webview/RNCWebViewManagerImpl.kt:167:36 Class 'kotlin.Unit' was compiled with an incompatible version of Kotlin. The actual metadata version is 2.1.0, but the compiler version 1.9.0 can read versions up to 2.0.0.
The class is loaded from /Users/wilson.shakya/.gradle/caches/modules-2/files-2.1/org.jetbrains.kotlin/kotlin-stdlib/2.1.0/85f8b81009cda5890e54ba67d64b5e599c645020/kotlin-stdlib-2.1.0.jar!/kotlin/Unit.class
e: file:///Users/wilson.shakya/Documents/GitHub/AppVerse/Elevate/node_modules/react-native-webview/android/src/main/java/com/reactnativecommunity/webview/RNCWebViewManagerImpl.kt:176:34 Class 'kotlin.Unit' was compiled with an incompatible version of Kotlin. The actual metadata version is 2.1.0, but the compiler version 1.9.0 can read versions up to 2.0.0.
The class is loaded from /Users/wilson.shakya/.gradle/caches/modules-2/files-2.1/org.jetbrains.kotlin/kotlin-stdlib/2.1.0/85f8b81009cda5890e54ba67d64b5e599c645020/kotlin-stdlib-2.1.0.jar!/kotlin/Unit.class
e: file:///Users/wilson.shakya/Documents/GitHub/AppVerse/Elevate/node_modules/react-native-webview/android/src/main/java/com/reactnativecommunity/webview/RNCWebViewManagerImpl.kt:179:25 Class 'kotlin.Unit' was compiled with an incompatible version of Kotlin. The actual metadata version is 2.1.0, but the compiler version 1.9.0 can read versions up to 2.0.0.
The class is loaded from /Users/wilson.shakya/.gradle/caches/modules-2/files-2.1/org.jetbrains.kotlin/kotlin-stdlib/2.1.0/85f8b81009cda5890e54ba67d64b5e599c645020/kotlin-stdlib-2.1.0.jar!/kotlin/Unit.class
e: file:///Users/wilson.shakya/Documents/GitHub/AppVerse/Elevate/node_modules/react-native-webview/android/src/main/java/com/reactnativecommunity/webview/RNCWebViewManagerImpl.kt:180:47 Class 'kotlin.Unit' was compiled with an incompatible version of Kotlin. The actual metadata version is 2.1.0, but the compiler version 1.9.0 can read versions up to 2.0.0.
The class is loaded from /Users/wilson.shakya/.gradle/caches/modules-2/files-2.1/org.jetbrains.kotlin/kotlin-stdlib/2.1.0/85f8b81009cda5890e54ba67d64b5e599c645020/kotlin-stdlib-2.1.0.jar!/kotlin/Unit.class
e: file:///Users/wilson.shakya/Documents/GitHub/AppVerse/Elevate/node_modules/react-native-webview/android/src/main/java/com/reactnativecommunity/webview/RNCWebViewManagerImpl.kt:183:38 Class 'kotlin.Unit' was compiled with an incompatible version of Kotlin. The actual metadata version is 2.1.0, but the compiler version 1.9.0 can read versions up to 2.0.0.
The class is loaded from /Users/wilson.shakya/.gradle/caches/modules-2/files-2.1/org.jetbrains.kotlin/kotlin-stdlib/2.1.0/85f8b81009cda5890e54ba67d64b5e599c645020/kotlin-stdlib-2.1.0.jar!/kotlin/Unit.class
e: file:///Users/wilson.shakya/Documents/GitHub/AppVerse/Elevate/node_modules/react-native-webview/android/src/main/java/com/reactnativecommunity/webview/RNCWebViewManagerImpl.kt:185:53 Class 'kotlin.Unit' was compiled with an incompatible version of Kotlin. The actual metadata version is 2.1.0, but the compiler version 1.9.0 can read versions up to 2.0.0.
The class is loaded from /Users/wilson.shakya/.gradle/caches/modules-2/files-2.1/org.jetbrains.kotlin/kotlin-stdlib/2.1.0/85f8b81009cda5890e54ba67d64b5e599c645020/kotlin-stdlib-2.1.0.jar!/kotlin/Unit.class
e: file:///Users/wilson.shakya/Documents/GitHub/AppVerse/Elevate/node_modules/react-native-webview/android/src/main/java/com/reactnativecommunity/webview/RNCWebViewManagerImpl.kt:195:25 Class 'kotlin.Unit' was compiled with an incompatible version of Kotlin. The actual metadata version is 2.1.0, but the compiler version 1.9.0 can read versions up to 2.0.0.
The class is loaded from /Users/wilson.shakya/.gradle/caches/modules-2/files-2.1/org.jetbrains.kotlin/kotlin-stdlib/2.1.0/85f8b81009cda5890e54ba67d64b5e599c645020/kotlin-stdlib-2.1.0.jar!/kotlin/Unit.class
e: file:///Users/wilson.shakya/Documents/GitHub/AppVerse/Elevate/node_modules/react-native-webview/android/src/main/java/com/reactnativecommunity/webview/RNCWebViewManagerImpl.kt:196:47 Class 'kotlin.Unit' was compiled with an incompatible version of Kotlin. The actual metadata version is 2.1.0, but the compiler version 1.9.0 can read versions up to 2.0.0.
The class is loaded from /Users/wilson.shakya/.gradle/caches/modules-2/files-2.1/org.jetbrains.kotlin/kotlin-stdlib/2.1.0/85f8b81009cda5890e54ba67d64b5e599c645020/kotlin-stdlib-2.1.0.jar!/kotlin/Unit.class
e: file:///Users/wilson.shakya/Documents/GitHub/AppVerse/Elevate/node_modules/react-native-webview/android/src/main/java/com/reactnativecommunity/webview/RNCWebViewManagerImpl.kt:199:38 Class 'kotlin.Unit' was compiled with an incompatible version of Kotlin. The actual metadata version is 2.1.0, but the compiler version 1.9.0 can read versions up to 2.0.0.
The class is loaded from /Users/wilson.shakya/.gradle/caches/modules-2/files-2.1/org.jetbrains.kotlin/kotlin-stdlib/2.1.0/85f8b81009cda5890e54ba67d64b5e599c645020/kotlin-stdlib-2.1.0.jar!/kotlin/Unit.class
e: file:///Users/wilson.shakya/Documents/GitHub/AppVerse/Elevate/node_modules/react-native-webview/android/src/main/java/com/reactnativecommunity/webview/RNCWebViewManagerImpl.kt:201:41 Class 'kotlin.Unit' was compiled with an incompatible version of Kotlin. The actual metadata version is 2.1.0, but the compiler version 1.9.0 can read versions up to 2.0.0.
The class is loaded from /Users/wilson.shakya/.gradle/caches/modules-2/files-2.1/org.jetbrains.kotlin/kotlin-stdlib/2.1.0/85f8b81009cda5890e54ba67d64b5e599c645020/kotlin-stdlib-2.1.0.jar!/kotlin/Unit.class
e: file:///Users/wilson.shakya/Documents/GitHub/AppVerse/Elevate/node_modules/react-native-webview/android/src/main/java/com/reactnativecommunity/webview/RNCWebViewManagerImpl.kt:202:34 Class 'kotlin.Unit' was compiled with an incompatible version of Kotlin. The actual metadata version is 2.1.0, but the compiler version 1.9.0 can read versions up to 2.0.0.
The class is loaded from /Users/wilson.shakya/.gradle/caches/modules-2/files-2.1/org.jetbrains.kotlin/kotlin-stdlib/2.1.0/85f8b81009cda5890e54ba67d64b5e599c645020/kotlin-stdlib-2.1.0.jar!/kotlin/Unit.class
e: file:///Users/wilson.shakya/Documents/GitHub/AppVerse/Elevate/node_modules/react-native-webview/android/src/main/java/com/reactnativecommunity/webview/RNCWebViewManagerImpl.kt:203:45 Class 'kotlin.Unit' was compiled with an incompatible version of Kotlin. The actual metadata version is 2.1.0, but the compiler version 1.9.0 can read versions up to 2.0.0.
The class is loaded from /Users/wilson.shakya/.gradle/caches/modules-2/files-2.1/org.jetbrains.kotlin/kotlin-stdlib/2.1.0/85f8b81009cda5890e54ba67d64b5e599c645020/kotlin-stdlib-2.1.0.jar!/kotlin/Unit.class
e: file:///Users/wilson.shakya/Documents/GitHub/AppVerse/Elevate/node_modules/react-native-webview/android/src/main/java/com/reactnativecommunity/webview/RNCWebViewManagerImpl.kt:206:34 Class 'kotlin.Unit' was compiled with an incompatible version of Kotlin. The actual metadata version is 2.1.0, but the compiler version 1.9.0 can read versions up to 2.0.0.
The class is loaded from /Users/wilson.shakya/.gradle/caches/modules-2/files-2.1/org.jetbrains.kotlin/kotlin-stdlib/2.1.0/85f8b81009cda5890e54ba67d64b5e599c645020/kotlin-stdlib-2.1.0.jar!/kotlin/Unit.class
e: file:///Users/wilson.shakya/Documents/GitHub/AppVerse/Elevate/node_modules/react-native-webview/android/src/main/java/com/reactnativecommunity/webview/RNCWebViewManagerImpl.kt:207:53 Class 'kotlin.Unit' was compiled with an incompatible version of Kotlin. The actual metadata version is 2.1.0, but the compiler version 1.9.0 can read versions up to 2.0.0.
The class is loaded from /Users/wilson.shakya/.gradle/caches/modules-2/files-2.1/org.jetbrains.kotlin/kotlin-stdlib/2.1.0/85f8b81009cda5890e54ba67d64b5e599c645020/kotlin-stdlib-2.1.0.jar!/kotlin/Unit.class
e: file:///Users/wilson.shakya/Documents/GitHub/AppVerse/Elevate/node_modules/react-native-webview/android/src/main/java/com/reactnativecommunity/webview/RNCWebViewManagerImpl.kt:210:29 Class 'kotlin.Unit' was compiled with an incompatible version of Kotlin. The actual metadata version is 2.1.0, but the compiler version 1.9.0 can read versions up to 2.0.0.
The class is loaded from /Users/wilson.shakya/.gradle/caches/modules-2/files-2.1/org.jetbrains.kotlin/kotlin-stdlib/2.1.0/85f8b81009cda5890e54ba67d64b5e599c645020/kotlin-stdlib-2.1.0.jar!/kotlin/Unit.class
e: file:///Users/wilson.shakya/Documents/GitHub/AppVerse/Elevate/node_modules/react-native-webview/android/src/main/java/com/reactnativecommunity/webview/RNCWebViewManagerImpl.kt:211:29 Class 'kotlin.Unit' was compiled with an incompatible version of Kotlin. The actual metadata version is 2.1.0, but the compiler version 1.9.0 can read versions up to 2.0.0.
The class is loaded from /Users/wilson.shakya/.gradle/caches/modules-2/files-2.1/org.jetbrains.kotlin/kotlin-stdlib/2.1.0/85f8b81009cda5890e54ba67d64b5e599c645020/kotlin-stdlib-2.1.0.jar!/kotlin/Unit.class
e: file:///Users/wilson.shakya/Documents/GitHub/AppVerse/Elevate/node_modules/react-native-webview/android/src/main/java/com/reactnativecommunity/webview/RNCWebViewManagerImpl.kt:212:21 Class 'kotlin.Unit' was compiled with an incompatible version of Kotlin. The actual metadata version is 2.1.0, but the compiler version 1.9.0 can read versions up to 2.0.0.
The class is loaded from /Users/wilson.shakya/.gradle/caches/modules-2/files-2.1/org.jetbrains.kotlin/kotlin-stdlib/2.1.0/85f8b81009cda5890e54ba67d64b5e599c645020/kotlin-stdlib-2.1.0.jar!/kotlin/Unit.class
e: file:///Users/wilson.shakya/Documents/GitHub/AppVerse/Elevate/node_modules/react-native-webview/android/src/main/java/com/reactnativecommunity/webview/RNCWebViewManagerImpl.kt:215:30 Class 'kotlin.Unit' was compiled with an incompatible version of Kotlin. The actual metadata version is 2.1.0, but the compiler version 1.9.0 can read versions up to 2.0.0.
The class is loaded from /Users/wilson.shakya/.gradle/caches/modules-2/files-2.1/org.jetbrains.kotlin/kotlin-stdlib/2.1.0/85f8b81009cda5890e54ba67d64b5e599c645020/kotlin-stdlib-2.1.0.jar!/kotlin/Unit.class
e: file:///Users/wilson.shakya/Documents/GitHub/AppVerse/Elevate/node_modules/react-native-webview/android/src/main/java/com/reactnativecommunity/webview/RNCWebViewManagerImpl.kt:221:29 Class 'kotlin.Unit' was compiled with an incompatible version of Kotlin. The actual metadata version is 2.1.0, but the compiler version 1.9.0 can read versions up to 2.0.0.
The class is loaded from /Users/wilson.shakya/.gradle/caches/modules-2/files-2.1/org.jetbrains.kotlin/kotlin-stdlib/2.1.0/85f8b81009cda5890e54ba67d64b5e599c645020/kotlin-stdlib-2.1.0.jar!/kotlin/Unit.class
e: file:///Users/wilson.shakya/Documents/GitHub/AppVerse/Elevate/node_modules/react-native-webview/android/src/main/java/com/reactnativecommunity/webview/RNCWebViewManagerImpl.kt:222:29 Class 'kotlin.Unit' was compiled with an incompatible version of Kotlin. The actual metadata version is 2.1.0, but the compiler version 1.9.0 can read versions up to 2.0.0.
The class is loaded from /Users/wilson.shakya/.gradle/caches/modules-2/files-2.1/org.jetbrains.kotlin/kotlin-stdlib/2.1.0/85f8b81009cda5890e54ba67d64b5e599c645020/kotlin-stdlib-2.1.0.jar!/kotlin/Unit.class
e: file:///Users/wilson.shakya/Documents/GitHub/AppVerse/Elevate/node_modules/react-native-webview/android/src/main/java/com/reactnativecommunity/webview/RNCWebViewManagerImpl.kt:223:21 Class 'kotlin.Unit' was compiled with an incompatible version of Kotlin. The actual metadata version is 2.1.0, but the compiler version 1.9.0 can read versions up to 2.0.0.
The class is loaded from /Users/wilson.shakya/.gradle/caches/modules-2/files-2.1/org.jetbrains.kotlin/kotlin-stdlib/2.1.0/85f8b81009cda5890e54ba67d64b5e599c645020/kotlin-stdlib-2.1.0.jar!/kotlin/Unit.class
e: file:///Users/wilson.shakya/Documents/GitHub/AppVerse/Elevate/node_modules/react-native-webview/android/src/main/java/com/reactnativecommunity/webview/RNCWebViewManagerImpl.kt:228:9 Class 'kotlin.Unit' was compiled with an incompatible version of Kotlin. The actual metadata version is 2.1.0, but the compiler version 1.9.0 can read versions up to 2.0.0.
The class is loaded from /Users/wilson.shakya/.gradle/caches/modules-2/files-2.1/org.jetbrains.kotlin/kotlin-stdlib/2.1.0/85f8b81009cda5890e54ba67d64b5e599c645020/kotlin-stdlib-2.1.0.jar!/kotlin/Unit.class
e: file:///Users/wilson.shakya/Documents/GitHub/AppVerse/Elevate/node_modules/react-native-webview/android/src/main/java/com/reactnativecommunity/webview/RNCWebViewManagerImpl.kt:229:9 Class 'kotlin.Unit' was compiled with an incompatible version of Kotlin. The actual metadata version is 2.1.0, but the compiler version 1.9.0 can read versions up to 2.0.0.
The class is loaded from /Users/wilson.shakya/.gradle/caches/modules-2/files-2.1/org.jetbrains.kotlin/kotlin-stdlib/2.1.0/85f8b81009cda5890e54ba67d64b5e599c645020/kotlin-stdlib-2.1.0.jar!/kotlin/Unit.class
e: file:///Users/wilson.shakya/Documents/GitHub/AppVerse/Elevate/node_modules/react-native-webview/android/src/main/java/com/reactnativecommunity/webview/RNCWebViewManagerImpl.kt:233:9 Class 'kotlin.Unit' was compiled with an incompatible version of Kotlin. The actual metadata version is 2.1.0, but the compiler version 1.9.0 can read versions up to 2.0.0.
The class is loaded from /Users/wilson.shakya/.gradle/caches/modules-2/files-2.1/org.jetbrains.kotlin/kotlin-stdlib/2.1.0/85f8b81009cda5890e54ba67d64b5e599c645020/kotlin-stdlib-2.1.0.jar!/kotlin/Unit.class
e: file:///Users/wilson.shakya/Documents/GitHub/AppVerse/Elevate/node_modules/react-native-webview/android/src/main/java/com/reactnativecommunity/webview/RNCWebViewManagerImpl.kt:236:17 Class 'kotlin.Unit' was compiled with an incompatible version of Kotlin. The actual metadata version is 2.1.0, but the compiler version 1.9.0 can read versions up to 2.0.0.
The class is loaded from /Users/wilson.shakya/.gradle/caches/modules-2/files-2.1/org.jetbrains.kotlin/kotlin-stdlib/2.1.0/85f8b81009cda5890e54ba67d64b5e599c645020/kotlin-stdlib-2.1.0.jar!/kotlin/Unit.class
e: file:///Users/wilson.shakya/Documents/GitHub/AppVerse/Elevate/node_modules/react-native-webview/android/src/main/java/com/reactnativecommunity/webview/RNCWebViewManagerImpl.kt:239:17 Class 'kotlin.Unit' was compiled with an incompatible version of Kotlin. The actual metadata version is 2.1.0, but the compiler version 1.9.0 can read versions up to 2.0.0.
The class is loaded from /Users/wilson.shakya/.gradle/caches/modules-2/files-2.1/org.jetbrains.kotlin/kotlin-stdlib/2.1.0/85f8b81009cda5890e54ba67d64b5e599c645020/kotlin-stdlib-2.1.0.jar!/kotlin/Unit.class
e: file:///Users/wilson.shakya/Documents/GitHub/AppVerse/Elevate/node_modules/react-native-webview/android/src/main/java/com/reactnativecommunity/webview/RNCWebViewManagerImpl.kt:242:9 Class 'kotlin.Unit' was compiled with an incompatible version of Kotlin. The actual metadata version is 2.1.0, but the compiler version 1.9.0 can read versions up to 2.0.0.
The class is loaded from /Users/wilson.shakya/.gradle/caches/modules-2/files-2.1/org.jetbrains.kotlin/kotlin-stdlib/2.1.0/85f8b81009cda5890e54ba67d64b5e599c645020/kotlin-stdlib-2.1.0.jar!/kotlin/Unit.class
e: file:///Users/wilson.shakya/Documents/GitHub/AppVerse/Elevate/node_modules/react-native-webview/android/src/main/java/com/reactnativecommunity/webview/RNCWebViewManagerImpl.kt:247:9 Class 'kotlin.Unit' was compiled with an incompatible version of Kotlin. The actual metadata version is 2.1.0, but the compiler version 1.9.0 can read versions up to 2.0.0.
The class is loaded from /Users/wilson.shakya/.gradle/caches/modules-2/files-2.1/org.jetbrains.kotlin/kotlin-stdlib/2.1.0/85f8b81009cda5890e54ba67d64b5e599c645020/kotlin-stdlib-2.1.0.jar!/kotlin/Unit.class
e: file:///Users/wilson.shakya/Documents/GitHub/AppVerse/Elevate/node_modules/react-native-webview/android/src/main/java/com/reactnativecommunity/webview/RNCWebViewManagerImpl.kt:249:31 Class 'kotlin.Unit' was compiled with an incompatible version of Kotlin. The actual metadata version is 2.1.0, but the compiler version 1.9.0 can read versions up to 2.0.0.
The class is loaded from /Users/wilson.shakya/.gradle/caches/modules-2/files-2.1/org.jetbrains.kotlin/kotlin-stdlib/2.1.0/85f8b81009cda5890e54ba67d64b5e599c645020/kotlin-stdlib-2.1.0.jar!/kotlin/Unit.class
e: file:///Users/wilson.shakya/Documents/GitHub/AppVerse/Elevate/node_modules/react-native-webview/android/src/main/java/com/reactnativecommunity/webview/RNCWebViewManagerImpl.kt:252:31 Class 'kotlin.Unit' was compiled with an incompatible version of Kotlin. The actual metadata version is 2.1.0, but the compiler version 1.9.0 can read versions up to 2.0.0.
The class is loaded from /Users/wilson.shakya/.gradle/caches/modules-2/files-2.1/org.jetbrains.kotlin/kotlin-stdlib/2.1.0/85f8b81009cda5890e54ba67d64b5e599c645020/kotlin-stdlib-2.1.0.jar!/kotlin/Unit.class
e: file:///Users/wilson.shakya/Documents/GitHub/AppVerse/Elevate/node_modules/react-native-webview/android/src/main/java/com/reactnativecommunity/webview/RNCWebViewManagerImpl.kt:255:31 Class 'kotlin.Unit' was compiled with an incompatible version of Kotlin. The actual metadata version is 2.1.0, but the compiler version 1.9.0 can read versions up to 2.0.0.
The class is loaded from /Users/wilson.shakya/.gradle/caches/modules-2/files-2.1/org.jetbrains.kotlin/kotlin-stdlib/2.1.0/85f8b81009cda5890e54ba67d64b5e599c645020/kotlin-stdlib-2.1.0.jar!/kotlin/Unit.class
e: file:///Users/wilson.shakya/Documents/GitHub/AppVerse/Elevate/node_modules/react-native-webview/android/src/main/java/com/reactnativecommunity/webview/RNCWebViewManagerImpl.kt:269:29 Class 'kotlin.Unit' was compiled with an incompatible version of Kotlin. The actual metadata version is 2.1.0, but the compiler version 1.9.0 can read versions up to 2.0.0.
The class is loaded from /Users/wilson.shakya/.gradle/caches/modules-2/files-2.1/org.jetbrains.kotlin/kotlin-stdlib/2.1.0/85f8b81009cda5890e54ba67d64b5e599c645020/kotlin-stdlib-2.1.0.jar!/kotlin/Unit.class
e: file:///Users/wilson.shakya/Documents/GitHub/AppVerse/Elevate/node_modules/react-native-webview/android/src/main/java/com/reactnativecommunity/webview/RNCWebViewManagerImpl.kt:273:25 Unresolved reference: let
e: file:///Users/wilson.shakya/Documents/GitHub/AppVerse/Elevate/node_modules/react-native-webview/android/src/main/java/com/reactnativecommunity/webview/RNCWebViewManagerImpl.kt:273:31 Cannot infer a type for this parameter. Please specify it explicitly.
e: file:///Users/wilson.shakya/Documents/GitHub/AppVerse/Elevate/node_modules/react-native-webview/android/src/main/java/com/reactnativecommunity/webview/RNCWebViewManagerImpl.kt:274:13 Class 'kotlin.Unit' was compiled with an incompatible version of Kotlin. The actual metadata version is 2.1.0, but the compiler version 1.9.0 can read versions up to 2.0.0.
The class is loaded from /Users/wilson.shakya/.gradle/caches/modules-2/files-2.1/org.jetbrains.kotlin/kotlin-stdlib/2.1.0/85f8b81009cda5890e54ba67d64b5e599c645020/kotlin-stdlib-2.1.0.jar!/kotlin/Unit.class
e: file:///Users/wilson.shakya/Documents/GitHub/AppVerse/Elevate/node_modules/react-native-webview/android/src/main/java/com/reactnativecommunity/webview/RNCWebViewManagerImpl.kt:276:9 Class 'kotlin.Unit' was compiled with an incompatible version of Kotlin. The actual metadata version is 2.1.0, but the compiler version 1.9.0 can read versions up to 2.0.0.
The class is loaded from /Users/wilson.shakya/.gradle/caches/modules-2/files-2.1/org.jetbrains.kotlin/kotlin-stdlib/2.1.0/85f8b81009cda5890e54ba67d64b5e599c645020/kotlin-stdlib-2.1.0.jar!/kotlin/Unit.class
e: file:///Users/wilson.shakya/Documents/GitHub/AppVerse/Elevate/node_modules/react-native-webview/android/src/main/java/com/reactnativecommunity/webview/RNCWebViewManagerImpl.kt:281:36 Class 'kotlin.Unit' was compiled with an incompatible version of Kotlin. The actual metadata version is 2.1.0, but the compiler version 1.9.0 can read versions up to 2.0.0.
The class is loaded from /Users/wilson.shakya/.gradle/caches/modules-2/files-2.1/org.jetbrains.kotlin/kotlin-stdlib/2.1.0/85f8b81009cda5890e54ba67d64b5e599c645020/kotlin-stdlib-2.1.0.jar!/kotlin/Unit.class
e: file:///Users/wilson.shakya/Documents/GitHub/AppVerse/Elevate/node_modules/react-native-webview/android/src/main/java/com/reactnativecommunity/webview/RNCWebViewManagerImpl.kt:282:17 Class 'kotlin.Unit' was compiled with an incompatible version of Kotlin. The actual metadata version is 2.1.0, but the compiler version 1.9.0 can read versions up to 2.0.0.
The class is loaded from /Users/wilson.shakya/.gradle/caches/modules-2/files-2.1/org.jetbrains.kotlin/kotlin-stdlib/2.1.0/85f8b81009cda5890e54ba67d64b5e599c645020/kotlin-stdlib-2.1.0.jar!/kotlin/Unit.class
e: file:///Users/wilson.shakya/Documents/GitHub/AppVerse/Elevate/node_modules/react-native-webview/android/src/main/java/com/reactnativecommunity/webview/RNCWebViewManagerImpl.kt:319:29 Class 'kotlin.Unit' was compiled with an incompatible version of Kotlin. The actual metadata version is 2.1.0, but the compiler version 1.9.0 can read versions up to 2.0.0.
The class is loaded from /Users/wilson.shakya/.gradle/caches/modules-2/files-2.1/org.jetbrains.kotlin/kotlin-stdlib/2.1.0/85f8b81009cda5890e54ba67d64b5e599c645020/kotlin-stdlib-2.1.0.jar!/kotlin/Unit.class
e: file:///Users/wilson.shakya/Documents/GitHub/AppVerse/Elevate/node_modules/react-native-webview/android/src/main/java/com/reactnativecommunity/webview/RNCWebViewManagerImpl.kt:320:32 Class 'kotlin.Unit' was compiled with an incompatible version of Kotlin. The actual metadata version is 2.1.0, but the compiler version 1.9.0 can read versions up to 2.0.0.
The class is loaded from /Users/wilson.shakya/.gradle/caches/modules-2/files-2.1/org.jetbrains.kotlin/kotlin-stdlib/2.1.0/85f8b81009cda5890e54ba67d64b5e599c645020/kotlin-stdlib-2.1.0.jar!/kotlin/Unit.class
e: file:///Users/wilson.shakya/Documents/GitHub/AppVerse/Elevate/node_modules/react-native-webview/android/src/main/java/com/reactnativecommunity/webview/RNCWebViewManagerImpl.kt:321:29 Class 'kotlin.Unit' was compiled with an incompatible version of Kotlin. The actual metadata version is 2.1.0, but the compiler version 1.9.0 can read versions up to 2.0.0.
The class is loaded from /Users/wilson.shakya/.gradle/caches/modules-2/files-2.1/org.jetbrains.kotlin/kotlin-stdlib/2.1.0/85f8b81009cda5890e54ba67d64b5e599c645020/kotlin-stdlib-2.1.0.jar!/kotlin/Unit.class
e: file:///Users/wilson.shakya/Documents/GitHub/AppVerse/Elevate/node_modules/react-native-webview/android/src/main/java/com/reactnativecommunity/webview/RNCWebViewManagerImpl.kt:322:34 Class 'kotlin.Unit' was compiled with an incompatible version of Kotlin. The actual metadata version is 2.1.0, but the compiler version 1.9.0 can read versions up to 2.0.0.
The class is loaded from /Users/wilson.shakya/.gradle/caches/modules-2/files-2.1/org.jetbrains.kotlin/kotlin-stdlib/2.1.0/85f8b81009cda5890e54ba67d64b5e599c645020/kotlin-stdlib-2.1.0.jar!/kotlin/Unit.class
e: file:///Users/wilson.shakya/Documents/GitHub/AppVerse/Elevate/node_modules/react-native-webview/android/src/main/java/com/reactnativecommunity/webview/RNCWebViewManagerImpl.kt:323:26 Class 'kotlin.Unit' was compiled with an incompatible version of Kotlin. The actual metadata version is 2.1.0, but the compiler version 1.9.0 can read versions up to 2.0.0.
The class is loaded from /Users/wilson.shakya/.gradle/caches/modules-2/files-2.1/org.jetbrains.kotlin/kotlin-stdlib/2.1.0/85f8b81009cda5890e54ba67d64b5e599c645020/kotlin-stdlib-2.1.0.jar!/kotlin/Unit.class
e: file:///Users/wilson.shakya/Documents/GitHub/AppVerse/Elevate/node_modules/react-native-webview/android/src/main/java/com/reactnativecommunity/webview/RNCWebViewManagerImpl.kt:326:19 Class 'kotlin.Unit' was compiled with an incompatible version of Kotlin. The actual metadata version is 2.1.0, but the compiler version 1.9.0 can read versions up to 2.0.0.
The class is loaded from /Users/wilson.shakya/.gradle/caches/modules-2/files-2.1/org.jetbrains.kotlin/kotlin-stdlib/2.1.0/85f8b81009cda5890e54ba67d64b5e599c645020/kotlin-stdlib-2.1.0.jar!/kotlin/Unit.class
e: file:///Users/wilson.shakya/Documents/GitHub/AppVerse/Elevate/node_modules/react-native-webview/android/src/main/java/com/reactnativecommunity/webview/RNCWebViewManagerImpl.kt:342:39 Class 'kotlin.Unit' was compiled with an incompatible version of Kotlin. The actual metadata version is 2.1.0, but the compiler version 1.9.0 can read versions up to 2.0.0.
The class is loaded from /Users/wilson.shakya/.gradle/caches/modules-2/files-2.1/org.jetbrains.kotlin/kotlin-stdlib/2.1.0/85f8b81009cda5890e54ba67d64b5e599c645020/kotlin-stdlib-2.1.0.jar!/kotlin/Unit.class
e: file:///Users/wilson.shakya/Documents/GitHub/AppVerse/Elevate/node_modules/react-native-webview/android/src/main/java/com/reactnativecommunity/webview/RNCWebViewManagerImpl.kt:345:41 Class 'kotlin.Unit' was compiled with an incompatible version of Kotlin. The actual metadata version is 2.1.0, but the compiler version 1.9.0 can read versions up to 2.0.0.
The class is loaded from /Users/wilson.shakya/.gradle/caches/modules-2/files-2.1/org.jetbrains.kotlin/kotlin-stdlib/2.1.0/85f8b81009cda5890e54ba67d64b5e599c645020/kotlin-stdlib-2.1.0.jar!/kotlin/Unit.class
e: file:///Users/wilson.shakya/Documents/GitHub/AppVerse/Elevate/node_modules/react-native-webview/android/src/main/java/com/reactnativecommunity/webview/RNCWebViewManagerImpl.kt:346:19 Class 'kotlin.Unit' was compiled with an incompatible version of Kotlin. The actual metadata version is 2.1.0, but the compiler version 1.9.0 can read versions up to 2.0.0.
The class is loaded from /Users/wilson.shakya/.gradle/caches/modules-2/files-2.1/org.jetbrains.kotlin/kotlin-stdlib/2.1.0/85f8b81009cda5890e54ba67d64b5e599c645020/kotlin-stdlib-2.1.0.jar!/kotlin/Unit.class
e: file:///Users/wilson.shakya/Documents/GitHub/AppVerse/Elevate/node_modules/react-native-webview/android/src/main/java/com/reactnativecommunity/webview/RNCWebViewManagerImpl.kt:349:36 Class 'kotlin.Unit' was compiled with an incompatible version of Kotlin. The actual metadata version is 2.1.0, but the compiler version 1.9.0 can read versions up to 2.0.0.
The class is loaded from /Users/wilson.shakya/.gradle/caches/modules-2/files-2.1/org.jetbrains.kotlin/kotlin-stdlib/2.1.0/85f8b81009cda5890e54ba67d64b5e599c645020/kotlin-stdlib-2.1.0.jar!/kotlin/Unit.class
e: file:///Users/wilson.shakya/Documents/GitHub/AppVerse/Elevate/node_modules/react-native-webview/android/src/main/java/com/reactnativecommunity/webview/RNCWebViewManagerImpl.kt:352:19 Class 'kotlin.Unit' was compiled with an incompatible version of Kotlin. The actual metadata version is 2.1.0, but the compiler version 1.9.0 can read versions up to 2.0.0.
The class is loaded from /Users/wilson.shakya/.gradle/caches/modules-2/files-2.1/org.jetbrains.kotlin/kotlin-stdlib/2.1.0/85f8b81009cda5890e54ba67d64b5e599c645020/kotlin-stdlib-2.1.0.jar!/kotlin/Unit.class
e: file:///Users/wilson.shakya/Documents/GitHub/AppVerse/Elevate/node_modules/react-native-webview/android/src/main/java/com/reactnativecommunity/webview/RNCWebViewManagerImpl.kt:354:35 Class 'kotlin.Unit' was compiled with an incompatible version of Kotlin. The actual metadata version is 2.1.0, but the compiler version 1.9.0 can read versions up to 2.0.0.
The class is loaded from /Users/wilson.shakya/.gradle/caches/modules-2/files-2.1/org.jetbrains.kotlin/kotlin-stdlib/2.1.0/85f8b81009cda5890e54ba67d64b5e599c645020/kotlin-stdlib-2.1.0.jar!/kotlin/Unit.class
e: file:///Users/wilson.shakya/Documents/GitHub/AppVerse/Elevate/node_modules/react-native-webview/android/src/main/java/com/reactnativecommunity/webview/RNCWebViewManagerImpl.kt:360:9 Class 'kotlin.Unit' was compiled with an incompatible version of Kotlin. The actual metadata version is 2.1.0, but the compiler version 1.9.0 can read versions up to 2.0.0.
The class is loaded from /Users/wilson.shakya/.gradle/caches/modules-2/files-2.1/org.jetbrains.kotlin/kotlin-stdlib/2.1.0/85f8b81009cda5890e54ba67d64b5e599c645020/kotlin-stdlib-2.1.0.jar!/kotlin/Unit.class
e: file:///Users/wilson.shakya/Documents/GitHub/AppVerse/Elevate/node_modules/react-native-webview/android/src/main/java/com/reactnativecommunity/webview/RNCWebViewManagerImpl.kt:361:27 Class 'kotlin.Unit' was compiled with an incompatible version of Kotlin. The actual metadata version is 2.1.0, but the compiler version 1.9.0 can read versions up to 2.0.0.
The class is loaded from /Users/wilson.shakya/.gradle/caches/modules-2/files-2.1/org.jetbrains.kotlin/kotlin-stdlib/2.1.0/85f8b81009cda5890e54ba67d64b5e599c645020/kotlin-stdlib-2.1.0.jar!/kotlin/Unit.class
e: file:///Users/wilson.shakya/Documents/GitHub/AppVerse/Elevate/node_modules/react-native-webview/android/src/main/java/com/reactnativecommunity/webview/RNCWebViewManagerImpl.kt:362:16 Class 'kotlin.Unit' was compiled with an incompatible version of Kotlin. The actual metadata version is 2.1.0, but the compiler version 1.9.0 can read versions up to 2.0.0.
The class is loaded from /Users/wilson.shakya/.gradle/caches/modules-2/files-2.1/org.jetbrains.kotlin/kotlin-stdlib/2.1.0/85f8b81009cda5890e54ba67d64b5e599c645020/kotlin-stdlib-2.1.0.jar!/kotlin/Unit.class
e: file:///Users/wilson.shakya/Documents/GitHub/AppVerse/Elevate/node_modules/react-native-webview/android/src/main/java/com/reactnativecommunity/webview/RNCWebViewManagerImpl.kt:363:27 Class 'kotlin.Unit' was compiled with an incompatible version of Kotlin. The actual metadata version is 2.1.0, but the compiler version 1.9.0 can read versions up to 2.0.0.
The class is loaded from /Users/wilson.shakya/.gradle/caches/modules-2/files-2.1/org.jetbrains.kotlin/kotlin-stdlib/2.1.0/85f8b81009cda5890e54ba67d64b5e599c645020/kotlin-stdlib-2.1.0.jar!/kotlin/Unit.class
e: file:///Users/wilson.shakya/Documents/GitHub/AppVerse/Elevate/node_modules/react-native-webview/android/src/main/java/com/reactnativecommunity/webview/RNCWebViewManagerImpl.kt:365:27 Class 'kotlin.Unit' was compiled with an incompatible version of Kotlin. The actual metadata version is 2.1.0, but the compiler version 1.9.0 can read versions up to 2.0.0.
The class is loaded from /Users/wilson.shakya/.gradle/caches/modules-2/files-2.1/org.jetbrains.kotlin/kotlin-stdlib/2.1.0/85f8b81009cda5890e54ba67d64b5e599c645020/kotlin-stdlib-2.1.0.jar!/kotlin/Unit.class
e: file:///Users/wilson.shakya/Documents/GitHub/AppVerse/Elevate/node_modules/react-native-webview/android/src/main/java/com/reactnativecommunity/webview/RNCWebViewManagerImpl.kt:370:38 Class 'kotlin.Unit' was compiled with an incompatible version of Kotlin. The actual metadata version is 2.1.0, but the compiler version 1.9.0 can read versions up to 2.0.0.
The class is loaded from /Users/wilson.shakya/.gradle/caches/modules-2/files-2.1/org.jetbrains.kotlin/kotlin-stdlib/2.1.0/85f8b81009cda5890e54ba67d64b5e599c645020/kotlin-stdlib-2.1.0.jar!/kotlin/Unit.class
e: file:///Users/wilson.shakya/Documents/GitHub/AppVerse/Elevate/node_modules/react-native-webview/android/src/main/java/com/reactnativecommunity/webview/RNCWebViewManagerImpl.kt:383:9 Class 'kotlin.Unit' was compiled with an incompatible version of Kotlin. The actual metadata version is 2.1.0, but the compiler version 1.9.0 can read versions up to 2.0.0.
The class is loaded from /Users/wilson.shakya/.gradle/caches/modules-2/files-2.1/org.jetbrains.kotlin/kotlin-stdlib/2.1.0/85f8b81009cda5890e54ba67d64b5e599c645020/kotlin-stdlib-2.1.0.jar!/kotlin/Unit.class
e: file:///Users/wilson.shakya/Documents/GitHub/AppVerse/Elevate/node_modules/react-native-webview/android/src/main/java/com/reactnativecommunity/webview/RNCWebViewManagerImpl.kt:392:22 Class 'kotlin.Unit' was compiled with an incompatible version of Kotlin. The actual metadata version is 2.1.0, but the compiler version 1.9.0 can read versions up to 2.0.0.
The class is loaded from /Users/wilson.shakya/.gradle/caches/modules-2/files-2.1/org.jetbrains.kotlin/kotlin-stdlib/2.1.0/85f8b81009cda5890e54ba67d64b5e599c645020/kotlin-stdlib-2.1.0.jar!/kotlin/Unit.class
e: file:///Users/wilson.shakya/Documents/GitHub/AppVerse/Elevate/node_modules/react-native-webview/android/src/main/java/com/reactnativecommunity/webview/RNCWebViewManagerImpl.kt:409:31 Only safe (?.) or non-null asserted (!!.) calls are allowed on a nullable receiver of type String?
e: file:///Users/wilson.shakya/Documents/GitHub/AppVerse/Elevate/node_modules/react-native-webview/android/src/main/java/com/reactnativecommunity/webview/RNCWebViewManagerImpl.kt:409:57 Cannot find a parameter with this name: ignoreCase
e: file:///Users/wilson.shakya/Documents/GitHub/AppVerse/Elevate/node_modules/react-native-webview/android/src/main/java/com/reactnativecommunity/webview/RNCWebViewManagerImpl.kt:414:40 Unresolved reference: toByteArray
e: file:///Users/wilson.shakya/Documents/GitHub/AppVerse/Elevate/node_modules/react-native-webview/android/src/main/java/com/reactnativecommunity/webview/RNCWebViewManagerImpl.kt:414:52 Unresolved reference: charset
e: file:///Users/wilson.shakya/Documents/GitHub/AppVerse/Elevate/node_modules/react-native-webview/android/src/main/java/com/reactnativecommunity/webview/RNCWebViewManagerImpl.kt:416:40 Unresolved reference: toByteArray
e: file:///Users/wilson.shakya/Documents/GitHub/AppVerse/Elevate/node_modules/react-native-webview/android/src/main/java/com/reactnativecommunity/webview/RNCWebViewManagerImpl.kt:422:30 Class 'kotlin.Unit' was compiled with an incompatible version of Kotlin. The actual metadata version is 2.1.0, but the compiler version 1.9.0 can read versions up to 2.0.0.
The class is loaded from /Users/wilson.shakya/.gradle/caches/modules-2/files-2.1/org.jetbrains.kotlin/kotlin-stdlib/2.1.0/85f8b81009cda5890e54ba67d64b5e599c645020/kotlin-stdlib-2.1.0.jar!/kotlin/Unit.class
e: file:///Users/wilson.shakya/Documents/GitHub/AppVerse/Elevate/node_modules/react-native-webview/android/src/main/java/com/reactnativecommunity/webview/RNCWebViewManagerImpl.kt:426:33 Unresolved reference: HashMap
e: file:///Users/wilson.shakya/Documents/GitHub/AppVerse/Elevate/node_modules/react-native-webview/android/src/main/java/com/reactnativecommunity/webview/RNCWebViewManagerImpl.kt:428:21 Class 'kotlin.Unit' was compiled with an incompatible version of Kotlin. The actual metadata version is 2.1.0, but the compiler version 1.9.0 can read versions up to 2.0.0.
The class is loaded from /Users/wilson.shakya/.gradle/caches/modules-2/files-2.1/org.jetbrains.kotlin/kotlin-stdlib/2.1.0/85f8b81009cda5890e54ba67d64b5e599c645020/kotlin-stdlib-2.1.0.jar!/kotlin/Unit.class
e: file:///Users/wilson.shakya/Documents/GitHub/AppVerse/Elevate/node_modules/react-native-webview/android/src/main/java/com/reactnativecommunity/webview/RNCWebViewManagerImpl.kt:431:54 Unresolved reference: HashMap
e: file:///Users/wilson.shakya/Documents/GitHub/AppVerse/Elevate/node_modules/react-native-webview/android/src/main/java/com/reactnativecommunity/webview/RNCWebViewManagerImpl.kt:434:25 Class 'kotlin.Unit' was compiled with an incompatible version of Kotlin. The actual metadata version is 2.1.0, but the compiler version 1.9.0 can read versions up to 2.0.0.
The class is loaded from /Users/wilson.shakya/.gradle/caches/modules-2/files-2.1/org.jetbrains.kotlin/kotlin-stdlib/2.1.0/85f8b81009cda5890e54ba67d64b5e599c645020/kotlin-stdlib-2.1.0.jar!/kotlin/Unit.class
e: file:///Users/wilson.shakya/Documents/GitHub/AppVerse/Elevate/node_modules/react-native-webview/android/src/main/java/com/reactnativecommunity/webview/RNCWebViewManagerImpl.kt:434:50 Unresolved reference: lowercase
e: file:///Users/wilson.shakya/Documents/GitHub/AppVerse/Elevate/node_modules/react-native-webview/android/src/main/java/com/reactnativecommunity/webview/RNCWebViewManagerImpl.kt:435:41 Class 'kotlin.Unit' was compiled with an incompatible version of Kotlin. The actual metadata version is 2.1.0, but the compiler version 1.9.0 can read versions up to 2.0.0.
The class is loaded from /Users/wilson.shakya/.gradle/caches/modules-2/files-2.1/org.jetbrains.kotlin/kotlin-stdlib/2.1.0/85f8b81009cda5890e54ba67d64b5e599c645020/kotlin-stdlib-2.1.0.jar!/kotlin/Unit.class
e: file:///Users/wilson.shakya/Documents/GitHub/AppVerse/Elevate/node_modules/react-native-webview/android/src/main/java/com/reactnativecommunity/webview/RNCWebViewManagerImpl.kt:445:25 Class 'kotlin.Unit' was compiled with an incompatible version of Kotlin. The actual metadata version is 2.1.0, but the compiler version 1.9.0 can read versions up to 2.0.0.
The class is loaded from /Users/wilson.shakya/.gradle/caches/modules-2/files-2.1/org.jetbrains.kotlin/kotlin-stdlib/2.1.0/85f8b81009cda5890e54ba67d64b5e599c645020/kotlin-stdlib-2.1.0.jar!/kotlin/Unit.class
e: file:///Users/wilson.shakya/Documents/GitHub/AppVerse/Elevate/node_modules/react-native-webview/android/src/main/java/com/reactnativecommunity/webview/RNCWebViewManagerImpl.kt:445:49 Unresolved reference: lowercase
e: file:///Users/wilson.shakya/Documents/GitHub/AppVerse/Elevate/node_modules/react-native-webview/android/src/main/java/com/reactnativecommunity/webview/RNCWebViewManagerImpl.kt:446:41 Class 'kotlin.Unit' was compiled with an incompatible version of Kotlin. The actual metadata version is 2.1.0, but the compiler version 1.9.0 can read versions up to 2.0.0.
The class is loaded from /Users/wilson.shakya/.gradle/caches/modules-2/files-2.1/org.jetbrains.kotlin/kotlin-stdlib/2.1.0/85f8b81009cda5890e54ba67d64b5e599c645020/kotlin-stdlib-2.1.0.jar!/kotlin/Unit.class
e: file:///Users/wilson.shakya/Documents/GitHub/AppVerse/Elevate/node_modules/react-native-webview/android/src/main/java/com/reactnativecommunity/webview/RNCWebViewManagerImpl.kt:453:22 Class 'kotlin.Unit' was compiled with an incompatible version of Kotlin. The actual metadata version is 2.1.0, but the compiler version 1.9.0 can read versions up to 2.0.0.
The class is loaded from /Users/wilson.shakya/.gradle/caches/modules-2/files-2.1/org.jetbrains.kotlin/kotlin-stdlib/2.1.0/85f8b81009cda5890e54ba67d64b5e599c645020/kotlin-stdlib-2.1.0.jar!/kotlin/Unit.class
e: file:///Users/wilson.shakya/Documents/GitHub/AppVerse/Elevate/node_modules/react-native-webview/android/src/main/java/com/reactnativecommunity/webview/RNCWebViewManagerImpl.kt:457:14 Class 'kotlin.Unit' was compiled with an incompatible version of Kotlin. The actual metadata version is 2.1.0, but the compiler version 1.9.0 can read versions up to 2.0.0.
The class is loaded from /Users/wilson.shakya/.gradle/caches/modules-2/files-2.1/org.jetbrains.kotlin/kotlin-stdlib/2.1.0/85f8b81009cda5890e54ba67d64b5e599c645020/kotlin-stdlib-2.1.0.jar!/kotlin/Unit.class
e: file:///Users/wilson.shakya/Documents/GitHub/AppVerse/Elevate/node_modules/react-native-webview/android/src/main/java/com/reactnativecommunity/webview/RNCWebViewManagerImpl.kt:467:21 Class 'kotlin.Unit' was compiled with an incompatible version of Kotlin. The actual metadata version is 2.1.0, but the compiler version 1.9.0 can read versions up to 2.0.0.
The class is loaded from /Users/wilson.shakya/.gradle/caches/modules-2/files-2.1/org.jetbrains.kotlin/kotlin-stdlib/2.1.0/85f8b81009cda5890e54ba67d64b5e599c645020/kotlin-stdlib-2.1.0.jar!/kotlin/Unit.class
e: file:///Users/wilson.shakya/Documents/GitHub/AppVerse/Elevate/node_modules/react-native-webview/android/src/main/java/com/reactnativecommunity/webview/RNCWebViewManagerImpl.kt:478:37 Class 'kotlin.Unit' was compiled with an incompatible version of Kotlin. The actual metadata version is 2.1.0, but the compiler version 1.9.0 can read versions up to 2.0.0.
The class is loaded from /Users/wilson.shakya/.gradle/caches/modules-2/files-2.1/org.jetbrains.kotlin/kotlin-stdlib/2.1.0/85f8b81009cda5890e54ba67d64b5e599c645020/kotlin-stdlib-2.1.0.jar!/kotlin/Unit.class
e: file:///Users/wilson.shakya/Documents/GitHub/AppVerse/Elevate/node_modules/react-native-webview/android/src/main/java/com/reactnativecommunity/webview/RNCWebViewManagerImpl.kt:481:23 Class 'kotlin.Unit' was compiled with an incompatible version of Kotlin. The actual metadata version is 2.1.0, but the compiler version 1.9.0 can read versions up to 2.0.0.
The class is loaded from /Users/wilson.shakya/.gradle/caches/modules-2/files-2.1/org.jetbrains.kotlin/kotlin-stdlib/2.1.0/85f8b81009cda5890e54ba67d64b5e599c645020/kotlin-stdlib-2.1.0.jar!/kotlin/Unit.class
e: file:///Users/wilson.shakya/Documents/GitHub/AppVerse/Elevate/node_modules/react-native-webview/android/src/main/java/com/reactnativecommunity/webview/RNCWebViewManagerImpl.kt:482:14 Class 'kotlin.Unit' was compiled with an incompatible version of Kotlin. The actual metadata version is 2.1.0, but the compiler version 1.9.0 can read versions up to 2.0.0.
The class is loaded from /Users/wilson.shakya/.gradle/caches/modules-2/files-2.1/org.jetbrains.kotlin/kotlin-stdlib/2.1.0/85f8b81009cda5890e54ba67d64b5e599c645020/kotlin-stdlib-2.1.0.jar!/kotlin/Unit.class
e: file:///Users/wilson.shakya/Documents/GitHub/AppVerse/Elevate/node_modules/react-native-webview/android/src/main/java/com/reactnativecommunity/webview/RNCWebViewManagerImpl.kt:483:14 Class 'kotlin.Unit' was compiled with an incompatible version of Kotlin. The actual metadata version is 2.1.0, but the compiler version 1.9.0 can read versions up to 2.0.0.
The class is loaded from /Users/wilson.shakya/.gradle/caches/modules-2/files-2.1/org.jetbrains.kotlin/kotlin-stdlib/2.1.0/85f8b81009cda5890e54ba67d64b5e599c645020/kotlin-stdlib-2.1.0.jar!/kotlin/Unit.class
e: file:///Users/wilson.shakya/Documents/GitHub/AppVerse/Elevate/node_modules/react-native-webview/android/src/main/java/com/reactnativecommunity/webview/RNCWebViewManagerImpl.kt:486:14 Class 'kotlin.Unit' was compiled with an incompatible version of Kotlin. The actual metadata version is 2.1.0, but the compiler version 1.9.0 can read versions up to 2.0.0.
The class is loaded from /Users/wilson.shakya/.gradle/caches/modules-2/files-2.1/org.jetbrains.kotlin/kotlin-stdlib/2.1.0/85f8b81009cda5890e54ba67d64b5e599c645020/kotlin-stdlib-2.1.0.jar!/kotlin/Unit.class
e: file:///Users/wilson.shakya/Documents/GitHub/AppVerse/Elevate/node_modules/react-native-webview/android/src/main/java/com/reactnativecommunity/webview/RNCWebViewManagerImpl.kt:487:23 Class 'kotlin.Unit' was compiled with an incompatible version of Kotlin. The actual metadata version is 2.1.0, but the compiler version 1.9.0 can read versions up to 2.0.0.
The class is loaded from /Users/wilson.shakya/.gradle/caches/modules-2/files-2.1/org.jetbrains.kotlin/kotlin-stdlib/2.1.0/85f8b81009cda5890e54ba67d64b5e599c645020/kotlin-stdlib-2.1.0.jar!/kotlin/Unit.class
e: file:///Users/wilson.shakya/Documents/GitHub/AppVerse/Elevate/node_modules/react-native-webview/android/src/main/java/com/reactnativecommunity/webview/RNCWebViewManagerImpl.kt:488:23 Class 'kotlin.Unit' was compiled with an incompatible version of Kotlin. The actual metadata version is 2.1.0, but the compiler version 1.9.0 can read versions up to 2.0.0.
The class is loaded from /Users/wilson.shakya/.gradle/caches/modules-2/files-2.1/org.jetbrains.kotlin/kotlin-stdlib/2.1.0/85f8b81009cda5890e54ba67d64b5e599c645020/kotlin-stdlib-2.1.0.jar!/kotlin/Unit.class
e: file:///Users/wilson.shakya/Documents/GitHub/AppVerse/Elevate/node_modules/react-native-webview/android/src/main/java/com/reactnativecommunity/webview/RNCWebViewManagerImpl.kt:513:14 Class 'kotlin.Unit' was compiled with an incompatible version of Kotlin. The actual metadata version is 2.1.0, but the compiler version 1.9.0 can read versions up to 2.0.0.
The class is loaded from /Users/wilson.shakya/.gradle/caches/modules-2/files-2.1/org.jetbrains.kotlin/kotlin-stdlib/2.1.0/85f8b81009cda5890e54ba67d64b5e599c645020/kotlin-stdlib-2.1.0.jar!/kotlin/Unit.class
e: file:///Users/wilson.shakya/Documents/GitHub/AppVerse/Elevate/node_modules/react-native-webview/android/src/main/java/com/reactnativecommunity/webview/RNCWebViewManagerImpl.kt:518:23 Class 'kotlin.Unit' was compiled with an incompatible version of Kotlin. The actual metadata version is 2.1.0, but the compiler version 1.9.0 can read versions up to 2.0.0.
The class is loaded from /Users/wilson.shakya/.gradle/caches/modules-2/files-2.1/org.jetbrains.kotlin/kotlin-stdlib/2.1.0/85f8b81009cda5890e54ba67d64b5e599c645020/kotlin-stdlib-2.1.0.jar!/kotlin/Unit.class
e: file:///Users/wilson.shakya/Documents/GitHub/AppVerse/Elevate/node_modules/react-native-webview/android/src/main/java/com/reactnativecommunity/webview/RNCWebViewManagerImpl.kt:523:14 Class 'kotlin.Unit' was compiled with an incompatible version of Kotlin. The actual metadata version is 2.1.0, but the compiler version 1.9.0 can read versions up to 2.0.0.
The class is loaded from /Users/wilson.shakya/.gradle/caches/modules-2/files-2.1/org.jetbrains.kotlin/kotlin-stdlib/2.1.0/85f8b81009cda5890e54ba67d64b5e599c645020/kotlin-stdlib-2.1.0.jar!/kotlin/Unit.class
e: file:///Users/wilson.shakya/Documents/GitHub/AppVerse/Elevate/node_modules/react-native-webview/android/src/main/java/com/reactnativecommunity/webview/RNCWebViewManagerImpl.kt:528:14 Class 'kotlin.Unit' was compiled with an incompatible version of Kotlin. The actual metadata version is 2.1.0, but the compiler version 1.9.0 can read versions up to 2.0.0.
The class is loaded from /Users/wilson.shakya/.gradle/caches/modules-2/files-2.1/org.jetbrains.kotlin/kotlin-stdlib/2.1.0/85f8b81009cda5890e54ba67d64b5e599c645020/kotlin-stdlib-2.1.0.jar!/kotlin/Unit.class
e: file:///Users/wilson.shakya/Documents/GitHub/AppVerse/Elevate/node_modules/react-native-webview/android/src/main/java/com/reactnativecommunity/webview/RNCWebViewManagerImpl.kt:533:14 Class 'kotlin.Unit' was compiled with an incompatible version of Kotlin. The actual metadata version is 2.1.0, but the compiler version 1.9.0 can read versions up to 2.0.0.
The class is loaded from /Users/wilson.shakya/.gradle/caches/modules-2/files-2.1/org.jetbrains.kotlin/kotlin-stdlib/2.1.0/85f8b81009cda5890e54ba67d64b5e599c645020/kotlin-stdlib-2.1.0.jar!/kotlin/Unit.class
e: file:///Users/wilson.shakya/Documents/GitHub/AppVerse/Elevate/node_modules/react-native-webview/android/src/main/java/com/reactnativecommunity/webview/RNCWebViewManagerImpl.kt:538:23 Class 'kotlin.Unit' was compiled with an incompatible version of Kotlin. The actual metadata version is 2.1.0, but the compiler version 1.9.0 can read versions up to 2.0.0.
The class is loaded from /Users/wilson.shakya/.gradle/caches/modules-2/files-2.1/org.jetbrains.kotlin/kotlin-stdlib/2.1.0/85f8b81009cda5890e54ba67d64b5e599c645020/kotlin-stdlib-2.1.0.jar!/kotlin/Unit.class
e: file:///Users/wilson.shakya/Documents/GitHub/AppVerse/Elevate/node_modules/react-native-webview/android/src/main/java/com/reactnativecommunity/webview/RNCWebViewManagerImpl.kt:543:14 Class 'kotlin.Unit' was compiled with an incompatible version of Kotlin. The actual metadata version is 2.1.0, but the compiler version 1.9.0 can read versions up to 2.0.0.
The class is loaded from /Users/wilson.shakya/.gradle/caches/modules-2/files-2.1/org.jetbrains.kotlin/kotlin-stdlib/2.1.0/85f8b81009cda5890e54ba67d64b5e599c645020/kotlin-stdlib-2.1.0.jar!/kotlin/Unit.class
e: file:///Users/wilson.shakya/Documents/GitHub/AppVerse/Elevate/node_modules/react-native-webview/android/src/main/java/com/reactnativecommunity/webview/RNCWebViewManagerImpl.kt:548:23 Class 'kotlin.Unit' was compiled with an incompatible version of Kotlin. The actual metadata version is 2.1.0, but the compiler version 1.9.0 can read versions up to 2.0.0.
The class is loaded from /Users/wilson.shakya/.gradle/caches/modules-2/files-2.1/org.jetbrains.kotlin/kotlin-stdlib/2.1.0/85f8b81009cda5890e54ba67d64b5e599c645020/kotlin-stdlib-2.1.0.jar!/kotlin/Unit.class
e: file:///Users/wilson.shakya/Documents/GitHub/AppVerse/Elevate/node_modules/react-native-webview/android/src/main/java/com/reactnativecommunity/webview/RNCWebViewManagerImpl.kt:553:23 Class 'kotlin.Unit' was compiled with an incompatible version of Kotlin. The actual metadata version is 2.1.0, but the compiler version 1.9.0 can read versions up to 2.0.0.
The class is loaded from /Users/wilson.shakya/.gradle/caches/modules-2/files-2.1/org.jetbrains.kotlin/kotlin-stdlib/2.1.0/85f8b81009cda5890e54ba67d64b5e599c645020/kotlin-stdlib-2.1.0.jar!/kotlin/Unit.class
e: file:///Users/wilson.shakya/Documents/GitHub/AppVerse/Elevate/node_modules/react-native-webview/android/src/main/java/com/reactnativecommunity/webview/RNCWebViewManagerImpl.kt:558:23 Class 'kotlin.Unit' was compiled with an incompatible version of Kotlin. The actual metadata version is 2.1.0, but the compiler version 1.9.0 can read versions up to 2.0.0.
The class is loaded from /Users/wilson.shakya/.gradle/caches/modules-2/files-2.1/org.jetbrains.kotlin/kotlin-stdlib/2.1.0/85f8b81009cda5890e54ba67d64b5e599c645020/kotlin-stdlib-2.1.0.jar!/kotlin/Unit.class
e: file:///Users/wilson.shakya/Documents/GitHub/AppVerse/Elevate/node_modules/react-native-webview/android/src/main/java/com/reactnativecommunity/webview/RNCWebViewManagerImpl.kt:563:9 Class 'kotlin.Unit' was compiled with an incompatible version of Kotlin. The actual metadata version is 2.1.0, but the compiler version 1.9.0 can read versions up to 2.0.0.
The class is loaded from /Users/wilson.shakya/.gradle/caches/modules-2/files-2.1/org.jetbrains.kotlin/kotlin-stdlib/2.1.0/85f8b81009cda5890e54ba67d64b5e599c645020/kotlin-stdlib-2.1.0.jar!/kotlin/Unit.class
e: file:///Users/wilson.shakya/Documents/GitHub/AppVerse/Elevate/node_modules/react-native-webview/android/src/main/java/com/reactnativecommunity/webview/RNCWebViewManagerImpl.kt:564:9 Class 'kotlin.Unit' was compiled with an incompatible version of Kotlin. The actual metadata version is 2.1.0, but the compiler version 1.9.0 can read versions up to 2.0.0.
The class is loaded from /Users/wilson.shakya/.gradle/caches/modules-2/files-2.1/org.jetbrains.kotlin/kotlin-stdlib/2.1.0/85f8b81009cda5890e54ba67d64b5e599c645020/kotlin-stdlib-2.1.0.jar!/kotlin/Unit.class
e: file:///Users/wilson.shakya/Documents/GitHub/AppVerse/Elevate/node_modules/react-native-webview/android/src/main/java/com/reactnativecommunity/webview/RNCWebViewManagerImpl.kt:574:14 Class 'kotlin.Unit' was compiled with an incompatible version of Kotlin. The actual metadata version is 2.1.0, but the compiler version 1.9.0 can read versions up to 2.0.0.
The class is loaded from /Users/wilson.shakya/.gradle/caches/modules-2/files-2.1/org.jetbrains.kotlin/kotlin-stdlib/2.1.0/85f8b81009cda5890e54ba67d64b5e599c645020/kotlin-stdlib-2.1.0.jar!/kotlin/Unit.class
e: file:///Users/wilson.shakya/Documents/GitHub/AppVerse/Elevate/node_modules/react-native-webview/android/src/main/java/com/reactnativecommunity/webview/RNCWebViewManagerImpl.kt:579:23 Class 'kotlin.Unit' was compiled with an incompatible version of Kotlin. The actual metadata version is 2.1.0, but the compiler version 1.9.0 can read versions up to 2.0.0.
The class is loaded from /Users/wilson.shakya/.gradle/caches/modules-2/files-2.1/org.jetbrains.kotlin/kotlin-stdlib/2.1.0/85f8b81009cda5890e54ba67d64b5e599c645020/kotlin-stdlib-2.1.0.jar!/kotlin/Unit.class
e: file:///Users/wilson.shakya/Documents/GitHub/AppVerse/Elevate/node_modules/react-native-webview/android/src/main/java/com/reactnativecommunity/webview/RNCWebViewManagerImpl.kt:590:23 Class 'kotlin.Unit' was compiled with an incompatible version of Kotlin. The actual metadata version is 2.1.0, but the compiler version 1.9.0 can read versions up to 2.0.0.
The class is loaded from /Users/wilson.shakya/.gradle/caches/modules-2/files-2.1/org.jetbrains.kotlin/kotlin-stdlib/2.1.0/85f8b81009cda5890e54ba67d64b5e599c645020/kotlin-stdlib-2.1.0.jar!/kotlin/Unit.class
e: file:///Users/wilson.shakya/Documents/GitHub/AppVerse/Elevate/node_modules/react-native-webview/android/src/main/java/com/reactnativecommunity/webview/RNCWebViewManagerImpl.kt:594:9 Class 'kotlin.Unit' was compiled with an incompatible version of Kotlin. The actual metadata version is 2.1.0, but the compiler version 1.9.0 can read versions up to 2.0.0.
The class is loaded from /Users/wilson.shakya/.gradle/caches/modules-2/files-2.1/org.jetbrains.kotlin/kotlin-stdlib/2.1.0/85f8b81009cda5890e54ba67d64b5e599c645020/kotlin-stdlib-2.1.0.jar!/kotlin/Unit.class
e: file:///Users/wilson.shakya/Documents/GitHub/AppVerse/Elevate/node_modules/react-native-webview/android/src/main/java/com/reactnativecommunity/webview/RNCWebViewManagerImpl.kt:604:35 Class 'kotlin.Unit' was compiled with an incompatible version of Kotlin. The actual metadata version is 2.1.0, but the compiler version 1.9.0 can read versions up to 2.0.0.
The class is loaded from /Users/wilson.shakya/.gradle/caches/modules-2/files-2.1/org.jetbrains.kotlin/kotlin-stdlib/2.1.0/85f8b81009cda5890e54ba67d64b5e599c645020/kotlin-stdlib-2.1.0.jar!/kotlin/Unit.class
e: file:///Users/wilson.shakya/Documents/GitHub/AppVerse/Elevate/node_modules/react-native-webview/android/src/main/java/com/reactnativecommunity/webview/RNCWebViewManagerImpl.kt:613:35 Class 'kotlin.Unit' was compiled with an incompatible version of Kotlin. The actual metadata version is 2.1.0, but the compiler version 1.9.0 can read versions up to 2.0.0.
The class is loaded from /Users/wilson.shakya/.gradle/caches/modules-2/files-2.1/org.jetbrains.kotlin/kotlin-stdlib/2.1.0/85f8b81009cda5890e54ba67d64b5e599c645020/kotlin-stdlib-2.1.0.jar!/kotlin/Unit.class
e: file:///Users/wilson.shakya/Documents/GitHub/AppVerse/Elevate/node_modules/react-native-webview/android/src/main/java/com/reactnativecommunity/webview/RNCWebViewManagerImpl.kt:623:23 Class 'kotlin.Unit' was compiled with an incompatible version of Kotlin. The actual metadata version is 2.1.0, but the compiler version 1.9.0 can read versions up to 2.0.0.
The class is loaded from /Users/wilson.shakya/.gradle/caches/modules-2/files-2.1/org.jetbrains.kotlin/kotlin-stdlib/2.1.0/85f8b81009cda5890e54ba67d64b5e599c645020/kotlin-stdlib-2.1.0.jar!/kotlin/Unit.class
e: file:///Users/wilson.shakya/Documents/GitHub/AppVerse/Elevate/node_modules/react-native-webview/android/src/main/java/com/reactnativecommunity/webview/RNCWebViewManagerImpl.kt:627:9 Class 'kotlin.Unit' was compiled with an incompatible version of Kotlin. The actual metadata version is 2.1.0, but the compiler version 1.9.0 can read versions up to 2.0.0.
The class is loaded from /Users/wilson.shakya/.gradle/caches/modules-2/files-2.1/org.jetbrains.kotlin/kotlin-stdlib/2.1.0/85f8b81009cda5890e54ba67d64b5e599c645020/kotlin-stdlib-2.1.0.jar!/kotlin/Unit.class
e: file:///Users/wilson.shakya/Documents/GitHub/AppVerse/Elevate/node_modules/react-native-webview/android/src/main/java/com/reactnativecommunity/webview/RNCWebViewManagerImpl.kt:632:9 Class 'kotlin.Unit' was compiled with an incompatible version of Kotlin. The actual metadata version is 2.1.0, but the compiler version 1.9.0 can read versions up to 2.0.0.
The class is loaded from /Users/wilson.shakya/.gradle/caches/modules-2/files-2.1/org.jetbrains.kotlin/kotlin-stdlib/2.1.0/85f8b81009cda5890e54ba67d64b5e599c645020/kotlin-stdlib-2.1.0.jar!/kotlin/Unit.class
e: file:///Users/wilson.shakya/Documents/GitHub/AppVerse/Elevate/node_modules/react-native-webview/android/src/main/java/com/reactnativecommunity/webview/RNCWebViewManagerImpl.kt:633:9 Class 'kotlin.Unit' was compiled with an incompatible version of Kotlin. The actual metadata version is 2.1.0, but the compiler version 1.9.0 can read versions up to 2.0.0.
The class is loaded from /Users/wilson.shakya/.gradle/caches/modules-2/files-2.1/org.jetbrains.kotlin/kotlin-stdlib/2.1.0/85f8b81009cda5890e54ba67d64b5e599c645020/kotlin-stdlib-2.1.0.jar!/kotlin/Unit.class
e: file:///Users/wilson.shakya/Documents/GitHub/AppVerse/Elevate/node_modules/react-native-webview/android/src/main/java/com/reactnativecommunity/webview/RNCWebViewManagerImpl.kt:638:23 Class 'kotlin.Unit' was compiled with an incompatible version of Kotlin. The actual metadata version is 2.1.0, but the compiler version 1.9.0 can read versions up to 2.0.0.
The class is loaded from /Users/wilson.shakya/.gradle/caches/modules-2/files-2.1/org.jetbrains.kotlin/kotlin-stdlib/2.1.0/85f8b81009cda5890e54ba67d64b5e599c645020/kotlin-stdlib-2.1.0.jar!/kotlin/Unit.class
e: file:///Users/wilson.shakya/Documents/GitHub/AppVerse/Elevate/node_modules/react-native-webview/android/src/main/java/com/reactnativecommunity/webview/RNCWebViewManagerImpl.kt:646:7 Class 'kotlin.Unit' was compiled with an incompatible version of Kotlin. The actual metadata version is 2.1.0, but the compiler version 1.9.0 can read versions up to 2.0.0.
The class is loaded from /Users/wilson.shakya/.gradle/caches/modules-2/files-2.1/org.jetbrains.kotlin/kotlin-stdlib/2.1.0/85f8b81009cda5890e54ba67d64b5e599c645020/kotlin-stdlib-2.1.0.jar!/kotlin/Unit.class
e: file:///Users/wilson.shakya/Documents/GitHub/AppVerse/Elevate/node_modules/react-native-webview/android/src/main/java/com/reactnativecommunity/webview/RNCWebViewManagerImpl.kt:650:18 Class 'kotlin.Unit' was compiled with an incompatible version of Kotlin. The actual metadata version is 2.1.0, but the compiler version 1.9.0 can read versions up to 2.0.0.
The class is loaded from /Users/wilson.shakya/.gradle/caches/modules-2/files-2.1/org.jetbrains.kotlin/kotlin-stdlib/2.1.0/85f8b81009cda5890e54ba67d64b5e599c645020/kotlin-stdlib-2.1.0.jar!/kotlin/Unit.class
e: file:///Users/wilson.shakya/Documents/GitHub/AppVerse/Elevate/node_modules/react-native-webview/android/src/main/java/com/reactnativecommunity/webview/RNCWebViewManagerImpl.kt:657:9 Class 'kotlin.Unit' was compiled with an incompatible version of Kotlin. The actual metadata version is 2.1.0, but the compiler version 1.9.0 can read versions up to 2.0.0.
The class is loaded from /Users/wilson.shakya/.gradle/caches/modules-2/files-2.1/org.jetbrains.kotlin/kotlin-stdlib/2.1.0/85f8b81009cda5890e54ba67d64b5e599c645020/kotlin-stdlib-2.1.0.jar!/kotlin/Unit.class
e: file:///Users/wilson.shakya/Documents/GitHub/AppVerse/Elevate/node_modules/react-native-webview/android/src/main/java/com/reactnativecommunity/webview/RNCWebViewManagerImpl.kt:658:26 Class 'kotlin.Unit' was compiled with an incompatible version of Kotlin. The actual metadata version is 2.1.0, but the compiler version 1.9.0 can read versions up to 2.0.0.
The class is loaded from /Users/wilson.shakya/.gradle/caches/modules-2/files-2.1/org.jetbrains.kotlin/kotlin-stdlib/2.1.0/85f8b81009cda5890e54ba67d64b5e599c645020/kotlin-stdlib-2.1.0.jar!/kotlin/Unit.class
e: file:///Users/wilson.shakya/Documents/GitHub/AppVerse/Elevate/node_modules/react-native-webview/android/src/main/java/com/reactnativecommunity/webview/RNCWebViewManagerImpl.kt:659:26 Class 'kotlin.Unit' was compiled with an incompatible version of Kotlin. The actual metadata version is 2.1.0, but the compiler version 1.9.0 can read versions up to 2.0.0.
The class is loaded from /Users/wilson.shakya/.gradle/caches/modules-2/files-2.1/org.jetbrains.kotlin/kotlin-stdlib/2.1.0/85f8b81009cda5890e54ba67d64b5e599c645020/kotlin-stdlib-2.1.0.jar!/kotlin/Unit.class
e: file:///Users/wilson.shakya/Documents/GitHub/AppVerse/Elevate/node_modules/react-native-webview/android/src/main/java/com/reactnativecommunity/webview/RNCWebViewManagerImpl.kt:670:14 Class 'kotlin.Unit' was compiled with an incompatible version of Kotlin. The actual metadata version is 2.1.0, but the compiler version 1.9.0 can read versions up to 2.0.0.
The class is loaded from /Users/wilson.shakya/.gradle/caches/modules-2/files-2.1/org.jetbrains.kotlin/kotlin-stdlib/2.1.0/85f8b81009cda5890e54ba67d64b5e599c645020/kotlin-stdlib-2.1.0.jar!/kotlin/Unit.class
e: file:///Users/wilson.shakya/Documents/GitHub/AppVerse/Elevate/node_modules/react-native-webview/android/src/main/java/com/reactnativecommunity/webview/RNCWebViewManagerImpl.kt:680:23 Class 'kotlin.Unit' was compiled with an incompatible version of Kotlin. The actual metadata version is 2.1.0, but the compiler version 1.9.0 can read versions up to 2.0.0.
The class is loaded from /Users/wilson.shakya/.gradle/caches/modules-2/files-2.1/org.jetbrains.kotlin/kotlin-stdlib/2.1.0/85f8b81009cda5890e54ba67d64b5e599c645020/kotlin-stdlib-2.1.0.jar!/kotlin/Unit.class
e: file:///Users/wilson.shakya/Documents/GitHub/AppVerse/Elevate/node_modules/react-native-webview/android/src/main/java/com/reactnativecommunity/webview/RNCWebViewManagerImpl.kt:685:23 Class 'kotlin.Unit' was compiled with an incompatible version of Kotlin. The actual metadata version is 2.1.0, but the compiler version 1.9.0 can read versions up to 2.0.0.
The class is loaded from /Users/wilson.shakya/.gradle/caches/modules-2/files-2.1/org.jetbrains.kotlin/kotlin-stdlib/2.1.0/85f8b81009cda5890e54ba67d64b5e599c645020/kotlin-stdlib-2.1.0.jar!/kotlin/Unit.class
e: file:///Users/wilson.shakya/Documents/GitHub/AppVerse/Elevate/node_modules/react-native-webview/android/src/main/java/com/reactnativecommunity/webview/RNCWebViewManagerImpl.kt:686:23 Class 'kotlin.Unit' was compiled with an incompatible version of Kotlin. The actual metadata version is 2.1.0, but the compiler version 1.9.0 can read versions up to 2.0.0.
The class is loaded from /Users/wilson.shakya/.gradle/caches/modules-2/files-2.1/org.jetbrains.kotlin/kotlin-stdlib/2.1.0/85f8b81009cda5890e54ba67d64b5e599c645020/kotlin-stdlib-2.1.0.jar!/kotlin/Unit.class
e: file:///Users/wilson.shakya/Documents/GitHub/AppVerse/Elevate/node_modules/react-native-webview/android/src/main/java/com/reactnativecommunity/webview/RNCWebViewManagerImpl.kt:691:23 Class 'kotlin.Unit' was compiled with an incompatible version of Kotlin. The actual metadata version is 2.1.0, but the compiler version 1.9.0 can read versions up to 2.0.0.
The class is loaded from /Users/wilson.shakya/.gradle/caches/modules-2/files-2.1/org.jetbrains.kotlin/kotlin-stdlib/2.1.0/85f8b81009cda5890e54ba67d64b5e599c645020/kotlin-stdlib-2.1.0.jar!/kotlin/Unit.class
e: file:///Users/wilson.shakya/Documents/GitHub/AppVerse/Elevate/node_modules/react-native-webview/android/src/main/java/com/reactnativecommunity/webview/RNCWebViewManagerImpl.kt:696:23 Class 'kotlin.Unit' was compiled with an incompatible version of Kotlin. The actual metadata version is 2.1.0, but the compiler version 1.9.0 can read versions up to 2.0.0.
The class is loaded from /Users/wilson.shakya/.gradle/caches/modules-2/files-2.1/org.jetbrains.kotlin/kotlin-stdlib/2.1.0/85f8b81009cda5890e54ba67d64b5e599c645020/kotlin-stdlib-2.1.0.jar!/kotlin/Unit.class
e: file:///Users/wilson.shakya/Documents/GitHub/AppVerse/Elevate/node_modules/react-native-webview/android/src/main/java/com/reactnativecommunity/webview/RNCWebViewManagerImpl.kt:702:23 Class 'kotlin.Unit' was compiled with an incompatible version of Kotlin. The actual metadata version is 2.1.0, but the compiler version 1.9.0 can read versions up to 2.0.0.
The class is loaded from /Users/wilson.shakya/.gradle/caches/modules-2/files-2.1/org.jetbrains.kotlin/kotlin-stdlib/2.1.0/85f8b81009cda5890e54ba67d64b5e599c645020/kotlin-stdlib-2.1.0.jar!/kotlin/Unit.class
e: file:///Users/wilson.shakya/Documents/GitHub/AppVerse/Elevate/node_modules/react-native-webview/android/src/main/java/com/reactnativecommunity/webview/RNCWebViewManagerImpl.kt:707:23 Class 'kotlin.Unit' was compiled with an incompatible version of Kotlin. The actual metadata version is 2.1.0, but the compiler version 1.9.0 can read versions up to 2.0.0.
The class is loaded from /Users/wilson.shakya/.gradle/caches/modules-2/files-2.1/org.jetbrains.kotlin/kotlin-stdlib/2.1.0/85f8b81009cda5890e54ba67d64b5e599c645020/kotlin-stdlib-2.1.0.jar!/kotlin/Unit.class
e: file:///Users/wilson.shakya/Documents/GitHub/AppVerse/Elevate/node_modules/react-native-webview/android/src/main/java/com/reactnativecommunity/webview/RNCWebViewManagerImpl.kt:712:37 Class 'kotlin.Unit' was compiled with an incompatible version of Kotlin. The actual metadata version is 2.1.0, but the compiler version 1.9.0 can read versions up to 2.0.0.
The class is loaded from /Users/wilson.shakya/.gradle/caches/modules-2/files-2.1/org.jetbrains.kotlin/kotlin-stdlib/2.1.0/85f8b81009cda5890e54ba67d64b5e599c645020/kotlin-stdlib-2.1.0.jar!/kotlin/Unit.class
e: file:///Users/wilson.shakya/Documents/GitHub/AppVerse/Elevate/node_modules/react-native-webview/android/src/main/java/com/reactnativecommunity/webview/RNCWebViewManagerImpl.kt:716:20 Class 'kotlin.Unit' was compiled with an incompatible version of Kotlin. The actual metadata version is 2.1.0, but the compiler version 1.9.0 can read versions up to 2.0.0.
The class is loaded from /Users/wilson.shakya/.gradle/caches/modules-2/files-2.1/org.jetbrains.kotlin/kotlin-stdlib/2.1.0/85f8b81009cda5890e54ba67d64b5e599c645020/kotlin-stdlib-2.1.0.jar!/kotlin/Unit.class
e: file:///Users/wilson.shakya/Documents/GitHub/AppVerse/Elevate/node_modules/react-native-webview/android/src/main/java/com/reactnativecommunity/webview/RNCWebViewManagerImpl.kt:722:31 Class 'kotlin.Unit' was compiled with an incompatible version of Kotlin. The actual metadata version is 2.1.0, but the compiler version 1.9.0 can read versions up to 2.0.0.
The class is loaded from /Users/wilson.shakya/.gradle/caches/modules-2/files-2.1/org.jetbrains.kotlin/kotlin-stdlib/2.1.0/85f8b81009cda5890e54ba67d64b5e599c645020/kotlin-stdlib-2.1.0.jar!/kotlin/Unit.class
e: file:///Users/wilson.shakya/Documents/GitHub/AppVerse/Elevate/node_modules/react-native-webview/android/src/main/java/com/reactnativecommunity/webview/RNCWebViewWrapper.kt:19:13 Class 'kotlin.Unit' was compiled with an incompatible version of Kotlin. The actual metadata version is 2.1.0, but the compiler version 1.9.0 can read versions up to 2.0.0.
The class is loaded from /Users/wilson.shakya/.gradle/caches/modules-2/files-2.1/org.jetbrains.kotlin/kotlin-stdlib/2.1.0/85f8b81009cda5890e54ba67d64b5e599c645020/kotlin-stdlib-2.1.0.jar!/kotlin/Unit.class
e: file:///Users/wilson.shakya/Documents/GitHub/AppVerse/Elevate/node_modules/react-native-webview/android/src/main/java/com/reactnativecommunity/webview/RNCWebViewWrapper.kt:20:5 Class 'kotlin.Unit' was compiled with an incompatible version of Kotlin. The actual metadata version is 2.1.0, but the compiler version 1.9.0 can read versions up to 2.0.0.
The class is loaded from /Users/wilson.shakya/.gradle/caches/modules-2/files-2.1/org.jetbrains.kotlin/kotlin-stdlib/2.1.0/85f8b81009cda5890e54ba67d64b5e599c645020/kotlin-stdlib-2.1.0.jar!/kotlin/Unit.class
e: file:///Users/wilson.shakya/Documents/GitHub/AppVerse/Elevate/node_modules/react-native-webview/android/src/main/java/com/reactnativecommunity/webview/RNCWebViewWrapper.kt:29:6 Class 'kotlin.jvm.JvmStatic' was compiled with an incompatible version of Kotlin. The actual metadata version is 2.1.0, but the compiler version 1.9.0 can read versions up to 2.0.0.
The class is loaded from /Users/wilson.shakya/.gradle/caches/modules-2/files-2.1/org.jetbrains.kotlin/kotlin-stdlib/2.1.0/85f8b81009cda5890e54ba67d64b5e599c645020/kotlin-stdlib-2.1.0.jar!/kotlin/jvm/JvmStatic.class

> Task :react-native-gesture-handler:compileDebugKotlin FAILED
e: Incompatible classes were found in dependencies. Remove them from the classpath or use '-Xskip-metadata-version-check' to suppress errors
e: file:///Users/wilson.shakya/.gradle/caches/modules-2/files-2.1/org.jetbrains.kotlin/kotlin-stdlib/2.1.0/85f8b81009cda5890e54ba67d64b5e599c645020/kotlin-stdlib-2.1.0.jar!/META-INF/kotlin-stdlib-jdk7.kotlin_moduleModule was compiled with an incompatible version of Kotlin. The binary version of its metadata is 2.1.0, expected version is 1.9.0.
e: file:///Users/wilson.shakya/.gradle/caches/modules-2/files-2.1/org.jetbrains.kotlin/kotlin-stdlib/2.1.0/85f8b81009cda5890e54ba67d64b5e599c645020/kotlin-stdlib-2.1.0.jar!/META-INF/kotlin-stdlib-jdk8.kotlin_moduleModule was compiled with an incompatible version of Kotlin. The binary version of its metadata is 2.1.0, expected version is 1.9.0.
e: file:///Users/wilson.shakya/.gradle/caches/modules-2/files-2.1/org.jetbrains.kotlin/kotlin-stdlib/2.1.0/85f8b81009cda5890e54ba67d64b5e599c645020/kotlin-stdlib-2.1.0.jar!/META-INF/kotlin-stdlib.kotlin_moduleModule was compiled with an incompatible version of Kotlin. The binary version of its metadata is 2.1.0, expected version is 1.9.0.
e: file:///Users/wilson.shakya/Documents/GitHub/AppVerse/Elevate/node_modules/react-native-gesture-handler/android/fabric/src/main/java/com/swmansion/gesturehandler/ReactContextExtensions.kt:13:35 Class 'kotlin.Unit' was compiled with an incompatible version of Kotlin. The actual metadata version is 2.1.0, but the compiler version 1.9.0 can read versions up to 2.0.0.
The class is loaded from /Users/wilson.shakya/.gradle/caches/modules-2/files-2.1/org.jetbrains.kotlin/kotlin-stdlib/2.1.0/85f8b81009cda5890e54ba67d64b5e599c645020/kotlin-stdlib-2.1.0.jar!/kotlin/Unit.class
e: file:///Users/wilson.shakya/Documents/GitHub/AppVerse/Elevate/node_modules/react-native-gesture-handler/android/nosvg/src/main/java/com/swmansion/gesturehandler/RNSVGHitTester.kt:7:6 Class 'kotlin.Suppress' was compiled with an incompatible version of Kotlin. The actual metadata version is 2.1.0, but the compiler version 1.9.0 can read versions up to 2.0.0.
The class is loaded from /Users/wilson.shakya/.gradle/caches/modules-2/files-2.1/org.jetbrains.kotlin/kotlin-stdlib/2.1.0/85f8b81009cda5890e54ba67d64b5e599c645020/kotlin-stdlib-2.1.0.jar!/kotlin/Suppress.class
e: file:///Users/wilson.shakya/Documents/GitHub/AppVerse/Elevate/node_modules/react-native-gesture-handler/android/nosvg/src/main/java/com/swmansion/gesturehandler/RNSVGHitTester.kt:10:6 Class 'kotlin.Suppress' was compiled with an incompatible version of Kotlin. The actual metadata version is 2.1.0, but the compiler version 1.9.0 can read versions up to 2.0.0.
The class is loaded from /Users/wilson.shakya/.gradle/caches/modules-2/files-2.1/org.jetbrains.kotlin/kotlin-stdlib/2.1.0/85f8b81009cda5890e54ba67d64b5e599c645020/kotlin-stdlib-2.1.0.jar!/kotlin/Suppress.class
e: file:///Users/wilson.shakya/Documents/GitHub/AppVerse/Elevate/node_modules/react-native-gesture-handler/android/packageDeprecated/src/main/java/com/swmansion/gesturehandler/RNGestureHandlerPackage.kt:23:56 Unresolved reference: lazy
e: file:///Users/wilson.shakya/Documents/GitHub/AppVerse/Elevate/node_modules/react-native-gesture-handler/android/packageDeprecated/src/main/java/com/swmansion/gesturehandler/RNGestureHandlerPackage.kt:24:5 Unresolved reference: mapOf
e: file:///Users/wilson.shakya/Documents/GitHub/AppVerse/Elevate/node_modules/react-native-gesture-handler/android/packageDeprecated/src/main/java/com/swmansion/gesturehandler/RNGestureHandlerPackage.kt:25:51 Unresolved reference: to
e: file:///Users/wilson.shakya/Documents/GitHub/AppVerse/Elevate/node_modules/react-native-gesture-handler/android/packageDeprecated/src/main/java/com/swmansion/gesturehandler/RNGestureHandlerPackage.kt:28:53 Unresolved reference: to
e: file:///Users/wilson.shakya/Documents/GitHub/AppVerse/Elevate/node_modules/react-native-gesture-handler/android/packageDeprecated/src/main/java/com/swmansion/gesturehandler/RNGestureHandlerPackage.kt:35:5 Unresolved reference: listOf
e: file:///Users/wilson.shakya/Documents/GitHub/AppVerse/Elevate/node_modules/react-native-gesture-handler/android/packageDeprecated/src/main/java/com/swmansion/gesturehandler/RNGestureHandlerPackage.kt:41:23 Unresolved reference: toList
e: file:///Users/wilson.shakya/Documents/GitHub/AppVerse/Elevate/node_modules/react-native-gesture-handler/android/packageDeprecated/src/main/java/com/swmansion/gesturehandler/RNGestureHandlerPackage.kt:44:25 Unresolved reference: toMutableList
e: file:///Users/wilson.shakya/Documents/GitHub/AppVerse/Elevate/node_modules/react-native-gesture-handler/android/packageDeprecated/src/main/java/com/swmansion/gesturehandler/RNGestureHandlerPackage.kt:49:20 Type mismatch: inferred type is String? but String was expected
e: file:///Users/wilson.shakya/Documents/GitHub/AppVerse/Elevate/node_modules/react-native-gesture-handler/android/packageDeprecated/src/main/java/com/swmansion/gesturehandler/RNGestureHandlerPackage.kt:65:38 Type mismatch: inferred type is Unit but Map<String, ReactModuleInfo> was expected
e: file:///Users/wilson.shakya/Documents/GitHub/AppVerse/Elevate/node_modules/react-native-gesture-handler/android/packageDeprecated/src/main/java/com/swmansion/gesturehandler/RNGestureHandlerPackage.kt:66:70 Unresolved reference: java
e: file:///Users/wilson.shakya/Documents/GitHub/AppVerse/Elevate/node_modules/react-native-gesture-handler/android/packageDeprecated/src/main/java/com/swmansion/gesturehandler/RNGestureHandlerPackage.kt:66:108 Unresolved reference: java
e: file:///Users/wilson.shakya/Documents/GitHub/AppVerse/Elevate/node_modules/react-native-gesture-handler/android/packageDeprecated/src/main/java/com/swmansion/gesturehandler/RNGestureHandlerPackage.kt:68:9 Unresolved reference: mutableMapOf
e: file:///Users/wilson.shakya/Documents/GitHub/AppVerse/Elevate/node_modules/react-native-gesture-handler/android/packageDeprecated/src/main/java/com/swmansion/gesturehandler/RNGestureHandlerPackage.kt:69:39 Unresolved reference: to
e: file:///Users/wilson.shakya/Documents/GitHub/AppVerse/Elevate/node_modules/react-native-gesture-handler/android/packageDeprecated/src/main/java/com/swmansion/gesturehandler/RNGestureHandlerPackage.kt:71:43 Unresolved reference: java
e: file:///Users/wilson.shakya/Documents/GitHub/AppVerse/Elevate/node_modules/react-native-gesture-handler/android/reanimated/src/main/java/com/swmansion/gesturehandler/ReanimatedEventDispatcher.kt:12:7 Class 'kotlin.Unit' was compiled with an incompatible version of Kotlin. The actual metadata version is 2.1.0, but the compiler version 1.9.0 can read versions up to 2.0.0.
The class is loaded from /Users/wilson.shakya/.gradle/caches/modules-2/files-2.1/org.jetbrains.kotlin/kotlin-stdlib/2.1.0/85f8b81009cda5890e54ba67d64b5e599c645020/kotlin-stdlib-2.1.0.jar!/kotlin/Unit.class
e: file:///Users/wilson.shakya/Documents/GitHub/AppVerse/Elevate/node_modules/react-native-gesture-handler/android/reanimated/src/main/java/com/swmansion/gesturehandler/ReanimatedEventDispatcher.kt:12:26 Type mismatch: inferred type is NativeModule? but ReanimatedModule? was expected
e: file:///Users/wilson.shakya/Documents/GitHub/AppVerse/Elevate/node_modules/react-native-gesture-handler/android/reanimated/src/main/java/com/swmansion/gesturehandler/ReanimatedEventDispatcher.kt:12:90 Unresolved reference: java
e: file:///Users/wilson.shakya/Documents/GitHub/AppVerse/Elevate/node_modules/react-native-gesture-handler/android/reanimated/src/main/java/com/swmansion/gesturehandler/ReanimatedEventDispatcher.kt:15:37 Class 'kotlin.Unit' was compiled with an incompatible version of Kotlin. The actual metadata version is 2.1.0, but the compiler version 1.9.0 can read versions up to 2.0.0.
The class is loaded from /Users/wilson.shakya/.gradle/caches/modules-2/files-2.1/org.jetbrains.kotlin/kotlin-stdlib/2.1.0/85f8b81009cda5890e54ba67d64b5e599c645020/kotlin-stdlib-2.1.0.jar!/kotlin/Unit.class
e: file:///Users/wilson.shakya/Documents/GitHub/AppVerse/Elevate/node_modules/react-native-gesture-handler/android/src/main/java/com/swmansion/gesturehandler/core/FlingGestureHandler.kt:16:40 Class 'kotlin.Unit' was compiled with an incompatible version of Kotlin. The actual metadata version is 2.1.0, but the compiler version 1.9.0 can read versions up to 2.0.0.
The class is loaded from /Users/wilson.shakya/.gradle/caches/modules-2/files-2.1/org.jetbrains.kotlin/kotlin-stdlib/2.1.0/85f8b81009cda5890e54ba67d64b5e599c645020/kotlin-stdlib-2.1.0.jar!/kotlin/Unit.class
e: file:///Users/wilson.shakya/Documents/GitHub/AppVerse/Elevate/node_modules/react-native-gesture-handler/android/src/main/java/com/swmansion/gesturehandler/core/FlingGestureHandler.kt:20:11 Class 'kotlin.Unit' was compiled with an incompatible version of Kotlin. The actual metadata version is 2.1.0, but the compiler version 1.9.0 can read versions up to 2.0.0.
The class is loaded from /Users/wilson.shakya/.gradle/caches/modules-2/files-2.1/org.jetbrains.kotlin/kotlin-stdlib/2.1.0/85f8b81009cda5890e54ba67d64b5e599c645020/kotlin-stdlib-2.1.0.jar!/kotlin/Unit.class
e: file:///Users/wilson.shakya/Documents/GitHub/AppVerse/Elevate/node_modules/react-native-gesture-handler/android/src/main/java/com/swmansion/gesturehandler/core/FlingGestureHandler.kt:21:5 Class 'kotlin.Unit' was compiled with an incompatible version of Kotlin. The actual metadata version is 2.1.0, but the compiler version 1.9.0 can read versions up to 2.0.0.
The class is loaded from /Users/wilson.shakya/.gradle/caches/modules-2/files-2.1/org.jetbrains.kotlin/kotlin-stdlib/2.1.0/85f8b81009cda5890e54ba67d64b5e599c645020/kotlin-stdlib-2.1.0.jar!/kotlin/Unit.class
e: file:///Users/wilson.shakya/Documents/GitHub/AppVerse/Elevate/node_modules/react-native-gesture-handler/android/src/main/java/com/swmansion/gesturehandler/core/FlingGestureHandler.kt:22:5 Class 'kotlin.Unit' was compiled with an incompatible version of Kotlin. The actual metadata version is 2.1.0, but the compiler version 1.9.0 can read versions up to 2.0.0.
The class is loaded from /Users/wilson.shakya/.gradle/caches/modules-2/files-2.1/org.jetbrains.kotlin/kotlin-stdlib/2.1.0/85f8b81009cda5890e54ba67d64b5e599c645020/kotlin-stdlib-2.1.0.jar!/kotlin/Unit.class
e: file:///Users/wilson.shakya/Documents/GitHub/AppVerse/Elevate/node_modules/react-native-gesture-handler/android/src/main/java/com/swmansion/gesturehandler/core/FlingGestureHandler.kt:26:5 Class 'kotlin.Unit' was compiled with an incompatible version of Kotlin. The actual metadata version is 2.1.0, but the compiler version 1.9.0 can read versions up to 2.0.0.
The class is loaded from /Users/wilson.shakya/.gradle/caches/modules-2/files-2.1/org.jetbrains.kotlin/kotlin-stdlib/2.1.0/85f8b81009cda5890e54ba67d64b5e599c645020/kotlin-stdlib-2.1.0.jar!/kotlin/Unit.class
e: file:///Users/wilson.shakya/Documents/GitHub/AppVerse/Elevate/node_modules/react-native-gesture-handler/android/src/main/java/com/swmansion/gesturehandler/core/FlingGestureHandler.kt:27:5 Class 'kotlin.Unit' was compiled with an incompatible version of Kotlin. The actual metadata version is 2.1.0, but the compiler version 1.9.0 can read versions up to 2.0.0.
The class is loaded from /Users/wilson.shakya/.gradle/caches/modules-2/files-2.1/org.jetbrains.kotlin/kotlin-stdlib/2.1.0/85f8b81009cda5890e54ba67d64b5e599c645020/kotlin-stdlib-2.1.0.jar!/kotlin/Unit.class
e: file:///Users/wilson.shakya/Documents/GitHub/AppVerse/Elevate/node_modules/react-native-gesture-handler/android/src/main/java/com/swmansion/gesturehandler/core/FlingGestureHandler.kt:28:5 Class 'kotlin.Unit' was compiled with an incompatible version of Kotlin. The actual metadata version is 2.1.0, but the compiler version 1.9.0 can read versions up to 2.0.0.
The class is loaded from /Users/wilson.shakya/.gradle/caches/modules-2/files-2.1/org.jetbrains.kotlin/kotlin-stdlib/2.1.0/85f8b81009cda5890e54ba67d64b5e599c645020/kotlin-stdlib-2.1.0.jar!/kotlin/Unit.class
e: file:///Users/wilson.shakya/Documents/GitHub/AppVerse/Elevate/node_modules/react-native-gesture-handler/android/src/main/java/com/swmansion/gesturehandler/core/FlingGestureHandler.kt:29:5 Class 'kotlin.Unit' was compiled with an incompatible version of Kotlin. The actual metadata version is 2.1.0, but the compiler version 1.9.0 can read versions up to 2.0.0.
The class is loaded from /Users/wilson.shakya/.gradle/caches/modules-2/files-2.1/org.jetbrains.kotlin/kotlin-stdlib/2.1.0/85f8b81009cda5890e54ba67d64b5e599c645020/kotlin-stdlib-2.1.0.jar!/kotlin/Unit.class
e: file:///Users/wilson.shakya/Documents/GitHub/AppVerse/Elevate/node_modules/react-native-gesture-handler/android/src/main/java/com/swmansion/gesturehandler/core/FlingGestureHandler.kt:30:7 Class 'kotlin.Unit' was compiled with an incompatible version of Kotlin. The actual metadata version is 2.1.0, but the compiler version 1.9.0 can read versions up to 2.0.0.
The class is loaded from /Users/wilson.shakya/.gradle/caches/modules-2/files-2.1/org.jetbrains.kotlin/kotlin-stdlib/2.1.0/85f8b81009cda5890e54ba67d64b5e599c645020/kotlin-stdlib-2.1.0.jar!/kotlin/Unit.class
e: file:///Users/wilson.shakya/Documents/GitHub/AppVerse/Elevate/node_modules/react-native-gesture-handler/android/src/main/java/com/swmansion/gesturehandler/core/FlingGestureHandler.kt:32:17 Class 'kotlin.Unit' was compiled with an incompatible version of Kotlin. The actual metadata version is 2.1.0, but the compiler version 1.9.0 can read versions up to 2.0.0.
The class is loaded from /Users/wilson.shakya/.gradle/caches/modules-2/files-2.1/org.jetbrains.kotlin/kotlin-stdlib/2.1.0/85f8b81009cda5890e54ba67d64b5e599c645020/kotlin-stdlib-2.1.0.jar!/kotlin/Unit.class
e: file:///Users/wilson.shakya/Documents/GitHub/AppVerse/Elevate/node_modules/react-native-gesture-handler/android/src/main/java/com/swmansion/gesturehandler/core/FlingGestureHandler.kt:38:5 Class 'kotlin.Unit' was compiled with an incompatible version of Kotlin. The actual metadata version is 2.1.0, but the compiler version 1.9.0 can read versions up to 2.0.0.
The class is loaded from /Users/wilson.shakya/.gradle/caches/modules-2/files-2.1/org.jetbrains.kotlin/kotlin-stdlib/2.1.0/85f8b81009cda5890e54ba67d64b5e599c645020/kotlin-stdlib-2.1.0.jar!/kotlin/Unit.class
e: file:///Users/wilson.shakya/Documents/GitHub/AppVerse/Elevate/node_modules/react-native-gesture-handler/android/src/main/java/com/swmansion/gesturehandler/core/FlingGestureHandler.kt:55:7 Unresolved reference: map
e: file:///Users/wilson.shakya/Documents/GitHub/AppVerse/Elevate/node_modules/react-native-gesture-handler/android/src/main/java/com/swmansion/gesturehandler/core/FlingGestureHandler.kt:55:13 Cannot infer a type for this parameter. Please specify it explicitly.
e: file:///Users/wilson.shakya/Documents/GitHub/AppVerse/Elevate/node_modules/react-native-gesture-handler/android/src/main/java/com/swmansion/gesturehandler/core/FlingGestureHandler.kt:62:7 Unresolved reference: map
e: file:///Users/wilson.shakya/Documents/GitHub/AppVerse/Elevate/node_modules/react-native-gesture-handler/android/src/main/java/com/swmansion/gesturehandler/core/FlingGestureHandler.kt:62:13 Cannot infer a type for this parameter. Please specify it explicitly.
e: file:///Users/wilson.shakya/Documents/GitHub/AppVerse/Elevate/node_modules/react-native-gesture-handler/android/src/main/java/com/swmansion/gesturehandler/core/FlingGestureHandler.kt:64:47 Unresolved reference: it
e: file:///Users/wilson.shakya/Documents/GitHub/AppVerse/Elevate/node_modules/react-native-gesture-handler/android/src/main/java/com/swmansion/gesturehandler/core/FlingGestureHandler.kt:64:84 Unresolved reference: it
e: file:///Users/wilson.shakya/Documents/GitHub/AppVerse/Elevate/node_modules/react-native-gesture-handler/android/src/main/java/com/swmansion/gesturehandler/core/FlingGestureHandler.kt:72:17 Class 'kotlin.Unit' was compiled with an incompatible version of Kotlin. The actual metadata version is 2.1.0, but the compiler version 1.9.0 can read versions up to 2.0.0.
The class is loaded from /Users/wilson.shakya/.gradle/caches/modules-2/files-2.1/org.jetbrains.kotlin/kotlin-stdlib/2.1.0/85f8b81009cda5890e54ba67d64b5e599c645020/kotlin-stdlib-2.1.0.jar!/kotlin/Unit.class
e: file:///Users/wilson.shakya/Documents/GitHub/AppVerse/Elevate/node_modules/react-native-gesture-handler/android/src/main/java/com/swmansion/gesturehandler/core/FlingGestureHandler.kt:73:7 Class 'kotlin.Unit' was compiled with an incompatible version of Kotlin. The actual metadata version is 2.1.0, but the compiler version 1.9.0 can read versions up to 2.0.0.
The class is loaded from /Users/wilson.shakya/.gradle/caches/modules-2/files-2.1/org.jetbrains.kotlin/kotlin-stdlib/2.1.0/85f8b81009cda5890e54ba67d64b5e599c645020/kotlin-stdlib-2.1.0.jar!/kotlin/Unit.class
e: file:///Users/wilson.shakya/Documents/GitHub/AppVerse/Elevate/node_modules/react-native-gesture-handler/android/src/main/java/com/swmansion/gesturehandler/core/FlingGestureHandler.kt:80:11 Class 'kotlin.Unit' was compiled with an incompatible version of Kotlin. The actual metadata version is 2.1.0, but the compiler version 1.9.0 can read versions up to 2.0.0.
The class is loaded from /Users/wilson.shakya/.gradle/caches/modules-2/files-2.1/org.jetbrains.kotlin/kotlin-stdlib/2.1.0/85f8b81009cda5890e54ba67d64b5e599c645020/kotlin-stdlib-2.1.0.jar!/kotlin/Unit.class
e: file:///Users/wilson.shakya/Documents/GitHub/AppVerse/Elevate/node_modules/react-native-gesture-handler/android/src/main/java/com/swmansion/gesturehandler/core/FlingGestureHandler.kt:81:5 Class 'kotlin.Unit' was compiled with an incompatible version of Kotlin. The actual metadata version is 2.1.0, but the compiler version 1.9.0 can read versions up to 2.0.0.
The class is loaded from /Users/wilson.shakya/.gradle/caches/modules-2/files-2.1/org.jetbrains.kotlin/kotlin-stdlib/2.1.0/85f8b81009cda5890e54ba67d64b5e599c645020/kotlin-stdlib-2.1.0.jar!/kotlin/Unit.class
e: file:///Users/wilson.shakya/Documents/GitHub/AppVerse/Elevate/node_modules/react-native-gesture-handler/android/src/main/java/com/swmansion/gesturehandler/core/FlingGestureHandler.kt:86:7 Class 'kotlin.Unit' was compiled with an incompatible version of Kotlin. The actual metadata version is 2.1.0, but the compiler version 1.9.0 can read versions up to 2.0.0.
The class is loaded from /Users/wilson.shakya/.gradle/caches/modules-2/files-2.1/org.jetbrains.kotlin/kotlin-stdlib/2.1.0/85f8b81009cda5890e54ba67d64b5e599c645020/kotlin-stdlib-2.1.0.jar!/kotlin/Unit.class
e: file:///Users/wilson.shakya/Documents/GitHub/AppVerse/Elevate/node_modules/react-native-gesture-handler/android/src/main/java/com/swmansion/gesturehandler/core/FlingGestureHandler.kt:97:7 Class 'kotlin.Unit' was compiled with an incompatible version of Kotlin. The actual metadata version is 2.1.0, but the compiler version 1.9.0 can read versions up to 2.0.0.
The class is loaded from /Users/wilson.shakya/.gradle/caches/modules-2/files-2.1/org.jetbrains.kotlin/kotlin-stdlib/2.1.0/85f8b81009cda5890e54ba67d64b5e599c645020/kotlin-stdlib-2.1.0.jar!/kotlin/Unit.class
e: file:///Users/wilson.shakya/Documents/GitHub/AppVerse/Elevate/node_modules/react-native-gesture-handler/android/src/main/java/com/swmansion/gesturehandler/core/FlingGestureHandler.kt:102:9 Class 'kotlin.Unit' was compiled with an incompatible version of Kotlin. The actual metadata version is 2.1.0, but the compiler version 1.9.0 can read versions up to 2.0.0.
The class is loaded from /Users/wilson.shakya/.gradle/caches/modules-2/files-2.1/org.jetbrains.kotlin/kotlin-stdlib/2.1.0/85f8b81009cda5890e54ba67d64b5e599c645020/kotlin-stdlib-2.1.0.jar!/kotlin/Unit.class
e: file:///Users/wilson.shakya/Documents/GitHub/AppVerse/Elevate/node_modules/react-native-gesture-handler/android/src/main/java/com/swmansion/gesturehandler/core/FlingGestureHandler.kt:106:9 Class 'kotlin.Unit' was compiled with an incompatible version of Kotlin. The actual metadata version is 2.1.0, but the compiler version 1.9.0 can read versions up to 2.0.0.
The class is loaded from /Users/wilson.shakya/.gradle/caches/modules-2/files-2.1/org.jetbrains.kotlin/kotlin-stdlib/2.1.0/85f8b81009cda5890e54ba67d64b5e599c645020/kotlin-stdlib-2.1.0.jar!/kotlin/Unit.class
e: file:///Users/wilson.shakya/Documents/GitHub/AppVerse/Elevate/node_modules/react-native-gesture-handler/android/src/main/java/com/swmansion/gesturehandler/core/FlingGestureHandler.kt:112:14 Class 'kotlin.Unit' was compiled with an incompatible version of Kotlin. The actual metadata version is 2.1.0, but the compiler version 1.9.0 can read versions up to 2.0.0.
The class is loaded from /Users/wilson.shakya/.gradle/caches/modules-2/files-2.1/org.jetbrains.kotlin/kotlin-stdlib/2.1.0/85f8b81009cda5890e54ba67d64b5e599c645020/kotlin-stdlib-2.1.0.jar!/kotlin/Unit.class
e: file:///Users/wilson.shakya/Documents/GitHub/AppVerse/Elevate/node_modules/react-native-gesture-handler/android/src/main/java/com/swmansion/gesturehandler/core/FlingGestureHandler.kt:116:22 Class 'kotlin.Unit' was compiled with an incompatible version of Kotlin. The actual metadata version is 2.1.0, but the compiler version 1.9.0 can read versions up to 2.0.0.
The class is loaded from /Users/wilson.shakya/.gradle/caches/modules-2/files-2.1/org.jetbrains.kotlin/kotlin-stdlib/2.1.0/85f8b81009cda5890e54ba67d64b5e599c645020/kotlin-stdlib-2.1.0.jar!/kotlin/Unit.class
e: file:///Users/wilson.shakya/Documents/GitHub/AppVerse/Elevate/node_modules/react-native-gesture-handler/android/src/main/java/com/swmansion/gesturehandler/core/FlingGestureHandler.kt:117:5 Class 'kotlin.Unit' was compiled with an incompatible version of Kotlin. The actual metadata version is 2.1.0, but the compiler version 1.9.0 can read versions up to 2.0.0.
The class is loaded from /Users/wilson.shakya/.gradle/caches/modules-2/files-2.1/org.jetbrains.kotlin/kotlin-stdlib/2.1.0/85f8b81009cda5890e54ba67d64b5e599c645020/kotlin-stdlib-2.1.0.jar!/kotlin/Unit.class
e: file:///Users/wilson.shakya/Documents/GitHub/AppVerse/Elevate/node_modules/react-native-gesture-handler/android/src/main/java/com/swmansion/gesturehandler/core/FlingGestureHandler.kt:118:14 Class 'kotlin.Unit' was compiled with an incompatible version of Kotlin. The actual metadata version is 2.1.0, but the compiler version 1.9.0 can read versions up to 2.0.0.
The class is loaded from /Users/wilson.shakya/.gradle/caches/modules-2/files-2.1/org.jetbrains.kotlin/kotlin-stdlib/2.1.0/85f8b81009cda5890e54ba67d64b5e599c645020/kotlin-stdlib-2.1.0.jar!/kotlin/Unit.class
e: file:///Users/wilson.shakya/Documents/GitHub/AppVerse/Elevate/node_modules/react-native-gesture-handler/android/src/main/java/com/swmansion/gesturehandler/core/FlingGestureHandler.kt:124:11 Class 'kotlin.Unit' was compiled with an incompatible version of Kotlin. The actual metadata version is 2.1.0, but the compiler version 1.9.0 can read versions up to 2.0.0.
The class is loaded from /Users/wilson.shakya/.gradle/caches/modules-2/files-2.1/org.jetbrains.kotlin/kotlin-stdlib/2.1.0/85f8b81009cda5890e54ba67d64b5e599c645020/kotlin-stdlib-2.1.0.jar!/kotlin/Unit.class
e: file:///Users/wilson.shakya/Documents/GitHub/AppVerse/Elevate/node_modules/react-native-gesture-handler/android/src/main/java/com/swmansion/gesturehandler/core/FlingGestureHandler.kt:125:15 Class 'kotlin.Unit' was compiled with an incompatible version of Kotlin. The actual metadata version is 2.1.0, but the compiler version 1.9.0 can read versions up to 2.0.0.
The class is loaded from /Users/wilson.shakya/.gradle/caches/modules-2/files-2.1/org.jetbrains.kotlin/kotlin-stdlib/2.1.0/85f8b81009cda5890e54ba67d64b5e599c645020/kotlin-stdlib-2.1.0.jar!/kotlin/Unit.class
e: file:///Users/wilson.shakya/Documents/GitHub/AppVerse/Elevate/node_modules/react-native-gesture-handler/android/src/main/java/com/swmansion/gesturehandler/core/FlingGestureHandler.kt:126:11 Class 'kotlin.Unit' was compiled with an incompatible version of Kotlin. The actual metadata version is 2.1.0, but the compiler version 1.9.0 can read versions up to 2.0.0.
The class is loaded from /Users/wilson.shakya/.gradle/caches/modules-2/files-2.1/org.jetbrains.kotlin/kotlin-stdlib/2.1.0/85f8b81009cda5890e54ba67d64b5e599c645020/kotlin-stdlib-2.1.0.jar!/kotlin/Unit.class
e: file:///Users/wilson.shakya/Documents/GitHub/AppVerse/Elevate/node_modules/react-native-gesture-handler/android/src/main/java/com/swmansion/gesturehandler/core/GestureHandler.kt:76:4 Class 'kotlin.Suppress' was compiled with an incompatible version of Kotlin. The actual metadata version is 2.1.0, but the compiler version 1.9.0 can read versions up to 2.0.0.
The class is loaded from /Users/wilson.shakya/.gradle/caches/modules-2/files-2.1/org.jetbrains.kotlin/kotlin-stdlib/2.1.0/85f8b81009cda5890e54ba67d64b5e599c645020/kotlin-stdlib-2.1.0.jar!/kotlin/Suppress.class
e: file:///Users/wilson.shakya/Documents/GitHub/AppVerse/Elevate/node_modules/react-native-gesture-handler/android/src/main/java/com/swmansion/gesturehandler/core/GestureHandler.kt:79:71 Class 'kotlin.Unit' was compiled with an incompatible version of Kotlin. The actual metadata version is 2.1.0, but the compiler version 1.9.0 can read versions up to 2.0.0.
The class is loaded from /Users/wilson.shakya/.gradle/caches/modules-2/files-2.1/org.jetbrains.kotlin/kotlin-stdlib/2.1.0/85f8b81009cda5890e54ba67d64b5e599c645020/kotlin-stdlib-2.1.0.jar!/kotlin/Unit.class
e: file:///Users/wilson.shakya/Documents/GitHub/AppVerse/Elevate/node_modules/react-native-gesture-handler/android/src/main/java/com/swmansion/gesturehandler/core/GestureHandler.kt:80:12 Unresolved reference: apply
e: file:///Users/wilson.shakya/Documents/GitHub/AppVerse/Elevate/node_modules/react-native-gesture-handler/android/src/main/java/com/swmansion/gesturehandler/core/GestureHandler.kt:80:20 Class 'kotlin.Unit' was compiled with an incompatible version of Kotlin. The actual metadata version is 2.1.0, but the compiler version 1.9.0 can read versions up to 2.0.0.
The class is loaded from /Users/wilson.shakya/.gradle/caches/modules-2/files-2.1/org.jetbrains.kotlin/kotlin-stdlib/2.1.0/85f8b81009cda5890e54ba67d64b5e599c645020/kotlin-stdlib-2.1.0.jar!/kotlin/Unit.class
e: file:///Users/wilson.shakya/Documents/GitHub/AppVerse/Elevate/node_modules/react-native-gesture-handler/android/src/main/java/com/swmansion/gesturehandler/core/GestureHandler.kt:80:20 Can't inline 'block' here: it may contain non-local returns. Add 'crossinline' modifier to parameter declaration 'block'
e: file:///Users/wilson.shakya/Documents/GitHub/AppVerse/Elevate/node_modules/react-native-gesture-handler/android/src/main/java/com/swmansion/gesturehandler/core/GestureHandler.kt:80:25 No value passed for parameter 'p1'
e: file:///Users/wilson.shakya/Documents/GitHub/AppVerse/Elevate/node_modules/react-native-gesture-handler/android/src/main/java/com/swmansion/gesturehandler/core/GestureHandler.kt:89:27 Class 'kotlin.Unit' was compiled with an incompatible version of Kotlin. The actual metadata version is 2.1.0, but the compiler version 1.9.0 can read versions up to 2.0.0.
The class is loaded from /Users/wilson.shakya/.gradle/caches/modules-2/files-2.1/org.jetbrains.kotlin/kotlin-stdlib/2.1.0/85f8b81009cda5890e54ba67d64b5e599c645020/kotlin-stdlib-2.1.0.jar!/kotlin/Unit.class
e: file:///Users/wilson.shakya/Documents/GitHub/AppVerse/Elevate/node_modules/react-native-gesture-handler/android/src/main/java/com/swmansion/gesturehandler/core/GestureHandler.kt:93:27 Class 'kotlin.Unit' was compiled with an incompatible version of Kotlin. The actual metadata version is 2.1.0, but the compiler version 1.9.0 can read versions up to 2.0.0.
The class is loaded from /Users/wilson.shakya/.gradle/caches/modules-2/files-2.1/org.jetbrains.kotlin/kotlin-stdlib/2.1.0/85f8b81009cda5890e54ba67d64b5e599c645020/kotlin-stdlib-2.1.0.jar!/kotlin/Unit.class
e: file:///Users/wilson.shakya/Documents/GitHub/AppVerse/Elevate/node_modules/react-native-gesture-handler/android/src/main/java/com/swmansion/gesturehandler/core/GestureHandler.kt:98:29 Class 'kotlin.Unit' was compiled with an incompatible version of Kotlin. The actual metadata version is 2.1.0, but the compiler version 1.9.0 can read versions up to 2.0.0.
The class is loaded from /Users/wilson.shakya/.gradle/caches/modules-2/files-2.1/org.jetbrains.kotlin/kotlin-stdlib/2.1.0/85f8b81009cda5890e54ba67d64b5e599c645020/kotlin-stdlib-2.1.0.jar!/kotlin/Unit.class
e: file:///Users/wilson.shakya/Documents/GitHub/AppVerse/Elevate/node_modules/react-native-gesture-handler/android/src/main/java/com/swmansion/gesturehandler/core/GestureHandler.kt:103:5 Class 'kotlin.Unit' was compiled with an incompatible version of Kotlin. The actual metadata version is 2.1.0, but the compiler version 1.9.0 can read versions up to 2.0.0.
The class is loaded from /Users/wilson.shakya/.gradle/caches/modules-2/files-2.1/org.jetbrains.kotlin/kotlin-stdlib/2.1.0/85f8b81009cda5890e54ba67d64b5e599c645020/kotlin-stdlib-2.1.0.jar!/kotlin/Unit.class
e: file:///Users/wilson.shakya/Documents/GitHub/AppVerse/Elevate/node_modules/react-native-gesture-handler/android/src/main/java/com/swmansion/gesturehandler/core/GestureHandler.kt:104:5 Class 'kotlin.Unit' was compiled with an incompatible version of Kotlin. The actual metadata version is 2.1.0, but the compiler version 1.9.0 can read versions up to 2.0.0.
The class is loaded from /Users/wilson.shakya/.gradle/caches/modules-2/files-2.1/org.jetbrains.kotlin/kotlin-stdlib/2.1.0/85f8b81009cda5890e54ba67d64b5e599c645020/kotlin-stdlib-2.1.0.jar!/kotlin/Unit.class
e: file:///Users/wilson.shakya/Documents/GitHub/AppVerse/Elevate/node_modules/react-native-gesture-handler/android/src/main/java/com/swmansion/gesturehandler/core/GestureHandler.kt:105:5 Class 'kotlin.Unit' was compiled with an incompatible version of Kotlin. The actual metadata version is 2.1.0, but the compiler version 1.9.0 can read versions up to 2.0.0.
The class is loaded from /Users/wilson.shakya/.gradle/caches/modules-2/files-2.1/org.jetbrains.kotlin/kotlin-stdlib/2.1.0/85f8b81009cda5890e54ba67d64b5e599c645020/kotlin-stdlib-2.1.0.jar!/kotlin/Unit.class
e: file:///Users/wilson.shakya/Documents/GitHub/AppVerse/Elevate/node_modules/react-native-gesture-handler/android/src/main/java/com/swmansion/gesturehandler/core/GestureHandler.kt:106:5 Class 'kotlin.Unit' was compiled with an incompatible version of Kotlin. The actual metadata version is 2.1.0, but the compiler version 1.9.0 can read versions up to 2.0.0.
The class is loaded from /Users/wilson.shakya/.gradle/caches/modules-2/files-2.1/org.jetbrains.kotlin/kotlin-stdlib/2.1.0/85f8b81009cda5890e54ba67d64b5e599c645020/kotlin-stdlib-2.1.0.jar!/kotlin/Unit.class
e: file:///Users/wilson.shakya/Documents/GitHub/AppVerse/Elevate/node_modules/react-native-gesture-handler/android/src/main/java/com/swmansion/gesturehandler/core/GestureHandler.kt:107:5 Class 'kotlin.Unit' was compiled with an incompatible version of Kotlin. The actual metadata version is 2.1.0, but the compiler version 1.9.0 can read versions up to 2.0.0.
The class is loaded from /Users/wilson.shakya/.gradle/caches/modules-2/files-2.1/org.jetbrains.kotlin/kotlin-stdlib/2.1.0/85f8b81009cda5890e54ba67d64b5e599c645020/kotlin-stdlib-2.1.0.jar!/kotlin/Unit.class
e: file:///Users/wilson.shakya/Documents/GitHub/AppVerse/Elevate/node_modules/react-native-gesture-handler/android/src/main/java/com/swmansion/gesturehandler/core/GestureHandler.kt:111:33 Unresolved reference: indices
e: file:///Users/wilson.shakya/Documents/GitHub/AppVerse/Elevate/node_modules/react-native-gesture-handler/android/src/main/java/com/swmansion/gesturehandler/core/GestureHandler.kt:120:22 Class 'kotlin.Unit' was compiled with an incompatible version of Kotlin. The actual metadata version is 2.1.0, but the compiler version 1.9.0 can read versions up to 2.0.0.
The class is loaded from /Users/wilson.shakya/.gradle/caches/modules-2/files-2.1/org.jetbrains.kotlin/kotlin-stdlib/2.1.0/85f8b81009cda5890e54ba67d64b5e599c645020/kotlin-stdlib-2.1.0.jar!/kotlin/Unit.class
e: file:///Users/wilson.shakya/Documents/GitHub/AppVerse/Elevate/node_modules/react-native-gesture-handler/android/src/main/java/com/swmansion/gesturehandler/core/GestureHandler.kt:129:36 Class 'kotlin.Unit' was compiled with an incompatible version of Kotlin. The actual metadata version is 2.1.0, but the compiler version 1.9.0 can read versions up to 2.0.0.
The class is loaded from /Users/wilson.shakya/.gradle/caches/modules-2/files-2.1/org.jetbrains.kotlin/kotlin-stdlib/2.1.0/85f8b81009cda5890e54ba67d64b5e599c645020/kotlin-stdlib-2.1.0.jar!/kotlin/Unit.class
e: file:///Users/wilson.shakya/Documents/GitHub/AppVerse/Elevate/node_modules/react-native-gesture-handler/android/src/main/java/com/swmansion/gesturehandler/core/GestureHandler.kt:131:5 Class 'kotlin.Unit' was compiled with an incompatible version of Kotlin. The actual metadata version is 2.1.0, but the compiler version 1.9.0 can read versions up to 2.0.0.
The class is loaded from /Users/wilson.shakya/.gradle/caches/modules-2/files-2.1/org.jetbrains.kotlin/kotlin-stdlib/2.1.0/85f8b81009cda5890e54ba67d64b5e599c645020/kotlin-stdlib-2.1.0.jar!/kotlin/Unit.class
e: file:///Users/wilson.shakya/Documents/GitHub/AppVerse/Elevate/node_modules/react-native-gesture-handler/android/src/main/java/com/swmansion/gesturehandler/core/GestureHandler.kt:135:22 Class 'kotlin.Unit' was compiled with an incompatible version of Kotlin. The actual metadata version is 2.1.0, but the compiler version 1.9.0 can read versions up to 2.0.0.
The class is loaded from /Users/wilson.shakya/.gradle/caches/modules-2/files-2.1/org.jetbrains.kotlin/kotlin-stdlib/2.1.0/85f8b81009cda5890e54ba67d64b5e599c645020/kotlin-stdlib-2.1.0.jar!/kotlin/Unit.class
e: file:///Users/wilson.shakya/Documents/GitHub/AppVerse/Elevate/node_modules/react-native-gesture-handler/android/src/main/java/com/swmansion/gesturehandler/core/GestureHandler.kt:146:7 Class 'kotlin.Unit' was compiled with an incompatible version of Kotlin. The actual metadata version is 2.1.0, but the compiler version 1.9.0 can read versions up to 2.0.0.
The class is loaded from /Users/wilson.shakya/.gradle/caches/modules-2/files-2.1/org.jetbrains.kotlin/kotlin-stdlib/2.1.0/85f8b81009cda5890e54ba67d64b5e599c645020/kotlin-stdlib-2.1.0.jar!/kotlin/Unit.class
e: file:///Users/wilson.shakya/Documents/GitHub/AppVerse/Elevate/node_modules/react-native-gesture-handler/android/src/main/java/com/swmansion/gesturehandler/core/GestureHandler.kt:148:5 Class 'kotlin.Unit' was compiled with an incompatible version of Kotlin. The actual metadata version is 2.1.0, but the compiler version 1.9.0 can read versions up to 2.0.0.
The class is loaded from /Users/wilson.shakya/.gradle/caches/modules-2/files-2.1/org.jetbrains.kotlin/kotlin-stdlib/2.1.0/85f8b81009cda5890e54ba67d64b5e599c645020/kotlin-stdlib-2.1.0.jar!/kotlin/Unit.class
e: file:///Users/wilson.shakya/Documents/GitHub/AppVerse/Elevate/node_modules/react-native-gesture-handler/android/src/main/java/com/swmansion/gesturehandler/core/GestureHandler.kt:149:5 Class 'kotlin.Unit' was compiled with an incompatible version of Kotlin. The actual metadata version is 2.1.0, but the compiler version 1.9.0 can read versions up to 2.0.0.
The class is loaded from /Users/wilson.shakya/.gradle/caches/modules-2/files-2.1/org.jetbrains.kotlin/kotlin-stdlib/2.1.0/85f8b81009cda5890e54ba67d64b5e599c645020/kotlin-stdlib-2.1.0.jar!/kotlin/Unit.class
e: file:///Users/wilson.shakya/Documents/GitHub/AppVerse/Elevate/node_modules/react-native-gesture-handler/android/src/main/java/com/swmansion/gesturehandler/core/GestureHandler.kt:150:5 Class 'kotlin.Unit' was compiled with an incompatible version of Kotlin. The actual metadata version is 2.1.0, but the compiler version 1.9.0 can read versions up to 2.0.0.
The class is loaded from /Users/wilson.shakya/.gradle/caches/modules-2/files-2.1/org.jetbrains.kotlin/kotlin-stdlib/2.1.0/85f8b81009cda5890e54ba67d64b5e599c645020/kotlin-stdlib-2.1.0.jar!/kotlin/Unit.class
e: file:///Users/wilson.shakya/Documents/GitHub/AppVerse/Elevate/node_modules/react-native-gesture-handler/android/src/main/java/com/swmansion/gesturehandler/core/GestureHandler.kt:151:5 Class 'kotlin.Unit' was compiled with an incompatible version of Kotlin. The actual metadata version is 2.1.0, but the compiler version 1.9.0 can read versions up to 2.0.0.
The class is loaded from /Users/wilson.shakya/.gradle/caches/modules-2/files-2.1/org.jetbrains.kotlin/kotlin-stdlib/2.1.0/85f8b81009cda5890e54ba67d64b5e599c645020/kotlin-stdlib-2.1.0.jar!/kotlin/Unit.class
e: file:///Users/wilson.shakya/Documents/GitHub/AppVerse/Elevate/node_modules/react-native-gesture-handler/android/src/main/java/com/swmansion/gesturehandler/core/GestureHandler.kt:152:5 Class 'kotlin.Unit' was compiled with an incompatible version of Kotlin. The actual metadata version is 2.1.0, but the compiler version 1.9.0 can read versions up to 2.0.0.
The class is loaded from /Users/wilson.shakya/.gradle/caches/modules-2/files-2.1/org.jetbrains.kotlin/kotlin-stdlib/2.1.0/85f8b81009cda5890e54ba67d64b5e599c645020/kotlin-stdlib-2.1.0.jar!/kotlin/Unit.class
e: file:///Users/wilson.shakya/Documents/GitHub/AppVerse/Elevate/node_modules/react-native-gesture-handler/android/src/main/java/com/swmansion/gesturehandler/core/GestureHandler.kt:153:5 Class 'kotlin.Unit' was compiled with an incompatible version of Kotlin. The actual metadata version is 2.1.0, but the compiler version 1.9.0 can read versions up to 2.0.0.
The class is loaded from /Users/wilson.shakya/.gradle/caches/modules-2/files-2.1/org.jetbrains.kotlin/kotlin-stdlib/2.1.0/85f8b81009cda5890e54ba67d64b5e599c645020/kotlin-stdlib-2.1.0.jar!/kotlin/Unit.class
e: file:///Users/wilson.shakya/Documents/GitHub/AppVerse/Elevate/node_modules/react-native-gesture-handler/android/src/main/java/com/swmansion/gesturehandler/core/GestureHandler.kt:154:5 Unresolved reference: require
e: file:///Users/wilson.shakya/Documents/GitHub/AppVerse/Elevate/node_modules/react-native-gesture-handler/android/src/main/java/com/swmansion/gesturehandler/core/GestureHandler.kt:155:5 Unresolved reference: require
e: file:///Users/wilson.shakya/Documents/GitHub/AppVerse/Elevate/node_modules/react-native-gesture-handler/android/src/main/java/com/swmansion/gesturehandler/core/GestureHandler.kt:156:5 Unresolved reference: require
e: file:///Users/wilson.shakya/Documents/GitHub/AppVerse/Elevate/node_modules/react-native-gesture-handler/android/src/main/java/com/swmansion/gesturehandler/core/GestureHandler.kt:157:5 Unresolved reference: require
e: file:///Users/wilson.shakya/Documents/GitHub/AppVerse/Elevate/node_modules/react-native-gesture-handler/android/src/main/java/com/swmansion/gesturehandler/core/GestureHandler.kt:165:17 Class 'kotlin.Unit' was compiled with an incompatible version of Kotlin. The actual metadata version is 2.1.0, but the compiler version 1.9.0 can read versions up to 2.0.0.
The class is loaded from /Users/wilson.shakya/.gradle/caches/modules-2/files-2.1/org.jetbrains.kotlin/kotlin-stdlib/2.1.0/85f8b81009cda5890e54ba67d64b5e599c645020/kotlin-stdlib-2.1.0.jar!/kotlin/Unit.class
e: file:///Users/wilson.shakya/Documents/GitHub/AppVerse/Elevate/node_modules/react-native-gesture-handler/android/src/main/java/com/swmansion/gesturehandler/core/GestureHandler.kt:167:42 Unresolved reference: apply
e: file:///Users/wilson.shakya/Documents/GitHub/AppVerse/Elevate/node_modules/react-native-gesture-handler/android/src/main/java/com/swmansion/gesturehandler/core/GestureHandler.kt:168:10 Class 'kotlin.Unit' was compiled with an incompatible version of Kotlin. The actual metadata version is 2.1.0, but the compiler version 1.9.0 can read versions up to 2.0.0.
The class is loaded from /Users/wilson.shakya/.gradle/caches/modules-2/files-2.1/org.jetbrains.kotlin/kotlin-stdlib/2.1.0/85f8b81009cda5890e54ba67d64b5e599c645020/kotlin-stdlib-2.1.0.jar!/kotlin/Unit.class
e: file:///Users/wilson.shakya/Documents/GitHub/AppVerse/Elevate/node_modules/react-native-gesture-handler/android/src/main/java/com/swmansion/gesturehandler/core/GestureHandler.kt:172:5 Unresolved reference: check
e: file:///Users/wilson.shakya/Documents/GitHub/AppVerse/Elevate/node_modules/react-native-gesture-handler/android/src/main/java/com/swmansion/gesturehandler/core/GestureHandler.kt:173:12 Class 'kotlin.Unit' was compiled with an incompatible version of Kotlin. The actual metadata version is 2.1.0, but the compiler version 1.9.0 can read versions up to 2.0.0.
The class is loaded from /Users/wilson.shakya/.gradle/caches/modules-2/files-2.1/org.jetbrains.kotlin/kotlin-stdlib/2.1.0/85f8b81009cda5890e54ba67d64b5e599c645020/kotlin-stdlib-2.1.0.jar!/kotlin/Unit.class
e: file:///Users/wilson.shakya/Documents/GitHub/AppVerse/Elevate/node_modules/react-native-gesture-handler/android/src/main/java/com/swmansion/gesturehandler/core/GestureHandler.kt:174:5 Class 'kotlin.Unit' was compiled with an incompatible version of Kotlin. The actual metadata version is 2.1.0, but the compiler version 1.9.0 can read versions up to 2.0.0.
The class is loaded from /Users/wilson.shakya/.gradle/caches/modules-2/files-2.1/org.jetbrains.kotlin/kotlin-stdlib/2.1.0/85f8b81009cda5890e54ba67d64b5e599c645020/kotlin-stdlib-2.1.0.jar!/kotlin/Unit.class
e: file:///Users/wilson.shakya/Documents/GitHub/AppVerse/Elevate/node_modules/react-native-gesture-handler/android/src/main/java/com/swmansion/gesturehandler/core/GestureHandler.kt:175:5 Class 'kotlin.Unit' was compiled with an incompatible version of Kotlin. The actual metadata version is 2.1.0, but the compiler version 1.9.0 can read versions up to 2.0.0.
The class is loaded from /Users/wilson.shakya/.gradle/caches/modules-2/files-2.1/org.jetbrains.kotlin/kotlin-stdlib/2.1.0/85f8b81009cda5890e54ba67d64b5e599c645020/kotlin-stdlib-2.1.0.jar!/kotlin/Unit.class
e: file:///Users/wilson.shakya/Documents/GitHub/AppVerse/Elevate/node_modules/react-native-gesture-handler/android/src/main/java/com/swmansion/gesturehandler/core/GestureHandler.kt:176:10 Class 'kotlin.Unit' was compiled with an incompatible version of Kotlin. The actual metadata version is 2.1.0, but the compiler version 1.9.0 can read versions up to 2.0.0.
The class is loaded from /Users/wilson.shakya/.gradle/caches/modules-2/files-2.1/org.jetbrains.kotlin/kotlin-stdlib/2.1.0/85f8b81009cda5890e54ba67d64b5e599c645020/kotlin-stdlib-2.1.0.jar!/kotlin/Unit.class
e: file:///Users/wilson.shakya/Documents/GitHub/AppVerse/Elevate/node_modules/react-native-gesture-handler/android/src/main/java/com/swmansion/gesturehandler/core/GestureHandler.kt:177:10 Class 'kotlin.Unit' was compiled with an incompatible version of Kotlin. The actual metadata version is 2.1.0, but the compiler version 1.9.0 can read versions up to 2.0.0.
The class is loaded from /Users/wilson.shakya/.gradle/caches/modules-2/files-2.1/org.jetbrains.kotlin/kotlin-stdlib/2.1.0/85f8b81009cda5890e54ba67d64b5e599c645020/kotlin-stdlib-2.1.0.jar!/kotlin/Unit.class
e: file:///Users/wilson.shakya/Documents/GitHub/AppVerse/Elevate/node_modules/react-native-gesture-handler/android/src/main/java/com/swmansion/gesturehandler/core/GestureHandler.kt:180:5 Class 'kotlin.Unit' was compiled with an incompatible version of Kotlin. The actual metadata version is 2.1.0, but the compiler version 1.9.0 can read versions up to 2.0.0.
The class is loaded from /Users/wilson.shakya/.gradle/caches/modules-2/files-2.1/org.jetbrains.kotlin/kotlin-stdlib/2.1.0/85f8b81009cda5890e54ba67d64b5e599c645020/kotlin-stdlib-2.1.0.jar!/kotlin/Unit.class
e: file:///Users/wilson.shakya/Documents/GitHub/AppVerse/Elevate/node_modules/react-native-gesture-handler/android/src/main/java/com/swmansion/gesturehandler/core/GestureHandler.kt:181:15 Class 'kotlin.Unit' was compiled with an incompatible version of Kotlin. The actual metadata version is 2.1.0, but the compiler version 1.9.0 can read versions up to 2.0.0.
The class is loaded from /Users/wilson.shakya/.gradle/caches/modules-2/files-2.1/org.jetbrains.kotlin/kotlin-stdlib/2.1.0/85f8b81009cda5890e54ba67d64b5e599c645020/kotlin-stdlib-2.1.0.jar!/kotlin/Unit.class
e: file:///Users/wilson.shakya/Documents/GitHub/AppVerse/Elevate/node_modules/react-native-gesture-handler/android/src/main/java/com/swmansion/gesturehandler/core/GestureHandler.kt:183:7 Class 'kotlin.Unit' was compiled with an incompatible version of Kotlin. The actual metadata version is 2.1.0, but the compiler version 1.9.0 can read versions up to 2.0.0.
The class is loaded from /Users/wilson.shakya/.gradle/caches/modules-2/files-2.1/org.jetbrains.kotlin/kotlin-stdlib/2.1.0/85f8b81009cda5890e54ba67d64b5e599c645020/kotlin-stdlib-2.1.0.jar!/kotlin/Unit.class
e: file:///Users/wilson.shakya/Documents/GitHub/AppVerse/Elevate/node_modules/react-native-gesture-handler/android/src/main/java/com/swmansion/gesturehandler/core/GestureHandler.kt:184:7 Class 'kotlin.Unit' was compiled with an incompatible version of Kotlin. The actual metadata version is 2.1.0, but the compiler version 1.9.0 can read versions up to 2.0.0.
The class is loaded from /Users/wilson.shakya/.gradle/caches/modules-2/files-2.1/org.jetbrains.kotlin/kotlin-stdlib/2.1.0/85f8b81009cda5890e54ba67d64b5e599c645020/kotlin-stdlib-2.1.0.jar!/kotlin/Unit.class
e: file:///Users/wilson.shakya/Documents/GitHub/AppVerse/Elevate/node_modules/react-native-gesture-handler/android/src/main/java/com/swmansion/gesturehandler/core/GestureHandler.kt:187:5 Class 'kotlin.Unit' was compiled with an incompatible version of Kotlin. The actual metadata version is 2.1.0, but the compiler version 1.9.0 can read versions up to 2.0.0.
The class is loaded from /Users/wilson.shakya/.gradle/caches/modules-2/files-2.1/org.jetbrains.kotlin/kotlin-stdlib/2.1.0/85f8b81009cda5890e54ba67d64b5e599c645020/kotlin-stdlib-2.1.0.jar!/kotlin/Unit.class
e: file:///Users/wilson.shakya/Documents/GitHub/AppVerse/Elevate/node_modules/react-native-gesture-handler/android/src/main/java/com/swmansion/gesturehandler/core/GestureHandler.kt:220:7 Class 'kotlin.Unit' was compiled with an incompatible version of Kotlin. The actual metadata version is 2.1.0, but the compiler version 1.9.0 can read versions up to 2.0.0.
The class is loaded from /Users/wilson.shakya/.gradle/caches/modules-2/files-2.1/org.jetbrains.kotlin/kotlin-stdlib/2.1.0/85f8b81009cda5890e54ba67d64b5e599c645020/kotlin-stdlib-2.1.0.jar!/kotlin/Unit.class
e: file:///Users/wilson.shakya/Documents/GitHub/AppVerse/Elevate/node_modules/react-native-gesture-handler/android/src/main/java/com/swmansion/gesturehandler/core/GestureHandler.kt:221:7 Class 'kotlin.Unit' was compiled with an incompatible version of Kotlin. The actual metadata version is 2.1.0, but the compiler version 1.9.0 can read versions up to 2.0.0.
The class is loaded from /Users/wilson.shakya/.gradle/caches/modules-2/files-2.1/org.jetbrains.kotlin/kotlin-stdlib/2.1.0/85f8b81009cda5890e54ba67d64b5e599c645020/kotlin-stdlib-2.1.0.jar!/kotlin/Unit.class
e: file:///Users/wilson.shakya/Documents/GitHub/AppVerse/Elevate/node_modules/react-native-gesture-handler/android/src/main/java/com/swmansion/gesturehandler/core/GestureHandler.kt:227:7 Class 'kotlin.Unit' was compiled with an incompatible version of Kotlin. The actual metadata version is 2.1.0, but the compiler version 1.9.0 can read versions up to 2.0.0.
The class is loaded from /Users/wilson.shakya/.gradle/caches/modules-2/files-2.1/org.jetbrains.kotlin/kotlin-stdlib/2.1.0/85f8b81009cda5890e54ba67d64b5e599c645020/kotlin-stdlib-2.1.0.jar!/kotlin/Unit.class
e: file:///Users/wilson.shakya/Documents/GitHub/AppVerse/Elevate/node_modules/react-native-gesture-handler/android/src/main/java/com/swmansion/gesturehandler/core/GestureHandler.kt:228:7 Class 'kotlin.Unit' was compiled with an incompatible version of Kotlin. The actual metadata version is 2.1.0, but the compiler version 1.9.0 can read versions up to 2.0.0.
The class is loaded from /Users/wilson.shakya/.gradle/caches/modules-2/files-2.1/org.jetbrains.kotlin/kotlin-stdlib/2.1.0/85f8b81009cda5890e54ba67d64b5e599c645020/kotlin-stdlib-2.1.0.jar!/kotlin/Unit.class
e: file:///Users/wilson.shakya/Documents/GitHub/AppVerse/Elevate/node_modules/react-native-gesture-handler/android/src/main/java/com/swmansion/gesturehandler/core/GestureHandler.kt:237:33 Unresolved reference: indices
e: file:///Users/wilson.shakya/Documents/GitHub/AppVerse/Elevate/node_modules/react-native-gesture-handler/android/src/main/java/com/swmansion/gesturehandler/core/GestureHandler.kt:252:5 Class 'kotlin.Unit' was compiled with an incompatible version of Kotlin. The actual metadata version is 2.1.0, but the compiler version 1.9.0 can read versions up to 2.0.0.
The class is loaded from /Users/wilson.shakya/.gradle/caches/modules-2/files-2.1/org.jetbrains.kotlin/kotlin-stdlib/2.1.0/85f8b81009cda5890e54ba67d64b5e599c645020/kotlin-stdlib-2.1.0.jar!/kotlin/Unit.class
e: file:///Users/wilson.shakya/Documents/GitHub/AppVerse/Elevate/node_modules/react-native-gesture-handler/android/src/main/java/com/swmansion/gesturehandler/core/GestureHandler.kt:269:5 Class 'kotlin.Unit' was compiled with an incompatible version of Kotlin. The actual metadata version is 2.1.0, but the compiler version 1.9.0 can read versions up to 2.0.0.
The class is loaded from /Users/wilson.shakya/.gradle/caches/modules-2/files-2.1/org.jetbrains.kotlin/kotlin-stdlib/2.1.0/85f8b81009cda5890e54ba67d64b5e599c645020/kotlin-stdlib-2.1.0.jar!/kotlin/Unit.class
e: file:///Users/wilson.shakya/Documents/GitHub/AppVerse/Elevate/node_modules/react-native-gesture-handler/android/src/main/java/com/swmansion/gesturehandler/core/GestureHandler.kt:273:11 Class 'kotlin.Unit' was compiled with an incompatible version of Kotlin. The actual metadata version is 2.1.0, but the compiler version 1.9.0 can read versions up to 2.0.0.
The class is loaded from /Users/wilson.shakya/.gradle/caches/modules-2/files-2.1/org.jetbrains.kotlin/kotlin-stdlib/2.1.0/85f8b81009cda5890e54ba67d64b5e599c645020/kotlin-stdlib-2.1.0.jar!/kotlin/Unit.class
e: file:///Users/wilson.shakya/Documents/GitHub/AppVerse/Elevate/node_modules/react-native-gesture-handler/android/src/main/java/com/swmansion/gesturehandler/core/GestureHandler.kt:279:15 Class 'kotlin.Unit' was compiled with an incompatible version of Kotlin. The actual metadata version is 2.1.0, but the compiler version 1.9.0 can read versions up to 2.0.0.
The class is loaded from /Users/wilson.shakya/.gradle/caches/modules-2/files-2.1/org.jetbrains.kotlin/kotlin-stdlib/2.1.0/85f8b81009cda5890e54ba67d64b5e599c645020/kotlin-stdlib-2.1.0.jar!/kotlin/Unit.class
e: file:///Users/wilson.shakya/Documents/GitHub/AppVerse/Elevate/node_modules/react-native-gesture-handler/android/src/main/java/com/swmansion/gesturehandler/core/GestureHandler.kt:281:15 Class 'kotlin.Unit' was compiled with an incompatible version of Kotlin. The actual metadata version is 2.1.0, but the compiler version 1.9.0 can read versions up to 2.0.0.
The class is loaded from /Users/wilson.shakya/.gradle/caches/modules-2/files-2.1/org.jetbrains.kotlin/kotlin-stdlib/2.1.0/85f8b81009cda5890e54ba67d64b5e599c645020/kotlin-stdlib-2.1.0.jar!/kotlin/Unit.class
e: file:///Users/wilson.shakya/Documents/GitHub/AppVerse/Elevate/node_modules/react-native-gesture-handler/android/src/main/java/com/swmansion/gesturehandler/core/GestureHandler.kt:291:22 Unresolved reference: isEmpty
e: file:///Users/wilson.shakya/Documents/GitHub/AppVerse/Elevate/node_modules/react-native-gesture-handler/android/src/main/java/com/swmansion/gesturehandler/core/GestureHandler.kt:291:49 Unresolved reference: isEmpty
e: file:///Users/wilson.shakya/Documents/GitHub/AppVerse/Elevate/node_modules/react-native-gesture-handler/android/src/main/java/com/swmansion/gesturehandler/core/GestureHandler.kt:296:5 Class 'kotlin.Unit' was compiled with an incompatible version of Kotlin. The actual metadata version is 2.1.0, but the compiler version 1.9.0 can read versions up to 2.0.0.
The class is loaded from /Users/wilson.shakya/.gradle/caches/modules-2/files-2.1/org.jetbrains.kotlin/kotlin-stdlib/2.1.0/85f8b81009cda5890e54ba67d64b5e599c645020/kotlin-stdlib-2.1.0.jar!/kotlin/Unit.class
e: file:///Users/wilson.shakya/Documents/GitHub/AppVerse/Elevate/node_modules/react-native-gesture-handler/android/src/main/java/com/swmansion/gesturehandler/core/GestureHandler.kt:316:11 Class 'kotlin.Unit' was compiled with an incompatible version of Kotlin. The actual metadata version is 2.1.0, but the compiler version 1.9.0 can read versions up to 2.0.0.
The class is loaded from /Users/wilson.shakya/.gradle/caches/modules-2/files-2.1/org.jetbrains.kotlin/kotlin-stdlib/2.1.0/85f8b81009cda5890e54ba67d64b5e599c645020/kotlin-stdlib-2.1.0.jar!/kotlin/Unit.class
e: file:///Users/wilson.shakya/Documents/GitHub/AppVerse/Elevate/node_modules/react-native-gesture-handler/android/src/main/java/com/swmansion/gesturehandler/core/GestureHandler.kt:317:12 Class 'kotlin.Unit' was compiled with an incompatible version of Kotlin. The actual metadata version is 2.1.0, but the compiler version 1.9.0 can read versions up to 2.0.0.
The class is loaded from /Users/wilson.shakya/.gradle/caches/modules-2/files-2.1/org.jetbrains.kotlin/kotlin-stdlib/2.1.0/85f8b81009cda5890e54ba67d64b5e599c645020/kotlin-stdlib-2.1.0.jar!/kotlin/Unit.class
e: file:///Users/wilson.shakya/Documents/GitHub/AppVerse/Elevate/node_modules/react-native-gesture-handler/android/src/main/java/com/swmansion/gesturehandler/core/GestureHandler.kt:336:50 Unresolved reference: joinToString
e: file:///Users/wilson.shakya/Documents/GitHub/AppVerse/Elevate/node_modules/react-native-gesture-handler/android/src/main/java/com/swmansion/gesturehandler/core/GestureHandler.kt:338:9 Unresolved reference: trimIndent
e: file:///Users/wilson.shakya/Documents/GitHub/AppVerse/Elevate/node_modules/react-native-gesture-handler/android/src/main/java/com/swmansion/gesturehandler/core/GestureHandler.kt:353:57 Destructuring declaration initializer of type Array<MotionEvent> must have a 'component1()' function
e: file:///Users/wilson.shakya/Documents/GitHub/AppVerse/Elevate/node_modules/react-native-gesture-handler/android/src/main/java/com/swmansion/gesturehandler/core/GestureHandler.kt:353:57 Destructuring declaration initializer of type Array<MotionEvent> must have a 'component2()' function
e: file:///Users/wilson.shakya/Documents/GitHub/AppVerse/Elevate/node_modules/react-native-gesture-handler/android/src/main/java/com/swmansion/gesturehandler/core/GestureHandler.kt:359:9 Class 'kotlin.Unit' was compiled with an incompatible version of Kotlin. The actual metadata version is 2.1.0, but the compiler version 1.9.0 can read versions up to 2.0.0.
The class is loaded from /Users/wilson.shakya/.gradle/caches/modules-2/files-2.1/org.jetbrains.kotlin/kotlin-stdlib/2.1.0/85f8b81009cda5890e54ba67d64b5e599c645020/kotlin-stdlib-2.1.0.jar!/kotlin/Unit.class
e: file:///Users/wilson.shakya/Documents/GitHub/AppVerse/Elevate/node_modules/react-native-gesture-handler/android/src/main/java/com/swmansion/gesturehandler/core/GestureHandler.kt:364:5 Class 'kotlin.Unit' was compiled with an incompatible version of Kotlin. The actual metadata version is 2.1.0, but the compiler version 1.9.0 can read versions up to 2.0.0.
The class is loaded from /Users/wilson.shakya/.gradle/caches/modules-2/files-2.1/org.jetbrains.kotlin/kotlin-stdlib/2.1.0/85f8b81009cda5890e54ba67d64b5e599c645020/kotlin-stdlib-2.1.0.jar!/kotlin/Unit.class
e: file:///Users/wilson.shakya/Documents/GitHub/AppVerse/Elevate/node_modules/react-native-gesture-handler/android/src/main/java/com/swmansion/gesturehandler/core/GestureHandler.kt:365:5 Class 'kotlin.Unit' was compiled with an incompatible version of Kotlin. The actual metadata version is 2.1.0, but the compiler version 1.9.0 can read versions up to 2.0.0.
The class is loaded from /Users/wilson.shakya/.gradle/caches/modules-2/files-2.1/org.jetbrains.kotlin/kotlin-stdlib/2.1.0/85f8b81009cda5890e54ba67d64b5e599c645020/kotlin-stdlib-2.1.0.jar!/kotlin/Unit.class
e: file:///Users/wilson.shakya/Documents/GitHub/AppVerse/Elevate/node_modules/react-native-gesture-handler/android/src/main/java/com/swmansion/gesturehandler/core/GestureHandler.kt:366:5 Class 'kotlin.Unit' was compiled with an incompatible version of Kotlin. The actual metadata version is 2.1.0, but the compiler version 1.9.0 can read versions up to 2.0.0.
The class is loaded from /Users/wilson.shakya/.gradle/caches/modules-2/files-2.1/org.jetbrains.kotlin/kotlin-stdlib/2.1.0/85f8b81009cda5890e54ba67d64b5e599c645020/kotlin-stdlib-2.1.0.jar!/kotlin/Unit.class
e: file:///Users/wilson.shakya/Documents/GitHub/AppVerse/Elevate/node_modules/react-native-gesture-handler/android/src/main/java/com/swmansion/gesturehandler/core/GestureHandler.kt:367:5 Class 'kotlin.Unit' was compiled with an incompatible version of Kotlin. The actual metadata version is 2.1.0, but the compiler version 1.9.0 can read versions up to 2.0.0.
The class is loaded from /Users/wilson.shakya/.gradle/caches/modules-2/files-2.1/org.jetbrains.kotlin/kotlin-stdlib/2.1.0/85f8b81009cda5890e54ba67d64b5e599c645020/kotlin-stdlib-2.1.0.jar!/kotlin/Unit.class
e: file:///Users/wilson.shakya/Documents/GitHub/AppVerse/Elevate/node_modules/react-native-gesture-handler/android/src/main/java/com/swmansion/gesturehandler/core/GestureHandler.kt:369:7 Class 'kotlin.Unit' was compiled with an incompatible version of Kotlin. The actual metadata version is 2.1.0, but the compiler version 1.9.0 can read versions up to 2.0.0.
The class is loaded from /Users/wilson.shakya/.gradle/caches/modules-2/files-2.1/org.jetbrains.kotlin/kotlin-stdlib/2.1.0/85f8b81009cda5890e54ba67d64b5e599c645020/kotlin-stdlib-2.1.0.jar!/kotlin/Unit.class
e: file:///Users/wilson.shakya/Documents/GitHub/AppVerse/Elevate/node_modules/react-native-gesture-handler/android/src/main/java/com/swmansion/gesturehandler/core/GestureHandler.kt:370:9 Class 'kotlin.Unit' was compiled with an incompatible version of Kotlin. The actual metadata version is 2.1.0, but the compiler version 1.9.0 can read versions up to 2.0.0.
The class is loaded from /Users/wilson.shakya/.gradle/caches/modules-2/files-2.1/org.jetbrains.kotlin/kotlin-stdlib/2.1.0/85f8b81009cda5890e54ba67d64b5e599c645020/kotlin-stdlib-2.1.0.jar!/kotlin/Unit.class
e: file:///Users/wilson.shakya/Documents/GitHub/AppVerse/Elevate/node_modules/react-native-gesture-handler/android/src/main/java/com/swmansion/gesturehandler/core/GestureHandler.kt:372:9 Class 'kotlin.Unit' was compiled with an incompatible version of Kotlin. The actual metadata version is 2.1.0, but the compiler version 1.9.0 can read versions up to 2.0.0.
The class is loaded from /Users/wilson.shakya/.gradle/caches/modules-2/files-2.1/org.jetbrains.kotlin/kotlin-stdlib/2.1.0/85f8b81009cda5890e54ba67d64b5e599c645020/kotlin-stdlib-2.1.0.jar!/kotlin/Unit.class
e: file:///Users/wilson.shakya/Documents/GitHub/AppVerse/Elevate/node_modules/react-native-gesture-handler/android/src/main/java/com/swmansion/gesturehandler/core/GestureHandler.kt:376:5 Class 'kotlin.Unit' was compiled with an incompatible version of Kotlin. The actual metadata version is 2.1.0, but the compiler version 1.9.0 can read versions up to 2.0.0.
The class is loaded from /Users/wilson.shakya/.gradle/caches/modules-2/files-2.1/org.jetbrains.kotlin/kotlin-stdlib/2.1.0/85f8b81009cda5890e54ba67d64b5e599c645020/kotlin-stdlib-2.1.0.jar!/kotlin/Unit.class
e: file:///Users/wilson.shakya/Documents/GitHub/AppVerse/Elevate/node_modules/react-native-gesture-handler/android/src/main/java/com/swmansion/gesturehandler/core/GestureHandler.kt:377:5 Class 'kotlin.Unit' was compiled with an incompatible version of Kotlin. The actual metadata version is 2.1.0, but the compiler version 1.9.0 can read versions up to 2.0.0.
The class is loaded from /Users/wilson.shakya/.gradle/caches/modules-2/files-2.1/org.jetbrains.kotlin/kotlin-stdlib/2.1.0/85f8b81009cda5890e54ba67d64b5e599c645020/kotlin-stdlib-2.1.0.jar!/kotlin/Unit.class
e: file:///Users/wilson.shakya/Documents/GitHub/AppVerse/Elevate/node_modules/react-native-gesture-handler/android/src/main/java/com/swmansion/gesturehandler/core/GestureHandler.kt:378:5 Class 'kotlin.Unit' was compiled with an incompatible version of Kotlin. The actual metadata version is 2.1.0, but the compiler version 1.9.0 can read versions up to 2.0.0.
The class is loaded from /Users/wilson.shakya/.gradle/caches/modules-2/files-2.1/org.jetbrains.kotlin/kotlin-stdlib/2.1.0/85f8b81009cda5890e54ba67d64b5e599c645020/kotlin-stdlib-2.1.0.jar!/kotlin/Unit.class
e: file:///Users/wilson.shakya/Documents/GitHub/AppVerse/Elevate/node_modules/react-native-gesture-handler/android/src/main/java/com/swmansion/gesturehandler/core/GestureHandler.kt:379:5 Class 'kotlin.Unit' was compiled with an incompatible version of Kotlin. The actual metadata version is 2.1.0, but the compiler version 1.9.0 can read versions up to 2.0.0.
The class is loaded from /Users/wilson.shakya/.gradle/caches/modules-2/files-2.1/org.jetbrains.kotlin/kotlin-stdlib/2.1.0/85f8b81009cda5890e54ba67d64b5e599c645020/kotlin-stdlib-2.1.0.jar!/kotlin/Unit.class
e: file:///Users/wilson.shakya/Documents/GitHub/AppVerse/Elevate/node_modules/react-native-gesture-handler/android/src/main/java/com/swmansion/gesturehandler/core/GestureHandler.kt:382:7 Class 'kotlin.Unit' was compiled with an incompatible version of Kotlin. The actual metadata version is 2.1.0, but the compiler version 1.9.0 can read versions up to 2.0.0.
The class is loaded from /Users/wilson.shakya/.gradle/caches/modules-2/files-2.1/org.jetbrains.kotlin/kotlin-stdlib/2.1.0/85f8b81009cda5890e54ba67d64b5e599c645020/kotlin-stdlib-2.1.0.jar!/kotlin/Unit.class
e: file:///Users/wilson.shakya/Documents/GitHub/AppVerse/Elevate/node_modules/react-native-gesture-handler/android/src/main/java/com/swmansion/gesturehandler/core/GestureHandler.kt:385:5 Class 'kotlin.Unit' was compiled with an incompatible version of Kotlin. The actual metadata version is 2.1.0, but the compiler version 1.9.0 can read versions up to 2.0.0.
The class is loaded from /Users/wilson.shakya/.gradle/caches/modules-2/files-2.1/org.jetbrains.kotlin/kotlin-stdlib/2.1.0/85f8b81009cda5890e54ba67d64b5e599c645020/kotlin-stdlib-2.1.0.jar!/kotlin/Unit.class
e: file:///Users/wilson.shakya/Documents/GitHub/AppVerse/Elevate/node_modules/react-native-gesture-handler/android/src/main/java/com/swmansion/gesturehandler/core/GestureHandler.kt:389:7 Class 'kotlin.Unit' was compiled with an incompatible version of Kotlin. The actual metadata version is 2.1.0, but the compiler version 1.9.0 can read versions up to 2.0.0.
The class is loaded from /Users/wilson.shakya/.gradle/caches/modules-2/files-2.1/org.jetbrains.kotlin/kotlin-stdlib/2.1.0/85f8b81009cda5890e54ba67d64b5e599c645020/kotlin-stdlib-2.1.0.jar!/kotlin/Unit.class
e: file:///Users/wilson.shakya/Documents/GitHub/AppVerse/Elevate/node_modules/react-native-gesture-handler/android/src/main/java/com/swmansion/gesturehandler/core/GestureHandler.kt:391:7 Class 'kotlin.Unit' was compiled with an incompatible version of Kotlin. The actual metadata version is 2.1.0, but the compiler version 1.9.0 can read versions up to 2.0.0.
The class is loaded from /Users/wilson.shakya/.gradle/caches/modules-2/files-2.1/org.jetbrains.kotlin/kotlin-stdlib/2.1.0/85f8b81009cda5890e54ba67d64b5e599c645020/kotlin-stdlib-2.1.0.jar!/kotlin/Unit.class
e: file:///Users/wilson.shakya/Documents/GitHub/AppVerse/Elevate/node_modules/react-native-gesture-handler/android/src/main/java/com/swmansion/gesturehandler/core/GestureHandler.kt:402:5 Class 'kotlin.Unit' was compiled with an incompatible version of Kotlin. The actual metadata version is 2.1.0, but the compiler version 1.9.0 can read versions up to 2.0.0.
The class is loaded from /Users/wilson.shakya/.gradle/caches/modules-2/files-2.1/org.jetbrains.kotlin/kotlin-stdlib/2.1.0/85f8b81009cda5890e54ba67d64b5e599c645020/kotlin-stdlib-2.1.0.jar!/kotlin/Unit.class
e: file:///Users/wilson.shakya/Documents/GitHub/AppVerse/Elevate/node_modules/react-native-gesture-handler/android/src/main/java/com/swmansion/gesturehandler/core/GestureHandler.kt:403:5 Class 'kotlin.Unit' was compiled with an incompatible version of Kotlin. The actual metadata version is 2.1.0, but the compiler version 1.9.0 can read versions up to 2.0.0.
The class is loaded from /Users/wilson.shakya/.gradle/caches/modules-2/files-2.1/org.jetbrains.kotlin/kotlin-stdlib/2.1.0/85f8b81009cda5890e54ba67d64b5e599c645020/kotlin-stdlib-2.1.0.jar!/kotlin/Unit.class
e: file:///Users/wilson.shakya/Documents/GitHub/AppVerse/Elevate/node_modules/react-native-gesture-handler/android/src/main/java/com/swmansion/gesturehandler/core/GestureHandler.kt:408:5 Class 'kotlin.Unit' was compiled with an incompatible version of Kotlin. The actual metadata version is 2.1.0, but the compiler version 1.9.0 can read versions up to 2.0.0.
The class is loaded from /Users/wilson.shakya/.gradle/caches/modules-2/files-2.1/org.jetbrains.kotlin/kotlin-stdlib/2.1.0/85f8b81009cda5890e54ba67d64b5e599c645020/kotlin-stdlib-2.1.0.jar!/kotlin/Unit.class
e: file:///Users/wilson.shakya/Documents/GitHub/AppVerse/Elevate/node_modules/react-native-gesture-handler/android/src/main/java/com/swmansion/gesturehandler/core/GestureHandler.kt:415:5 Class 'kotlin.Unit' was compiled with an incompatible version of Kotlin. The actual metadata version is 2.1.0, but the compiler version 1.9.0 can read versions up to 2.0.0.
The class is loaded from /Users/wilson.shakya/.gradle/caches/modules-2/files-2.1/org.jetbrains.kotlin/kotlin-stdlib/2.1.0/85f8b81009cda5890e54ba67d64b5e599c645020/kotlin-stdlib-2.1.0.jar!/kotlin/Unit.class
e: file:///Users/wilson.shakya/Documents/GitHub/AppVerse/Elevate/node_modules/react-native-gesture-handler/android/src/main/java/com/swmansion/gesturehandler/core/GestureHandler.kt:416:5 Class 'kotlin.Unit' was compiled with an incompatible version of Kotlin. The actual metadata version is 2.1.0, but the compiler version 1.9.0 can read versions up to 2.0.0.
The class is loaded from /Users/wilson.shakya/.gradle/caches/modules-2/files-2.1/org.jetbrains.kotlin/kotlin-stdlib/2.1.0/85f8b81009cda5890e54ba67d64b5e599c645020/kotlin-stdlib-2.1.0.jar!/kotlin/Unit.class
e: file:///Users/wilson.shakya/Documents/GitHub/AppVerse/Elevate/node_modules/react-native-gesture-handler/android/src/main/java/com/swmansion/gesturehandler/core/GestureHandler.kt:417:5 Class 'kotlin.Unit' was compiled with an incompatible version of Kotlin. The actual metadata version is 2.1.0, but the compiler version 1.9.0 can read versions up to 2.0.0.
The class is loaded from /Users/wilson.shakya/.gradle/caches/modules-2/files-2.1/org.jetbrains.kotlin/kotlin-stdlib/2.1.0/85f8b81009cda5890e54ba67d64b5e599c645020/kotlin-stdlib-2.1.0.jar!/kotlin/Unit.class
e: file:///Users/wilson.shakya/Documents/GitHub/AppVerse/Elevate/node_modules/react-native-gesture-handler/android/src/main/java/com/swmansion/gesturehandler/core/GestureHandler.kt:419:5 Class 'kotlin.Unit' was compiled with an incompatible version of Kotlin. The actual metadata version is 2.1.0, but the compiler version 1.9.0 can read versions up to 2.0.0.
The class is loaded from /Users/wilson.shakya/.gradle/caches/modules-2/files-2.1/org.jetbrains.kotlin/kotlin-stdlib/2.1.0/85f8b81009cda5890e54ba67d64b5e599c645020/kotlin-stdlib-2.1.0.jar!/kotlin/Unit.class
e: file:///Users/wilson.shakya/Documents/GitHub/AppVerse/Elevate/node_modules/react-native-gesture-handler/android/src/main/java/com/swmansion/gesturehandler/core/GestureHandler.kt:423:5 Class 'kotlin.Unit' was compiled with an incompatible version of Kotlin. The actual metadata version is 2.1.0, but the compiler version 1.9.0 can read versions up to 2.0.0.
The class is loaded from /Users/wilson.shakya/.gradle/caches/modules-2/files-2.1/org.jetbrains.kotlin/kotlin-stdlib/2.1.0/85f8b81009cda5890e54ba67d64b5e599c645020/kotlin-stdlib-2.1.0.jar!/kotlin/Unit.class
e: file:///Users/wilson.shakya/Documents/GitHub/AppVerse/Elevate/node_modules/react-native-gesture-handler/android/src/main/java/com/swmansion/gesturehandler/core/GestureHandler.kt:424:5 Class 'kotlin.Unit' was compiled with an incompatible version of Kotlin. The actual metadata version is 2.1.0, but the compiler version 1.9.0 can read versions up to 2.0.0.
The class is loaded from /Users/wilson.shakya/.gradle/caches/modules-2/files-2.1/org.jetbrains.kotlin/kotlin-stdlib/2.1.0/85f8b81009cda5890e54ba67d64b5e599c645020/kotlin-stdlib-2.1.0.jar!/kotlin/Unit.class
e: file:///Users/wilson.shakya/Documents/GitHub/AppVerse/Elevate/node_modules/react-native-gesture-handler/android/src/main/java/com/swmansion/gesturehandler/core/GestureHandler.kt:425:5 Class 'kotlin.Unit' was compiled with an incompatible version of Kotlin. The actual metadata version is 2.1.0, but the compiler version 1.9.0 can read versions up to 2.0.0.
The class is loaded from /Users/wilson.shakya/.gradle/caches/modules-2/files-2.1/org.jetbrains.kotlin/kotlin-stdlib/2.1.0/85f8b81009cda5890e54ba67d64b5e599c645020/kotlin-stdlib-2.1.0.jar!/kotlin/Unit.class
e: file:///Users/wilson.shakya/Documents/GitHub/AppVerse/Elevate/node_modules/react-native-gesture-handler/android/src/main/java/com/swmansion/gesturehandler/core/GestureHandler.kt:430:5 Class 'kotlin.Unit' was compiled with an incompatible version of Kotlin. The actual metadata version is 2.1.0, but the compiler version 1.9.0 can read versions up to 2.0.0.
The class is loaded from /Users/wilson.shakya/.gradle/caches/modules-2/files-2.1/org.jetbrains.kotlin/kotlin-stdlib/2.1.0/85f8b81009cda5890e54ba67d64b5e599c645020/kotlin-stdlib-2.1.0.jar!/kotlin/Unit.class
e: file:///Users/wilson.shakya/Documents/GitHub/AppVerse/Elevate/node_modules/react-native-gesture-handler/android/src/main/java/com/swmansion/gesturehandler/core/GestureHandler.kt:437:5 Class 'kotlin.Unit' was compiled with an incompatible version of Kotlin. The actual metadata version is 2.1.0, but the compiler version 1.9.0 can read versions up to 2.0.0.
The class is loaded from /Users/wilson.shakya/.gradle/caches/modules-2/files-2.1/org.jetbrains.kotlin/kotlin-stdlib/2.1.0/85f8b81009cda5890e54ba67d64b5e599c645020/kotlin-stdlib-2.1.0.jar!/kotlin/Unit.class
e: file:///Users/wilson.shakya/Documents/GitHub/AppVerse/Elevate/node_modules/react-native-gesture-handler/android/src/main/java/com/swmansion/gesturehandler/core/GestureHandler.kt:438:5 Class 'kotlin.Unit' was compiled with an incompatible version of Kotlin. The actual metadata version is 2.1.0, but the compiler version 1.9.0 can read versions up to 2.0.0.
The class is loaded from /Users/wilson.shakya/.gradle/caches/modules-2/files-2.1/org.jetbrains.kotlin/kotlin-stdlib/2.1.0/85f8b81009cda5890e54ba67d64b5e599c645020/kotlin-stdlib-2.1.0.jar!/kotlin/Unit.class
e: file:///Users/wilson.shakya/Documents/GitHub/AppVerse/Elevate/node_modules/react-native-gesture-handler/android/src/main/java/com/swmansion/gesturehandler/core/GestureHandler.kt:439:5 Class 'kotlin.Unit' was compiled with an incompatible version of Kotlin. The actual metadata version is 2.1.0, but the compiler version 1.9.0 can read versions up to 2.0.0.
The class is loaded from /Users/wilson.shakya/.gradle/caches/modules-2/files-2.1/org.jetbrains.kotlin/kotlin-stdlib/2.1.0/85f8b81009cda5890e54ba67d64b5e599c645020/kotlin-stdlib-2.1.0.jar!/kotlin/Unit.class
e: file:///Users/wilson.shakya/Documents/GitHub/AppVerse/Elevate/node_modules/react-native-gesture-handler/android/src/main/java/com/swmansion/gesturehandler/core/GestureHandler.kt:441:5 Class 'kotlin.Unit' was compiled with an incompatible version of Kotlin. The actual metadata version is 2.1.0, but the compiler version 1.9.0 can read versions up to 2.0.0.
The class is loaded from /Users/wilson.shakya/.gradle/caches/modules-2/files-2.1/org.jetbrains.kotlin/kotlin-stdlib/2.1.0/85f8b81009cda5890e54ba67d64b5e599c645020/kotlin-stdlib-2.1.0.jar!/kotlin/Unit.class
e: file:///Users/wilson.shakya/Documents/GitHub/AppVerse/Elevate/node_modules/react-native-gesture-handler/android/src/main/java/com/swmansion/gesturehandler/core/GestureHandler.kt:445:5 Class 'kotlin.Unit' was compiled with an incompatible version of Kotlin. The actual metadata version is 2.1.0, but the compiler version 1.9.0 can read versions up to 2.0.0.
The class is loaded from /Users/wilson.shakya/.gradle/caches/modules-2/files-2.1/org.jetbrains.kotlin/kotlin-stdlib/2.1.0/85f8b81009cda5890e54ba67d64b5e599c645020/kotlin-stdlib-2.1.0.jar!/kotlin/Unit.class
e: file:///Users/wilson.shakya/Documents/GitHub/AppVerse/Elevate/node_modules/react-native-gesture-handler/android/src/main/java/com/swmansion/gesturehandler/core/GestureHandler.kt:446:5 Class 'kotlin.Unit' was compiled with an incompatible version of Kotlin. The actual metadata version is 2.1.0, but the compiler version 1.9.0 can read versions up to 2.0.0.
The class is loaded from /Users/wilson.shakya/.gradle/caches/modules-2/files-2.1/org.jetbrains.kotlin/kotlin-stdlib/2.1.0/85f8b81009cda5890e54ba67d64b5e599c645020/kotlin-stdlib-2.1.0.jar!/kotlin/Unit.class
e: file:///Users/wilson.shakya/Documents/GitHub/AppVerse/Elevate/node_modules/react-native-gesture-handler/android/src/main/java/com/swmansion/gesturehandler/core/GestureHandler.kt:451:17 Unresolved reference: until
e: file:///Users/wilson.shakya/Documents/GitHub/AppVerse/Elevate/node_modules/react-native-gesture-handler/android/src/main/java/com/swmansion/gesturehandler/core/GestureHandler.kt:456:17 Class 'kotlin.Unit' was compiled with an incompatible version of Kotlin. The actual metadata version is 2.1.0, but the compiler version 1.9.0 can read versions up to 2.0.0.
The class is loaded from /Users/wilson.shakya/.gradle/caches/modules-2/files-2.1/org.jetbrains.kotlin/kotlin-stdlib/2.1.0/85f8b81009cda5890e54ba67d64b5e599c645020/kotlin-stdlib-2.1.0.jar!/kotlin/Unit.class
e: file:///Users/wilson.shakya/Documents/GitHub/AppVerse/Elevate/node_modules/react-native-gesture-handler/android/src/main/java/com/swmansion/gesturehandler/core/GestureHandler.kt:457:17 Class 'kotlin.Unit' was compiled with an incompatible version of Kotlin. The actual metadata version is 2.1.0, but the compiler version 1.9.0 can read versions up to 2.0.0.
The class is loaded from /Users/wilson.shakya/.gradle/caches/modules-2/files-2.1/org.jetbrains.kotlin/kotlin-stdlib/2.1.0/85f8b81009cda5890e54ba67d64b5e599c645020/kotlin-stdlib-2.1.0.jar!/kotlin/Unit.class
e: file:///Users/wilson.shakya/Documents/GitHub/AppVerse/Elevate/node_modules/react-native-gesture-handler/android/src/main/java/com/swmansion/gesturehandler/core/GestureHandler.kt:458:17 Class 'kotlin.Unit' was compiled with an incompatible version of Kotlin. The actual metadata version is 2.1.0, but the compiler version 1.9.0 can read versions up to 2.0.0.
The class is loaded from /Users/wilson.shakya/.gradle/caches/modules-2/files-2.1/org.jetbrains.kotlin/kotlin-stdlib/2.1.0/85f8b81009cda5890e54ba67d64b5e599c645020/kotlin-stdlib-2.1.0.jar!/kotlin/Unit.class
e: file:///Users/wilson.shakya/Documents/GitHub/AppVerse/Elevate/node_modules/react-native-gesture-handler/android/src/main/java/com/swmansion/gesturehandler/core/GestureHandler.kt:459:17 Class 'kotlin.Unit' was compiled with an incompatible version of Kotlin. The actual metadata version is 2.1.0, but the compiler version 1.9.0 can read versions up to 2.0.0.
The class is loaded from /Users/wilson.shakya/.gradle/caches/modules-2/files-2.1/org.jetbrains.kotlin/kotlin-stdlib/2.1.0/85f8b81009cda5890e54ba67d64b5e599c645020/kotlin-stdlib-2.1.0.jar!/kotlin/Unit.class
e: file:///Users/wilson.shakya/Documents/GitHub/AppVerse/Elevate/node_modules/react-native-gesture-handler/android/src/main/java/com/swmansion/gesturehandler/core/GestureHandler.kt:461:9 Class 'kotlin.Unit' was compiled with an incompatible version of Kotlin. The actual metadata version is 2.1.0, but the compiler version 1.9.0 can read versions up to 2.0.0.
The class is loaded from /Users/wilson.shakya/.gradle/caches/modules-2/files-2.1/org.jetbrains.kotlin/kotlin-stdlib/2.1.0/85f8b81009cda5890e54ba67d64b5e599c645020/kotlin-stdlib-2.1.0.jar!/kotlin/Unit.class
e: file:///Users/wilson.shakya/Documents/GitHub/AppVerse/Elevate/node_modules/react-native-gesture-handler/android/src/main/java/com/swmansion/gesturehandler/core/GestureHandler.kt:470:7 Class 'kotlin.Unit' was compiled with an incompatible version of Kotlin. The actual metadata version is 2.1.0, but the compiler version 1.9.0 can read versions up to 2.0.0.
The class is loaded from /Users/wilson.shakya/.gradle/caches/modules-2/files-2.1/org.jetbrains.kotlin/kotlin-stdlib/2.1.0/85f8b81009cda5890e54ba67d64b5e599c645020/kotlin-stdlib-2.1.0.jar!/kotlin/Unit.class
e: file:///Users/wilson.shakya/Documents/GitHub/AppVerse/Elevate/node_modules/react-native-gesture-handler/android/src/main/java/com/swmansion/gesturehandler/core/GestureHandler.kt:471:7 Class 'kotlin.Unit' was compiled with an incompatible version of Kotlin. The actual metadata version is 2.1.0, but the compiler version 1.9.0 can read versions up to 2.0.0.
The class is loaded from /Users/wilson.shakya/.gradle/caches/modules-2/files-2.1/org.jetbrains.kotlin/kotlin-stdlib/2.1.0/85f8b81009cda5890e54ba67d64b5e599c645020/kotlin-stdlib-2.1.0.jar!/kotlin/Unit.class
e: file:///Users/wilson.shakya/Documents/GitHub/AppVerse/Elevate/node_modules/react-native-gesture-handler/android/src/main/java/com/swmansion/gesturehandler/core/GestureHandler.kt:476:5 Class 'kotlin.Unit' was compiled with an incompatible version of Kotlin. The actual metadata version is 2.1.0, but the compiler version 1.9.0 can read versions up to 2.0.0.
The class is loaded from /Users/wilson.shakya/.gradle/caches/modules-2/files-2.1/org.jetbrains.kotlin/kotlin-stdlib/2.1.0/85f8b81009cda5890e54ba67d64b5e599c645020/kotlin-stdlib-2.1.0.jar!/kotlin/Unit.class
e: file:///Users/wilson.shakya/Documents/GitHub/AppVerse/Elevate/node_modules/react-native-gesture-handler/android/src/main/java/com/swmansion/gesturehandler/core/GestureHandler.kt:477:7 Class 'kotlin.Unit' was compiled with an incompatible version of Kotlin. The actual metadata version is 2.1.0, but the compiler version 1.9.0 can read versions up to 2.0.0.
The class is loaded from /Users/wilson.shakya/.gradle/caches/modules-2/files-2.1/org.jetbrains.kotlin/kotlin-stdlib/2.1.0/85f8b81009cda5890e54ba67d64b5e599c645020/kotlin-stdlib-2.1.0.jar!/kotlin/Unit.class
e: file:///Users/wilson.shakya/Documents/GitHub/AppVerse/Elevate/node_modules/react-native-gesture-handler/android/src/main/java/com/swmansion/gesturehandler/core/GestureHandler.kt:478:7 Class 'kotlin.Unit' was compiled with an incompatible version of Kotlin. The actual metadata version is 2.1.0, but the compiler version 1.9.0 can read versions up to 2.0.0.
The class is loaded from /Users/wilson.shakya/.gradle/caches/modules-2/files-2.1/org.jetbrains.kotlin/kotlin-stdlib/2.1.0/85f8b81009cda5890e54ba67d64b5e599c645020/kotlin-stdlib-2.1.0.jar!/kotlin/Unit.class
e: file:///Users/wilson.shakya/Documents/GitHub/AppVerse/Elevate/node_modules/react-native-gesture-handler/android/src/main/java/com/swmansion/gesturehandler/core/GestureHandler.kt:479:12 Class 'kotlin.Unit' was compiled with an incompatible version of Kotlin. The actual metadata version is 2.1.0, but the compiler version 1.9.0 can read versions up to 2.0.0.
The class is loaded from /Users/wilson.shakya/.gradle/caches/modules-2/files-2.1/org.jetbrains.kotlin/kotlin-stdlib/2.1.0/85f8b81009cda5890e54ba67d64b5e599c645020/kotlin-stdlib-2.1.0.jar!/kotlin/Unit.class
e: file:///Users/wilson.shakya/Documents/GitHub/AppVerse/Elevate/node_modules/react-native-gesture-handler/android/src/main/java/com/swmansion/gesturehandler/core/GestureHandler.kt:480:7 Class 'kotlin.Unit' was compiled with an incompatible version of Kotlin. The actual metadata version is 2.1.0, but the compiler version 1.9.0 can read versions up to 2.0.0.
The class is loaded from /Users/wilson.shakya/.gradle/caches/modules-2/files-2.1/org.jetbrains.kotlin/kotlin-stdlib/2.1.0/85f8b81009cda5890e54ba67d64b5e599c645020/kotlin-stdlib-2.1.0.jar!/kotlin/Unit.class
e: file:///Users/wilson.shakya/Documents/GitHub/AppVerse/Elevate/node_modules/react-native-gesture-handler/android/src/main/java/com/swmansion/gesturehandler/core/GestureHandler.kt:481:7 Class 'kotlin.Unit' was compiled with an incompatible version of Kotlin. The actual metadata version is 2.1.0, but the compiler version 1.9.0 can read versions up to 2.0.0.
The class is loaded from /Users/wilson.shakya/.gradle/caches/modules-2/files-2.1/org.jetbrains.kotlin/kotlin-stdlib/2.1.0/85f8b81009cda5890e54ba67d64b5e599c645020/kotlin-stdlib-2.1.0.jar!/kotlin/Unit.class
e: file:///Users/wilson.shakya/Documents/GitHub/AppVerse/Elevate/node_modules/react-native-gesture-handler/android/src/main/java/com/swmansion/gesturehandler/core/GestureHandler.kt:483:7 Class 'kotlin.Unit' was compiled with an incompatible version of Kotlin. The actual metadata version is 2.1.0, but the compiler version 1.9.0 can read versions up to 2.0.0.
The class is loaded from /Users/wilson.shakya/.gradle/caches/modules-2/files-2.1/org.jetbrains.kotlin/kotlin-stdlib/2.1.0/85f8b81009cda5890e54ba67d64b5e599c645020/kotlin-stdlib-2.1.0.jar!/kotlin/Unit.class
e: file:///Users/wilson.shakya/Documents/GitHub/AppVerse/Elevate/node_modules/react-native-gesture-handler/android/src/main/java/com/swmansion/gesturehandler/core/GestureHandler.kt:488:5 Class 'kotlin.Unit' was compiled with an incompatible version of Kotlin. The actual metadata version is 2.1.0, but the compiler version 1.9.0 can read versions up to 2.0.0.
The class is loaded from /Users/wilson.shakya/.gradle/caches/modules-2/files-2.1/org.jetbrains.kotlin/kotlin-stdlib/2.1.0/85f8b81009cda5890e54ba67d64b5e599c645020/kotlin-stdlib-2.1.0.jar!/kotlin/Unit.class
e: file:///Users/wilson.shakya/Documents/GitHub/AppVerse/Elevate/node_modules/react-native-gesture-handler/android/src/main/java/com/swmansion/gesturehandler/core/GestureHandler.kt:492:9 Class 'kotlin.Unit' was compiled with an incompatible version of Kotlin. The actual metadata version is 2.1.0, but the compiler version 1.9.0 can read versions up to 2.0.0.
The class is loaded from /Users/wilson.shakya/.gradle/caches/modules-2/files-2.1/org.jetbrains.kotlin/kotlin-stdlib/2.1.0/85f8b81009cda5890e54ba67d64b5e599c645020/kotlin-stdlib-2.1.0.jar!/kotlin/Unit.class
e: file:///Users/wilson.shakya/Documents/GitHub/AppVerse/Elevate/node_modules/react-native-gesture-handler/android/src/main/java/com/swmansion/gesturehandler/core/GestureHandler.kt:498:5 Class 'kotlin.Unit' was compiled with an incompatible version of Kotlin. The actual metadata version is 2.1.0, but the compiler version 1.9.0 can read versions up to 2.0.0.
The class is loaded from /Users/wilson.shakya/.gradle/caches/modules-2/files-2.1/org.jetbrains.kotlin/kotlin-stdlib/2.1.0/85f8b81009cda5890e54ba67d64b5e599c645020/kotlin-stdlib-2.1.0.jar!/kotlin/Unit.class
e: file:///Users/wilson.shakya/Documents/GitHub/AppVerse/Elevate/node_modules/react-native-gesture-handler/android/src/main/java/com/swmansion/gesturehandler/core/GestureHandler.kt:499:5 Class 'kotlin.Unit' was compiled with an incompatible version of Kotlin. The actual metadata version is 2.1.0, but the compiler version 1.9.0 can read versions up to 2.0.0.
The class is loaded from /Users/wilson.shakya/.gradle/caches/modules-2/files-2.1/org.jetbrains.kotlin/kotlin-stdlib/2.1.0/85f8b81009cda5890e54ba67d64b5e599c645020/kotlin-stdlib-2.1.0.jar!/kotlin/Unit.class
e: file:///Users/wilson.shakya/Documents/GitHub/AppVerse/Elevate/node_modules/react-native-gesture-handler/android/src/main/java/com/swmansion/gesturehandler/core/GestureHandler.kt:500:5 Class 'kotlin.Unit' was compiled with an incompatible version of Kotlin. The actual metadata version is 2.1.0, but the compiler version 1.9.0 can read versions up to 2.0.0.
The class is loaded from /Users/wilson.shakya/.gradle/caches/modules-2/files-2.1/org.jetbrains.kotlin/kotlin-stdlib/2.1.0/85f8b81009cda5890e54ba67d64b5e599c645020/kotlin-stdlib-2.1.0.jar!/kotlin/Unit.class
e: file:///Users/wilson.shakya/Documents/GitHub/AppVerse/Elevate/node_modules/react-native-gesture-handler/android/src/main/java/com/swmansion/gesturehandler/core/GestureHandler.kt:503:16 Unresolved reference: let
e: file:///Users/wilson.shakya/Documents/GitHub/AppVerse/Elevate/node_modules/react-native-gesture-handler/android/src/main/java/com/swmansion/gesturehandler/core/GestureHandler.kt:504:9 Class 'kotlin.Unit' was compiled with an incompatible version of Kotlin. The actual metadata version is 2.1.0, but the compiler version 1.9.0 can read versions up to 2.0.0.
The class is loaded from /Users/wilson.shakya/.gradle/caches/modules-2/files-2.1/org.jetbrains.kotlin/kotlin-stdlib/2.1.0/85f8b81009cda5890e54ba67d64b5e599c645020/kotlin-stdlib-2.1.0.jar!/kotlin/Unit.class
e: file:///Users/wilson.shakya/Documents/GitHub/AppVerse/Elevate/node_modules/react-native-gesture-handler/android/src/main/java/com/swmansion/gesturehandler/core/GestureHandler.kt:504:27 Unresolved reference: it
e: file:///Users/wilson.shakya/Documents/GitHub/AppVerse/Elevate/node_modules/react-native-gesture-handler/android/src/main/java/com/swmansion/gesturehandler/core/GestureHandler.kt:508:5 Class 'kotlin.Unit' was compiled with an incompatible version of Kotlin. The actual metadata version is 2.1.0, but the compiler version 1.9.0 can read versions up to 2.0.0.
The class is loaded from /Users/wilson.shakya/.gradle/caches/modules-2/files-2.1/org.jetbrains.kotlin/kotlin-stdlib/2.1.0/85f8b81009cda5890e54ba67d64b5e599c645020/kotlin-stdlib-2.1.0.jar!/kotlin/Unit.class
e: file:///Users/wilson.shakya/Documents/GitHub/AppVerse/Elevate/node_modules/react-native-gesture-handler/android/src/main/java/com/swmansion/gesturehandler/core/GestureHandler.kt:509:21 Unresolved reference: fill
e: file:///Users/wilson.shakya/Documents/GitHub/AppVerse/Elevate/node_modules/react-native-gesture-handler/android/src/main/java/com/swmansion/gesturehandler/core/GestureHandler.kt:511:5 Class 'kotlin.Unit' was compiled with an incompatible version of Kotlin. The actual metadata version is 2.1.0, but the compiler version 1.9.0 can read versions up to 2.0.0.
The class is loaded from /Users/wilson.shakya/.gradle/caches/modules-2/files-2.1/org.jetbrains.kotlin/kotlin-stdlib/2.1.0/85f8b81009cda5890e54ba67d64b5e599c645020/kotlin-stdlib-2.1.0.jar!/kotlin/Unit.class
e: file:///Users/wilson.shakya/Documents/GitHub/AppVerse/Elevate/node_modules/react-native-gesture-handler/android/src/main/java/com/swmansion/gesturehandler/core/GestureHandler.kt:516:7 Class 'kotlin.Unit' was compiled with an incompatible version of Kotlin. The actual metadata version is 2.1.0, but the compiler version 1.9.0 can read versions up to 2.0.0.
The class is loaded from /Users/wilson.shakya/.gradle/caches/modules-2/files-2.1/org.jetbrains.kotlin/kotlin-stdlib/2.1.0/85f8b81009cda5890e54ba67d64b5e599c645020/kotlin-stdlib-2.1.0.jar!/kotlin/Unit.class
e: file:///Users/wilson.shakya/Documents/GitHub/AppVerse/Elevate/node_modules/react-native-gesture-handler/android/src/main/java/com/swmansion/gesturehandler/core/GestureHandler.kt:519:29 Class 'kotlin.Unit' was compiled with an incompatible version of Kotlin. The actual metadata version is 2.1.0, but the compiler version 1.9.0 can read versions up to 2.0.0.
The class is loaded from /Users/wilson.shakya/.gradle/caches/modules-2/files-2.1/org.jetbrains.kotlin/kotlin-stdlib/2.1.0/85f8b81009cda5890e54ba67d64b5e599c645020/kotlin-stdlib-2.1.0.jar!/kotlin/Unit.class
e: file:///Users/wilson.shakya/Documents/GitHub/AppVerse/Elevate/node_modules/react-native-gesture-handler/android/src/main/java/com/swmansion/gesturehandler/core/GestureHandler.kt:524:7 Class 'kotlin.Unit' was compiled with an incompatible version of Kotlin. The actual metadata version is 2.1.0, but the compiler version 1.9.0 can read versions up to 2.0.0.
The class is loaded from /Users/wilson.shakya/.gradle/caches/modules-2/files-2.1/org.jetbrains.kotlin/kotlin-stdlib/2.1.0/85f8b81009cda5890e54ba67d64b5e599c645020/kotlin-stdlib-2.1.0.jar!/kotlin/Unit.class
e: file:///Users/wilson.shakya/Documents/GitHub/AppVerse/Elevate/node_modules/react-native-gesture-handler/android/src/main/java/com/swmansion/gesturehandler/core/GestureHandler.kt:527:25 Class 'kotlin.Unit' was compiled with an incompatible version of Kotlin. The actual metadata version is 2.1.0, but the compiler version 1.9.0 can read versions up to 2.0.0.
The class is loaded from /Users/wilson.shakya/.gradle/caches/modules-2/files-2.1/org.jetbrains.kotlin/kotlin-stdlib/2.1.0/85f8b81009cda5890e54ba67d64b5e599c645020/kotlin-stdlib-2.1.0.jar!/kotlin/Unit.class
e: file:///Users/wilson.shakya/Documents/GitHub/AppVerse/Elevate/node_modules/react-native-gesture-handler/android/src/main/java/com/swmansion/gesturehandler/core/GestureHandler.kt:530:83 Unresolved reference: apply
e: file:///Users/wilson.shakya/Documents/GitHub/AppVerse/Elevate/node_modules/react-native-gesture-handler/android/src/main/java/com/swmansion/gesturehandler/core/GestureHandler.kt:531:5 Unresolved reference: putInt
e: file:///Users/wilson.shakya/Documents/GitHub/AppVerse/Elevate/node_modules/react-native-gesture-handler/android/src/main/java/com/swmansion/gesturehandler/core/GestureHandler.kt:532:5 Unresolved reference: putDouble
e: file:///Users/wilson.shakya/Documents/GitHub/AppVerse/Elevate/node_modules/react-native-gesture-handler/android/src/main/java/com/swmansion/gesturehandler/core/GestureHandler.kt:533:5 Unresolved reference: putDouble
e: file:///Users/wilson.shakya/Documents/GitHub/AppVerse/Elevate/node_modules/react-native-gesture-handler/android/src/main/java/com/swmansion/gesturehandler/core/GestureHandler.kt:534:5 Unresolved reference: putDouble
e: file:///Users/wilson.shakya/Documents/GitHub/AppVerse/Elevate/node_modules/react-native-gesture-handler/android/src/main/java/com/swmansion/gesturehandler/core/GestureHandler.kt:535:5 Unresolved reference: putDouble
e: file:///Users/wilson.shakya/Documents/GitHub/AppVerse/Elevate/node_modules/react-native-gesture-handler/android/src/main/java/com/swmansion/gesturehandler/core/GestureHandler.kt:540:5 Class 'kotlin.Unit' was compiled with an incompatible version of Kotlin. The actual metadata version is 2.1.0, but the compiler version 1.9.0 can read versions up to 2.0.0.
The class is loaded from /Users/wilson.shakya/.gradle/caches/modules-2/files-2.1/org.jetbrains.kotlin/kotlin-stdlib/2.1.0/85f8b81009cda5890e54ba67d64b5e599c645020/kotlin-stdlib-2.1.0.jar!/kotlin/Unit.class
e: file:///Users/wilson.shakya/Documents/GitHub/AppVerse/Elevate/node_modules/react-native-gesture-handler/android/src/main/java/com/swmansion/gesturehandler/core/GestureHandler.kt:546:5 Class 'kotlin.Unit' was compiled with an incompatible version of Kotlin. The actual metadata version is 2.1.0, but the compiler version 1.9.0 can read versions up to 2.0.0.
The class is loaded from /Users/wilson.shakya/.gradle/caches/modules-2/files-2.1/org.jetbrains.kotlin/kotlin-stdlib/2.1.0/85f8b81009cda5890e54ba67d64b5e599c645020/kotlin-stdlib-2.1.0.jar!/kotlin/Unit.class
e: file:///Users/wilson.shakya/Documents/GitHub/AppVerse/Elevate/node_modules/react-native-gesture-handler/android/src/main/java/com/swmansion/gesturehandler/core/GestureHandler.kt:551:18 Class 'kotlin.Unit' was compiled with an incompatible version of Kotlin. The actual metadata version is 2.1.0, but the compiler version 1.9.0 can read versions up to 2.0.0.
The class is loaded from /Users/wilson.shakya/.gradle/caches/modules-2/files-2.1/org.jetbrains.kotlin/kotlin-stdlib/2.1.0/85f8b81009cda5890e54ba67d64b5e599c645020/kotlin-stdlib-2.1.0.jar!/kotlin/Unit.class
e: file:///Users/wilson.shakya/Documents/GitHub/AppVerse/Elevate/node_modules/react-native-gesture-handler/android/src/main/java/com/swmansion/gesturehandler/core/GestureHandler.kt:558:7 Class 'kotlin.Unit' was compiled with an incompatible version of Kotlin. The actual metadata version is 2.1.0, but the compiler version 1.9.0 can read versions up to 2.0.0.
The class is loaded from /Users/wilson.shakya/.gradle/caches/modules-2/files-2.1/org.jetbrains.kotlin/kotlin-stdlib/2.1.0/85f8b81009cda5890e54ba67d64b5e599c645020/kotlin-stdlib-2.1.0.jar!/kotlin/Unit.class
e: file:///Users/wilson.shakya/Documents/GitHub/AppVerse/Elevate/node_modules/react-native-gesture-handler/android/src/main/java/com/swmansion/gesturehandler/core/GestureHandler.kt:562:5 Class 'kotlin.Unit' was compiled with an incompatible version of Kotlin. The actual metadata version is 2.1.0, but the compiler version 1.9.0 can read versions up to 2.0.0.
The class is loaded from /Users/wilson.shakya/.gradle/caches/modules-2/files-2.1/org.jetbrains.kotlin/kotlin-stdlib/2.1.0/85f8b81009cda5890e54ba67d64b5e599c645020/kotlin-stdlib-2.1.0.jar!/kotlin/Unit.class
e: file:///Users/wilson.shakya/Documents/GitHub/AppVerse/Elevate/node_modules/react-native-gesture-handler/android/src/main/java/com/swmansion/gesturehandler/core/GestureHandler.kt:567:7 Class 'kotlin.Unit' was compiled with an incompatible version of Kotlin. The actual metadata version is 2.1.0, but the compiler version 1.9.0 can read versions up to 2.0.0.
The class is loaded from /Users/wilson.shakya/.gradle/caches/modules-2/files-2.1/org.jetbrains.kotlin/kotlin-stdlib/2.1.0/85f8b81009cda5890e54ba67d64b5e599c645020/kotlin-stdlib-2.1.0.jar!/kotlin/Unit.class
e: file:///Users/wilson.shakya/Documents/GitHub/AppVerse/Elevate/node_modules/react-native-gesture-handler/android/src/main/java/com/swmansion/gesturehandler/core/GestureHandler.kt:567:28 Class 'kotlin.Unit' was compiled with an incompatible version of Kotlin. The actual metadata version is 2.1.0, but the compiler version 1.9.0 can read versions up to 2.0.0.
The class is loaded from /Users/wilson.shakya/.gradle/caches/modules-2/files-2.1/org.jetbrains.kotlin/kotlin-stdlib/2.1.0/85f8b81009cda5890e54ba67d64b5e599c645020/kotlin-stdlib-2.1.0.jar!/kotlin/Unit.class
e: file:///Users/wilson.shakya/Documents/GitHub/AppVerse/Elevate/node_modules/react-native-gesture-handler/android/src/main/java/com/swmansion/gesturehandler/core/GestureHandler.kt:569:20 Class 'kotlin.Unit' was compiled with an incompatible version of Kotlin. The actual metadata version is 2.1.0, but the compiler version 1.9.0 can read versions up to 2.0.0.
The class is loaded from /Users/wilson.shakya/.gradle/caches/modules-2/files-2.1/org.jetbrains.kotlin/kotlin-stdlib/2.1.0/85f8b81009cda5890e54ba67d64b5e599c645020/kotlin-stdlib-2.1.0.jar!/kotlin/Unit.class
e: file:///Users/wilson.shakya/Documents/GitHub/AppVerse/Elevate/node_modules/react-native-gesture-handler/android/src/main/java/com/swmansion/gesturehandler/core/GestureHandler.kt:570:5 Class 'kotlin.Unit' was compiled with an incompatible version of Kotlin. The actual metadata version is 2.1.0, but the compiler version 1.9.0 can read versions up to 2.0.0.
The class is loaded from /Users/wilson.shakya/.gradle/caches/modules-2/files-2.1/org.jetbrains.kotlin/kotlin-stdlib/2.1.0/85f8b81009cda5890e54ba67d64b5e599c645020/kotlin-stdlib-2.1.0.jar!/kotlin/Unit.class
e: file:///Users/wilson.shakya/Documents/GitHub/AppVerse/Elevate/node_modules/react-native-gesture-handler/android/src/main/java/com/swmansion/gesturehandler/core/GestureHandler.kt:622:14 Unresolved reference: let
e: file:///Users/wilson.shakya/Documents/GitHub/AppVerse/Elevate/node_modules/react-native-gesture-handler/android/src/main/java/com/swmansion/gesturehandler/core/GestureHandler.kt:622:20 Cannot infer a type for this parameter. Please specify it explicitly.
e: file:///Users/wilson.shakya/Documents/GitHub/AppVerse/Elevate/node_modules/react-native-gesture-handler/android/src/main/java/com/swmansion/gesturehandler/core/GestureHandler.kt:628:14 Overload resolution ambiguity: 
public final operator fun minus(other: Byte): Float defined in kotlin.Float
public final operator fun minus(other: Double): Double defined in kotlin.Float
public final operator fun minus(other: Float): Float defined in kotlin.Float
public final operator fun minus(other: Int): Float defined in kotlin.Float
public final operator fun minus(other: Long): Float defined in kotlin.Float
public final operator fun minus(other: Short): Float defined in kotlin.Float
e: file:///Users/wilson.shakya/Documents/GitHub/AppVerse/Elevate/node_modules/react-native-gesture-handler/android/src/main/java/com/swmansion/gesturehandler/core/GestureHandler.kt:631:13 Overload resolution ambiguity: 
public final operator fun minus(other: Byte): Float defined in kotlin.Float
public final operator fun minus(other: Double): Double defined in kotlin.Float
public final operator fun minus(other: Float): Float defined in kotlin.Float
public final operator fun minus(other: Int): Float defined in kotlin.Float
public final operator fun minus(other: Long): Float defined in kotlin.Float
public final operator fun minus(other: Short): Float defined in kotlin.Float
e: file:///Users/wilson.shakya/Documents/GitHub/AppVerse/Elevate/node_modules/react-native-gesture-handler/android/src/main/java/com/swmansion/gesturehandler/core/GestureHandler.kt:634:15 Overload resolution ambiguity: 
public final operator fun plus(other: Byte): Float defined in kotlin.Float
public final operator fun plus(other: Double): Double defined in kotlin.Float
public final operator fun plus(other: Float): Float defined in kotlin.Float
public final operator fun plus(other: Int): Float defined in kotlin.Float
public final operator fun plus(other: Long): Float defined in kotlin.Float
public final operator fun plus(other: Short): Float defined in kotlin.Float
e: file:///Users/wilson.shakya/Documents/GitHub/AppVerse/Elevate/node_modules/react-native-gesture-handler/android/src/main/java/com/swmansion/gesturehandler/core/GestureHandler.kt:637:16 Overload resolution ambiguity: 
public final operator fun plus(other: Byte): Float defined in kotlin.Float
public final operator fun plus(other: Double): Double defined in kotlin.Float
public final operator fun plus(other: Float): Float defined in kotlin.Float
public final operator fun plus(other: Int): Float defined in kotlin.Float
public final operator fun plus(other: Long): Float defined in kotlin.Float
public final operator fun plus(other: Short): Float defined in kotlin.Float
e: file:///Users/wilson.shakya/Documents/GitHub/AppVerse/Elevate/node_modules/react-native-gesture-handler/android/src/main/java/com/swmansion/gesturehandler/core/GestureHandler.kt:642:9 Class 'kotlin.Unit' was compiled with an incompatible version of Kotlin. The actual metadata version is 2.1.0, but the compiler version 1.9.0 can read versions up to 2.0.0.
The class is loaded from /Users/wilson.shakya/.gradle/caches/modules-2/files-2.1/org.jetbrains.kotlin/kotlin-stdlib/2.1.0/85f8b81009cda5890e54ba67d64b5e599c645020/kotlin-stdlib-2.1.0.jar!/kotlin/Unit.class
e: file:///Users/wilson.shakya/Documents/GitHub/AppVerse/Elevate/node_modules/react-native-gesture-handler/android/src/main/java/com/swmansion/gesturehandler/core/GestureHandler.kt:643:24 Overload resolution ambiguity: 
public final operator fun minus(other: Byte): Float defined in kotlin.Float
public final operator fun minus(other: Double): Double defined in kotlin.Float
public final operator fun minus(other: Float): Float defined in kotlin.Float
public final operator fun minus(other: Int): Float defined in kotlin.Float
public final operator fun minus(other: Long): Float defined in kotlin.Float
public final operator fun minus(other: Short): Float defined in kotlin.Float
e: file:///Users/wilson.shakya/Documents/GitHub/AppVerse/Elevate/node_modules/react-native-gesture-handler/android/src/main/java/com/swmansion/gesturehandler/core/GestureHandler.kt:645:24 Overload resolution ambiguity: 
public final operator fun plus(other: Byte): Float defined in kotlin.Float
public final operator fun plus(other: Double): Double defined in kotlin.Float
public final operator fun plus(other: Float): Float defined in kotlin.Float
public final operator fun plus(other: Int): Float defined in kotlin.Float
public final operator fun plus(other: Long): Float defined in kotlin.Float
public final operator fun plus(other: Short): Float defined in kotlin.Float
e: file:///Users/wilson.shakya/Documents/GitHub/AppVerse/Elevate/node_modules/react-native-gesture-handler/android/src/main/java/com/swmansion/gesturehandler/core/GestureHandler.kt:649:9 Class 'kotlin.Unit' was compiled with an incompatible version of Kotlin. The actual metadata version is 2.1.0, but the compiler version 1.9.0 can read versions up to 2.0.0.
The class is loaded from /Users/wilson.shakya/.gradle/caches/modules-2/files-2.1/org.jetbrains.kotlin/kotlin-stdlib/2.1.0/85f8b81009cda5890e54ba67d64b5e599c645020/kotlin-stdlib-2.1.0.jar!/kotlin/Unit.class
e: file:///Users/wilson.shakya/Documents/GitHub/AppVerse/Elevate/node_modules/react-native-gesture-handler/android/src/main/java/com/swmansion/gesturehandler/core/GestureHandler.kt:650:24 Overload resolution ambiguity: 
public final operator fun minus(other: Byte): Float defined in kotlin.Float
public final operator fun minus(other: Double): Double defined in kotlin.Float
public final operator fun minus(other: Float): Float defined in kotlin.Float
public final operator fun minus(other: Int): Float defined in kotlin.Float
public final operator fun minus(other: Long): Float defined in kotlin.Float
public final operator fun minus(other: Short): Float defined in kotlin.Float
e: file:///Users/wilson.shakya/Documents/GitHub/AppVerse/Elevate/node_modules/react-native-gesture-handler/android/src/main/java/com/swmansion/gesturehandler/core/GestureHandler.kt:652:24 Overload resolution ambiguity: 
public final operator fun plus(other: Byte): Float defined in kotlin.Float
public final operator fun plus(other: Double): Double defined in kotlin.Float
public final operator fun plus(other: Float): Float defined in kotlin.Float
public final operator fun plus(other: Int): Float defined in kotlin.Float
public final operator fun plus(other: Long): Float defined in kotlin.Float
public final operator fun plus(other: Short): Float defined in kotlin.Float
e: file:///Users/wilson.shakya/Documents/GitHub/AppVerse/Elevate/node_modules/react-native-gesture-handler/android/src/main/java/com/swmansion/gesturehandler/core/GestureHandler.kt:656:24 Unresolved reference: ..
e: file:///Users/wilson.shakya/Documents/GitHub/AppVerse/Elevate/node_modules/react-native-gesture-handler/android/src/main/java/com/swmansion/gesturehandler/core/GestureHandler.kt:656:46 Unresolved reference: ..
e: file:///Users/wilson.shakya/Documents/GitHub/AppVerse/Elevate/node_modules/react-native-gesture-handler/android/src/main/java/com/swmansion/gesturehandler/core/GestureHandler.kt:661:7 Class 'kotlin.Unit' was compiled with an incompatible version of Kotlin. The actual metadata version is 2.1.0, but the compiler version 1.9.0 can read versions up to 2.0.0.
The class is loaded from /Users/wilson.shakya/.gradle/caches/modules-2/files-2.1/org.jetbrains.kotlin/kotlin-stdlib/2.1.0/85f8b81009cda5890e54ba67d64b5e599c645020/kotlin-stdlib-2.1.0.jar!/kotlin/Unit.class
e: file:///Users/wilson.shakya/Documents/GitHub/AppVerse/Elevate/node_modules/react-native-gesture-handler/android/src/main/java/com/swmansion/gesturehandler/core/GestureHandler.kt:662:7 Class 'kotlin.Unit' was compiled with an incompatible version of Kotlin. The actual metadata version is 2.1.0, but the compiler version 1.9.0 can read versions up to 2.0.0.
The class is loaded from /Users/wilson.shakya/.gradle/caches/modules-2/files-2.1/org.jetbrains.kotlin/kotlin-stdlib/2.1.0/85f8b81009cda5890e54ba67d64b5e599c645020/kotlin-stdlib-2.1.0.jar!/kotlin/Unit.class
e: file:///Users/wilson.shakya/Documents/GitHub/AppVerse/Elevate/node_modules/react-native-gesture-handler/android/src/main/java/com/swmansion/gesturehandler/core/GestureHandler.kt:668:7 Class 'kotlin.Unit' was compiled with an incompatible version of Kotlin. The actual metadata version is 2.1.0, but the compiler version 1.9.0 can read versions up to 2.0.0.
The class is loaded from /Users/wilson.shakya/.gradle/caches/modules-2/files-2.1/org.jetbrains.kotlin/kotlin-stdlib/2.1.0/85f8b81009cda5890e54ba67d64b5e599c645020/kotlin-stdlib-2.1.0.jar!/kotlin/Unit.class
e: file:///Users/wilson.shakya/Documents/GitHub/AppVerse/Elevate/node_modules/react-native-gesture-handler/android/src/main/java/com/swmansion/gesturehandler/core/GestureHandler.kt:672:20 Class 'kotlin.Unit' was compiled with an incompatible version of Kotlin. The actual metadata version is 2.1.0, but the compiler version 1.9.0 can read versions up to 2.0.0.
The class is loaded from /Users/wilson.shakya/.gradle/caches/modules-2/files-2.1/org.jetbrains.kotlin/kotlin-stdlib/2.1.0/85f8b81009cda5890e54ba67d64b5e599c645020/kotlin-stdlib-2.1.0.jar!/kotlin/Unit.class
e: file:///Users/wilson.shakya/Documents/GitHub/AppVerse/Elevate/node_modules/react-native-gesture-handler/android/src/main/java/com/swmansion/gesturehandler/core/GestureHandler.kt:676:7 Class 'kotlin.Unit' was compiled with an incompatible version of Kotlin. The actual metadata version is 2.1.0, but the compiler version 1.9.0 can read versions up to 2.0.0.
The class is loaded from /Users/wilson.shakya/.gradle/caches/modules-2/files-2.1/org.jetbrains.kotlin/kotlin-stdlib/2.1.0/85f8b81009cda5890e54ba67d64b5e599c645020/kotlin-stdlib-2.1.0.jar!/kotlin/Unit.class
e: file:///Users/wilson.shakya/Documents/GitHub/AppVerse/Elevate/node_modules/react-native-gesture-handler/android/src/main/java/com/swmansion/gesturehandler/core/GestureHandler.kt:682:7 Class 'kotlin.Unit' was compiled with an incompatible version of Kotlin. The actual metadata version is 2.1.0, but the compiler version 1.9.0 can read versions up to 2.0.0.
The class is loaded from /Users/wilson.shakya/.gradle/caches/modules-2/files-2.1/org.jetbrains.kotlin/kotlin-stdlib/2.1.0/85f8b81009cda5890e54ba67d64b5e599c645020/kotlin-stdlib-2.1.0.jar!/kotlin/Unit.class
e: file:///Users/wilson.shakya/Documents/GitHub/AppVerse/Elevate/node_modules/react-native-gesture-handler/android/src/main/java/com/swmansion/gesturehandler/core/GestureHandler.kt:688:7 Class 'kotlin.Unit' was compiled with an incompatible version of Kotlin. The actual metadata version is 2.1.0, but the compiler version 1.9.0 can read versions up to 2.0.0.
The class is loaded from /Users/wilson.shakya/.gradle/caches/modules-2/files-2.1/org.jetbrains.kotlin/kotlin-stdlib/2.1.0/85f8b81009cda5890e54ba67d64b5e599c645020/kotlin-stdlib-2.1.0.jar!/kotlin/Unit.class
e: file:///Users/wilson.shakya/Documents/GitHub/AppVerse/Elevate/node_modules/react-native-gesture-handler/android/src/main/java/com/swmansion/gesturehandler/core/GestureHandler.kt:713:5 Class 'kotlin.Unit' was compiled with an incompatible version of Kotlin. The actual metadata version is 2.1.0, but the compiler version 1.9.0 can read versions up to 2.0.0.
The class is loaded from /Users/wilson.shakya/.gradle/caches/modules-2/files-2.1/org.jetbrains.kotlin/kotlin-stdlib/2.1.0/85f8b81009cda5890e54ba67d64b5e599c645020/kotlin-stdlib-2.1.0.jar!/kotlin/Unit.class
e: file:///Users/wilson.shakya/Documents/GitHub/AppVerse/Elevate/node_modules/react-native-gesture-handler/android/src/main/java/com/swmansion/gesturehandler/core/GestureHandler.kt:734:5 Unresolved reference: with
e: file:///Users/wilson.shakya/Documents/GitHub/AppVerse/Elevate/node_modules/react-native-gesture-handler/android/src/main/java/com/swmansion/gesturehandler/core/GestureHandler.kt:736:7 Class 'kotlin.Unit' was compiled with an incompatible version of Kotlin. The actual metadata version is 2.1.0, but the compiler version 1.9.0 can read versions up to 2.0.0.
The class is loaded from /Users/wilson.shakya/.gradle/caches/modules-2/files-2.1/org.jetbrains.kotlin/kotlin-stdlib/2.1.0/85f8b81009cda5890e54ba67d64b5e599c645020/kotlin-stdlib-2.1.0.jar!/kotlin/Unit.class
e: file:///Users/wilson.shakya/Documents/GitHub/AppVerse/Elevate/node_modules/react-native-gesture-handler/android/src/main/java/com/swmansion/gesturehandler/core/GestureHandler.kt:736:11 Unresolved reference: getToolType
e: file:///Users/wilson.shakya/Documents/GitHub/AppVerse/Elevate/node_modules/react-native-gesture-handler/android/src/main/java/com/swmansion/gesturehandler/core/GestureHandler.kt:738:13 Unresolved reference: action
e: file:///Users/wilson.shakya/Documents/GitHub/AppVerse/Elevate/node_modules/react-native-gesture-handler/android/src/main/java/com/swmansion/gesturehandler/core/GestureHandler.kt:738:50 Unresolved reference: action
e: file:///Users/wilson.shakya/Documents/GitHub/AppVerse/Elevate/node_modules/react-native-gesture-handler/android/src/main/java/com/swmansion/gesturehandler/core/GestureHandler.kt:738:85 Unresolved reference: action
e: file:///Users/wilson.shakya/Documents/GitHub/AppVerse/Elevate/node_modules/react-native-gesture-handler/android/src/main/java/com/swmansion/gesturehandler/core/GestureHandler.kt:738:128 Unresolved reference: action
e: file:///Users/wilson.shakya/Documents/GitHub/AppVerse/Elevate/node_modules/react-native-gesture-handler/android/src/main/java/com/swmansion/gesturehandler/core/GestureHandler.kt:739:11 'return' is not allowed here
e: file:///Users/wilson.shakya/Documents/GitHub/AppVerse/Elevate/node_modules/react-native-gesture-handler/android/src/main/java/com/swmansion/gesturehandler/core/GestureHandler.kt:743:13 Unresolved reference: action
e: file:///Users/wilson.shakya/Documents/GitHub/AppVerse/Elevate/node_modules/react-native-gesture-handler/android/src/main/java/com/swmansion/gesturehandler/core/GestureHandler.kt:743:68 Unresolved reference: actionButton
e: file:///Users/wilson.shakya/Documents/GitHub/AppVerse/Elevate/node_modules/react-native-gesture-handler/android/src/main/java/com/swmansion/gesturehandler/core/GestureHandler.kt:744:11 'return' is not allowed here
e: file:///Users/wilson.shakya/Documents/GitHub/AppVerse/Elevate/node_modules/react-native-gesture-handler/android/src/main/java/com/swmansion/gesturehandler/core/GestureHandler.kt:748:13 Unresolved reference: action
e: file:///Users/wilson.shakya/Documents/GitHub/AppVerse/Elevate/node_modules/react-native-gesture-handler/android/src/main/java/com/swmansion/gesturehandler/core/GestureHandler.kt:748:68 Unresolved reference: buttonState
e: file:///Users/wilson.shakya/Documents/GitHub/AppVerse/Elevate/node_modules/react-native-gesture-handler/android/src/main/java/com/swmansion/gesturehandler/core/GestureHandler.kt:749:11 'return' is not allowed here
e: file:///Users/wilson.shakya/Documents/GitHub/AppVerse/Elevate/node_modules/react-native-gesture-handler/android/src/main/java/com/swmansion/gesturehandler/core/GestureHandler.kt:753:13 Unresolved reference: action
e: file:///Users/wilson.shakya/Documents/GitHub/AppVerse/Elevate/node_modules/react-native-gesture-handler/android/src/main/java/com/swmansion/gesturehandler/core/GestureHandler.kt:753:58 Unresolved reference: action
e: file:///Users/wilson.shakya/Documents/GitHub/AppVerse/Elevate/node_modules/react-native-gesture-handler/android/src/main/java/com/swmansion/gesturehandler/core/GestureHandler.kt:754:11 'return' is not allowed here
e: file:///Users/wilson.shakya/Documents/GitHub/AppVerse/Elevate/node_modules/react-native-gesture-handler/android/src/main/java/com/swmansion/gesturehandler/core/GestureHandler.kt:771:74 Unresolved reference: run
e: file:///Users/wilson.shakya/Documents/GitHub/AppVerse/Elevate/node_modules/react-native-gesture-handler/android/src/main/java/com/swmansion/gesturehandler/core/GestureHandler.kt:778:5 Class 'kotlin.Unit' was compiled with an incompatible version of Kotlin. The actual metadata version is 2.1.0, but the compiler version 1.9.0 can read versions up to 2.0.0.
The class is loaded from /Users/wilson.shakya/.gradle/caches/modules-2/files-2.1/org.jetbrains.kotlin/kotlin-stdlib/2.1.0/85f8b81009cda5890e54ba67d64b5e599c645020/kotlin-stdlib-2.1.0.jar!/kotlin/Unit.class
e: file:///Users/wilson.shakya/Documents/GitHub/AppVerse/Elevate/node_modules/react-native-gesture-handler/android/src/main/java/com/swmansion/gesturehandler/core/GestureHandler.kt:779:5 Class 'kotlin.Unit' was compiled with an incompatible version of Kotlin. The actual metadata version is 2.1.0, but the compiler version 1.9.0 can read versions up to 2.0.0.
The class is loaded from /Users/wilson.shakya/.gradle/caches/modules-2/files-2.1/org.jetbrains.kotlin/kotlin-stdlib/2.1.0/85f8b81009cda5890e54ba67d64b5e599c645020/kotlin-stdlib-2.1.0.jar!/kotlin/Unit.class
e: file:///Users/wilson.shakya/Documents/GitHub/AppVerse/Elevate/node_modules/react-native-gesture-handler/android/src/main/java/com/swmansion/gesturehandler/core/GestureHandler.kt:780:12 Class 'kotlin.Unit' was compiled with an incompatible version of Kotlin. The actual metadata version is 2.1.0, but the compiler version 1.9.0 can read versions up to 2.0.0.
The class is loaded from /Users/wilson.shakya/.gradle/caches/modules-2/files-2.1/org.jetbrains.kotlin/kotlin-stdlib/2.1.0/85f8b81009cda5890e54ba67d64b5e599c645020/kotlin-stdlib-2.1.0.jar!/kotlin/Unit.class
e: file:///Users/wilson.shakya/Documents/GitHub/AppVerse/Elevate/node_modules/react-native-gesture-handler/android/src/main/java/com/swmansion/gesturehandler/core/GestureHandler.kt:781:5 Class 'kotlin.Unit' was compiled with an incompatible version of Kotlin. The actual metadata version is 2.1.0, but the compiler version 1.9.0 can read versions up to 2.0.0.
The class is loaded from /Users/wilson.shakya/.gradle/caches/modules-2/files-2.1/org.jetbrains.kotlin/kotlin-stdlib/2.1.0/85f8b81009cda5890e54ba67d64b5e599c645020/kotlin-stdlib-2.1.0.jar!/kotlin/Unit.class
e: file:///Users/wilson.shakya/Documents/GitHub/AppVerse/Elevate/node_modules/react-native-gesture-handler/android/src/main/java/com/swmansion/gesturehandler/core/GestureHandler.kt:782:5 Class 'kotlin.Unit' was compiled with an incompatible version of Kotlin. The actual metadata version is 2.1.0, but the compiler version 1.9.0 can read versions up to 2.0.0.
The class is loaded from /Users/wilson.shakya/.gradle/caches/modules-2/files-2.1/org.jetbrains.kotlin/kotlin-stdlib/2.1.0/85f8b81009cda5890e54ba67d64b5e599c645020/kotlin-stdlib-2.1.0.jar!/kotlin/Unit.class
e: file:///Users/wilson.shakya/Documents/GitHub/AppVerse/Elevate/node_modules/react-native-gesture-handler/android/src/main/java/com/swmansion/gesturehandler/core/GestureHandler.kt:783:21 Unresolved reference: fill
e: file:///Users/wilson.shakya/Documents/GitHub/AppVerse/Elevate/node_modules/react-native-gesture-handler/android/src/main/java/com/swmansion/gesturehandler/core/GestureHandler.kt:784:5 Class 'kotlin.Unit' was compiled with an incompatible version of Kotlin. The actual metadata version is 2.1.0, but the compiler version 1.9.0 can read versions up to 2.0.0.
The class is loaded from /Users/wilson.shakya/.gradle/caches/modules-2/files-2.1/org.jetbrains.kotlin/kotlin-stdlib/2.1.0/85f8b81009cda5890e54ba67d64b5e599c645020/kotlin-stdlib-2.1.0.jar!/kotlin/Unit.class
e: file:///Users/wilson.shakya/Documents/GitHub/AppVerse/Elevate/node_modules/react-native-gesture-handler/android/src/main/java/com/swmansion/gesturehandler/core/GestureHandler.kt:785:5 Class 'kotlin.Unit' was compiled with an incompatible version of Kotlin. The actual metadata version is 2.1.0, but the compiler version 1.9.0 can read versions up to 2.0.0.
The class is loaded from /Users/wilson.shakya/.gradle/caches/modules-2/files-2.1/org.jetbrains.kotlin/kotlin-stdlib/2.1.0/85f8b81009cda5890e54ba67d64b5e599c645020/kotlin-stdlib-2.1.0.jar!/kotlin/Unit.class
e: file:///Users/wilson.shakya/Documents/GitHub/AppVerse/Elevate/node_modules/react-native-gesture-handler/android/src/main/java/com/swmansion/gesturehandler/core/GestureHandler.kt:788:43 Class 'kotlin.Unit' was compiled with an incompatible version of Kotlin. The actual metadata version is 2.1.0, but the compiler version 1.9.0 can read versions up to 2.0.0.
The class is loaded from /Users/wilson.shakya/.gradle/caches/modules-2/files-2.1/org.jetbrains.kotlin/kotlin-stdlib/2.1.0/85f8b81009cda5890e54ba67d64b5e599c645020/kotlin-stdlib-2.1.0.jar!/kotlin/Unit.class
e: file:///Users/wilson.shakya/Documents/GitHub/AppVerse/Elevate/node_modules/react-native-gesture-handler/android/src/main/java/com/swmansion/gesturehandler/core/GestureHandler.kt:789:5 Class 'kotlin.Unit' was compiled with an incompatible version of Kotlin. The actual metadata version is 2.1.0, but the compiler version 1.9.0 can read versions up to 2.0.0.
The class is loaded from /Users/wilson.shakya/.gradle/caches/modules-2/files-2.1/org.jetbrains.kotlin/kotlin-stdlib/2.1.0/85f8b81009cda5890e54ba67d64b5e599c645020/kotlin-stdlib-2.1.0.jar!/kotlin/Unit.class
e: file:///Users/wilson.shakya/Documents/GitHub/AppVerse/Elevate/node_modules/react-native-gesture-handler/android/src/main/java/com/swmansion/gesturehandler/core/GestureHandler.kt:790:5 Class 'kotlin.Unit' was compiled with an incompatible version of Kotlin. The actual metadata version is 2.1.0, but the compiler version 1.9.0 can read versions up to 2.0.0.
The class is loaded from /Users/wilson.shakya/.gradle/caches/modules-2/files-2.1/org.jetbrains.kotlin/kotlin-stdlib/2.1.0/85f8b81009cda5890e54ba67d64b5e599c645020/kotlin-stdlib-2.1.0.jar!/kotlin/Unit.class
e: file:///Users/wilson.shakya/Documents/GitHub/AppVerse/Elevate/node_modules/react-native-gesture-handler/android/src/main/java/com/swmansion/gesturehandler/core/GestureHandler.kt:791:5 Class 'kotlin.Unit' was compiled with an incompatible version of Kotlin. The actual metadata version is 2.1.0, but the compiler version 1.9.0 can read versions up to 2.0.0.
The class is loaded from /Users/wilson.shakya/.gradle/caches/modules-2/files-2.1/org.jetbrains.kotlin/kotlin-stdlib/2.1.0/85f8b81009cda5890e54ba67d64b5e599c645020/kotlin-stdlib-2.1.0.jar!/kotlin/Unit.class
e: file:///Users/wilson.shakya/Documents/GitHub/AppVerse/Elevate/node_modules/react-native-gesture-handler/android/src/main/java/com/swmansion/gesturehandler/core/GestureHandler.kt:797:5 Class 'kotlin.Unit' was compiled with an incompatible version of Kotlin. The actual metadata version is 2.1.0, but the compiler version 1.9.0 can read versions up to 2.0.0.
The class is loaded from /Users/wilson.shakya/.gradle/caches/modules-2/files-2.1/org.jetbrains.kotlin/kotlin-stdlib/2.1.0/85f8b81009cda5890e54ba67d64b5e599c645020/kotlin-stdlib-2.1.0.jar!/kotlin/Unit.class
e: file:///Users/wilson.shakya/Documents/GitHub/AppVerse/Elevate/node_modules/react-native-gesture-handler/android/src/main/java/com/swmansion/gesturehandler/core/GestureHandler.kt:806:5 Class 'kotlin.Unit' was compiled with an incompatible version of Kotlin. The actual metadata version is 2.1.0, but the compiler version 1.9.0 can read versions up to 2.0.0.
The class is loaded from /Users/wilson.shakya/.gradle/caches/modules-2/files-2.1/org.jetbrains.kotlin/kotlin-stdlib/2.1.0/85f8b81009cda5890e54ba67d64b5e599c645020/kotlin-stdlib-2.1.0.jar!/kotlin/Unit.class
e: file:///Users/wilson.shakya/Documents/GitHub/AppVerse/Elevate/node_modules/react-native-gesture-handler/android/src/main/java/com/swmansion/gesturehandler/core/GestureHandler.kt:811:57 Unresolved reference: javaClass
e: file:///Users/wilson.shakya/Documents/GitHub/AppVerse/Elevate/node_modules/react-native-gesture-handler/android/src/main/java/com/swmansion/gesturehandler/core/GestureHandler.kt:812:17 Unresolved reference: javaClass
e: file:///Users/wilson.shakya/Documents/GitHub/AppVerse/Elevate/node_modules/react-native-gesture-handler/android/src/main/java/com/swmansion/gesturehandler/core/GestureHandler.kt:856:36 Unresolved reference: isInitialized
e: file:///Users/wilson.shakya/Documents/GitHub/AppVerse/Elevate/node_modules/react-native-gesture-handler/android/src/main/java/com/swmansion/gesturehandler/core/GestureHandler.kt:857:9 Class 'kotlin.Unit' was compiled with an incompatible version of Kotlin. The actual metadata version is 2.1.0, but the compiler version 1.9.0 can read versions up to 2.0.0.
The class is loaded from /Users/wilson.shakya/.gradle/caches/modules-2/files-2.1/org.jetbrains.kotlin/kotlin-stdlib/2.1.0/85f8b81009cda5890e54ba67d64b5e599c645020/kotlin-stdlib-2.1.0.jar!/kotlin/Unit.class
e: file:///Users/wilson.shakya/Documents/GitHub/AppVerse/Elevate/node_modules/react-native-gesture-handler/android/src/main/java/com/swmansion/gesturehandler/core/GestureHandler.kt:858:9 Class 'kotlin.Unit' was compiled with an incompatible version of Kotlin. The actual metadata version is 2.1.0, but the compiler version 1.9.0 can read versions up to 2.0.0.
The class is loaded from /Users/wilson.shakya/.gradle/caches/modules-2/files-2.1/org.jetbrains.kotlin/kotlin-stdlib/2.1.0/85f8b81009cda5890e54ba67d64b5e599c645020/kotlin-stdlib-2.1.0.jar!/kotlin/Unit.class
e: file:///Users/wilson.shakya/Documents/GitHub/AppVerse/Elevate/node_modules/react-native-gesture-handler/android/src/main/java/com/swmansion/gesturehandler/core/GestureHandler.kt:861:9 Class 'kotlin.Unit' was compiled with an incompatible version of Kotlin. The actual metadata version is 2.1.0, but the compiler version 1.9.0 can read versions up to 2.0.0.
The class is loaded from /Users/wilson.shakya/.gradle/caches/modules-2/files-2.1/org.jetbrains.kotlin/kotlin-stdlib/2.1.0/85f8b81009cda5890e54ba67d64b5e599c645020/kotlin-stdlib-2.1.0.jar!/kotlin/Unit.class
e: file:///Users/wilson.shakya/Documents/GitHub/AppVerse/Elevate/node_modules/react-native-gesture-handler/android/src/main/java/com/swmansion/gesturehandler/core/GestureHandler.kt:862:9 Class 'kotlin.Unit' was compiled with an incompatible version of Kotlin. The actual metadata version is 2.1.0, but the compiler version 1.9.0 can read versions up to 2.0.0.
The class is loaded from /Users/wilson.shakya/.gradle/caches/modules-2/files-2.1/org.jetbrains.kotlin/kotlin-stdlib/2.1.0/85f8b81009cda5890e54ba67d64b5e599c645020/kotlin-stdlib-2.1.0.jar!/kotlin/Unit.class
e: file:///Users/wilson.shakya/Documents/GitHub/AppVerse/Elevate/node_modules/react-native-gesture-handler/android/src/main/java/com/swmansion/gesturehandler/core/GestureHandlerOrchestrator.kt:23:33 Unresolved reference: arrayListOf
e: file:///Users/wilson.shakya/Documents/GitHub/AppVerse/Elevate/node_modules/react-native-gesture-handler/android/src/main/java/com/swmansion/gesturehandler/core/GestureHandlerOrchestrator.kt:24:34 Unresolved reference: arrayListOf
e: file:///Users/wilson.shakya/Documents/GitHub/AppVerse/Elevate/node_modules/react-native-gesture-handler/android/src/main/java/com/swmansion/gesturehandler/core/GestureHandlerOrchestrator.kt:25:34 Unresolved reference: arrayListOf
e: file:///Users/wilson.shakya/Documents/GitHub/AppVerse/Elevate/node_modules/react-native-gesture-handler/android/src/main/java/com/swmansion/gesturehandler/core/GestureHandlerOrchestrator.kt:43:5 Class 'kotlin.Unit' was compiled with an incompatible version of Kotlin. The actual metadata version is 2.1.0, but the compiler version 1.9.0 can read versions up to 2.0.0.
The class is loaded from /Users/wilson.shakya/.gradle/caches/modules-2/files-2.1/org.jetbrains.kotlin/kotlin-stdlib/2.1.0/85f8b81009cda5890e54ba67d64b5e599c645020/kotlin-stdlib-2.1.0.jar!/kotlin/Unit.class
e: file:///Users/wilson.shakya/Documents/GitHub/AppVerse/Elevate/node_modules/react-native-gesture-handler/android/src/main/java/com/swmansion/gesturehandler/core/GestureHandlerOrchestrator.kt:45:5 Class 'kotlin.Unit' was compiled with an incompatible version of Kotlin. The actual metadata version is 2.1.0, but the compiler version 1.9.0 can read versions up to 2.0.0.
The class is loaded from /Users/wilson.shakya/.gradle/caches/modules-2/files-2.1/org.jetbrains.kotlin/kotlin-stdlib/2.1.0/85f8b81009cda5890e54ba67d64b5e599c645020/kotlin-stdlib-2.1.0.jar!/kotlin/Unit.class
e: file:///Users/wilson.shakya/Documents/GitHub/AppVerse/Elevate/node_modules/react-native-gesture-handler/android/src/main/java/com/swmansion/gesturehandler/core/GestureHandlerOrchestrator.kt:46:7 Class 'kotlin.Unit' was compiled with an incompatible version of Kotlin. The actual metadata version is 2.1.0, but the compiler version 1.9.0 can read versions up to 2.0.0.
The class is loaded from /Users/wilson.shakya/.gradle/caches/modules-2/files-2.1/org.jetbrains.kotlin/kotlin-stdlib/2.1.0/85f8b81009cda5890e54ba67d64b5e599c645020/kotlin-stdlib-2.1.0.jar!/kotlin/Unit.class
e: file:///Users/wilson.shakya/Documents/GitHub/AppVerse/Elevate/node_modules/react-native-gesture-handler/android/src/main/java/com/swmansion/gesturehandler/core/GestureHandlerOrchestrator.kt:48:7 Class 'kotlin.Unit' was compiled with an incompatible version of Kotlin. The actual metadata version is 2.1.0, but the compiler version 1.9.0 can read versions up to 2.0.0.
The class is loaded from /Users/wilson.shakya/.gradle/caches/modules-2/files-2.1/org.jetbrains.kotlin/kotlin-stdlib/2.1.0/85f8b81009cda5890e54ba67d64b5e599c645020/kotlin-stdlib-2.1.0.jar!/kotlin/Unit.class
e: file:///Users/wilson.shakya/Documents/GitHub/AppVerse/Elevate/node_modules/react-native-gesture-handler/android/src/main/java/com/swmansion/gesturehandler/core/GestureHandlerOrchestrator.kt:50:5 Class 'kotlin.Unit' was compiled with an incompatible version of Kotlin. The actual metadata version is 2.1.0, but the compiler version 1.9.0 can read versions up to 2.0.0.
The class is loaded from /Users/wilson.shakya/.gradle/caches/modules-2/files-2.1/org.jetbrains.kotlin/kotlin-stdlib/2.1.0/85f8b81009cda5890e54ba67d64b5e599c645020/kotlin-stdlib-2.1.0.jar!/kotlin/Unit.class
e: file:///Users/wilson.shakya/Documents/GitHub/AppVerse/Elevate/node_modules/react-native-gesture-handler/android/src/main/java/com/swmansion/gesturehandler/core/GestureHandlerOrchestrator.kt:51:5 Class 'kotlin.Unit' was compiled with an incompatible version of Kotlin. The actual metadata version is 2.1.0, but the compiler version 1.9.0 can read versions up to 2.0.0.
The class is loaded from /Users/wilson.shakya/.gradle/caches/modules-2/files-2.1/org.jetbrains.kotlin/kotlin-stdlib/2.1.0/85f8b81009cda5890e54ba67d64b5e599c645020/kotlin-stdlib-2.1.0.jar!/kotlin/Unit.class
e: file:///Users/wilson.shakya/Documents/GitHub/AppVerse/Elevate/node_modules/react-native-gesture-handler/android/src/main/java/com/swmansion/gesturehandler/core/GestureHandlerOrchestrator.kt:53:7 Class 'kotlin.Unit' was compiled with an incompatible version of Kotlin. The actual metadata version is 2.1.0, but the compiler version 1.9.0 can read versions up to 2.0.0.
The class is loaded from /Users/wilson.shakya/.gradle/caches/modules-2/files-2.1/org.jetbrains.kotlin/kotlin-stdlib/2.1.0/85f8b81009cda5890e54ba67d64b5e599c645020/kotlin-stdlib-2.1.0.jar!/kotlin/Unit.class
e: file:///Users/wilson.shakya/Documents/GitHub/AppVerse/Elevate/node_modules/react-native-gesture-handler/android/src/main/java/com/swmansion/gesturehandler/core/GestureHandlerOrchestrator.kt:61:5 Class 'kotlin.Unit' was compiled with an incompatible version of Kotlin. The actual metadata version is 2.1.0, but the compiler version 1.9.0 can read versions up to 2.0.0.
The class is loaded from /Users/wilson.shakya/.gradle/caches/modules-2/files-2.1/org.jetbrains.kotlin/kotlin-stdlib/2.1.0/85f8b81009cda5890e54ba67d64b5e599c645020/kotlin-stdlib-2.1.0.jar!/kotlin/Unit.class
e: file:///Users/wilson.shakya/Documents/GitHub/AppVerse/Elevate/node_modules/react-native-gesture-handler/android/src/main/java/com/swmansion/gesturehandler/core/GestureHandlerOrchestrator.kt:62:7 Class 'kotlin.Unit' was compiled with an incompatible version of Kotlin. The actual metadata version is 2.1.0, but the compiler version 1.9.0 can read versions up to 2.0.0.
The class is loaded from /Users/wilson.shakya/.gradle/caches/modules-2/files-2.1/org.jetbrains.kotlin/kotlin-stdlib/2.1.0/85f8b81009cda5890e54ba67d64b5e599c645020/kotlin-stdlib-2.1.0.jar!/kotlin/Unit.class
e: file:///Users/wilson.shakya/Documents/GitHub/AppVerse/Elevate/node_modules/react-native-gesture-handler/android/src/main/java/com/swmansion/gesturehandler/core/GestureHandlerOrchestrator.kt:64:7 Class 'kotlin.Unit' was compiled with an incompatible version of Kotlin. The actual metadata version is 2.1.0, but the compiler version 1.9.0 can read versions up to 2.0.0.
The class is loaded from /Users/wilson.shakya/.gradle/caches/modules-2/files-2.1/org.jetbrains.kotlin/kotlin-stdlib/2.1.0/85f8b81009cda5890e54ba67d64b5e599c645020/kotlin-stdlib-2.1.0.jar!/kotlin/Unit.class
e: file:///Users/wilson.shakya/Documents/GitHub/AppVerse/Elevate/node_modules/react-native-gesture-handler/android/src/main/java/com/swmansion/gesturehandler/core/GestureHandlerOrchestrator.kt:73:11 Unresolved reference: isActive
e: file:///Users/wilson.shakya/Documents/GitHub/AppVerse/Elevate/node_modules/react-native-gesture-handler/android/src/main/java/com/swmansion/gesturehandler/core/GestureHandlerOrchestrator.kt:74:11 Unresolved reference: isAwaiting
e: file:///Users/wilson.shakya/Documents/GitHub/AppVerse/Elevate/node_modules/react-native-gesture-handler/android/src/main/java/com/swmansion/gesturehandler/core/GestureHandlerOrchestrator.kt:75:11 Class 'kotlin.Unit' was compiled with an incompatible version of Kotlin. The actual metadata version is 2.1.0, but the compiler version 1.9.0 can read versions up to 2.0.0.
The class is loaded from /Users/wilson.shakya/.gradle/caches/modules-2/files-2.1/org.jetbrains.kotlin/kotlin-stdlib/2.1.0/85f8b81009cda5890e54ba67d64b5e599c645020/kotlin-stdlib-2.1.0.jar!/kotlin/Unit.class
e: file:///Users/wilson.shakya/Documents/GitHub/AppVerse/Elevate/node_modules/react-native-gesture-handler/android/src/main/java/com/swmansion/gesturehandler/core/GestureHandlerOrchestrator.kt:80:44 Unresolved reference: it
e: file:///Users/wilson.shakya/Documents/GitHub/AppVerse/Elevate/node_modules/react-native-gesture-handler/android/src/main/java/com/swmansion/gesturehandler/core/GestureHandlerOrchestrator.kt:80:58 Unresolved reference: it
e: file:///Users/wilson.shakya/Documents/GitHub/AppVerse/Elevate/node_modules/react-native-gesture-handler/android/src/main/java/com/swmansion/gesturehandler/core/GestureHandlerOrchestrator.kt:82:5 Class 'kotlin.Unit' was compiled with an incompatible version of Kotlin. The actual metadata version is 2.1.0, but the compiler version 1.9.0 can read versions up to 2.0.0.
The class is loaded from /Users/wilson.shakya/.gradle/caches/modules-2/files-2.1/org.jetbrains.kotlin/kotlin-stdlib/2.1.0/85f8b81009cda5890e54ba67d64b5e599c645020/kotlin-stdlib-2.1.0.jar!/kotlin/Unit.class
e: file:///Users/wilson.shakya/Documents/GitHub/AppVerse/Elevate/node_modules/react-native-gesture-handler/android/src/main/java/com/swmansion/gesturehandler/core/GestureHandlerOrchestrator.kt:86:39 Unresolved reference: it
e: file:///Users/wilson.shakya/Documents/GitHub/AppVerse/Elevate/node_modules/react-native-gesture-handler/android/src/main/java/com/swmansion/gesturehandler/core/GestureHandlerOrchestrator.kt:86:87 Unresolved reference: it
e: file:///Users/wilson.shakya/Documents/GitHub/AppVerse/Elevate/node_modules/react-native-gesture-handler/android/src/main/java/com/swmansion/gesturehandler/core/GestureHandlerOrchestrator.kt:89:62 Unresolved reference: it
e: file:///Users/wilson.shakya/Documents/GitHub/AppVerse/Elevate/node_modules/react-native-gesture-handler/android/src/main/java/com/swmansion/gesturehandler/core/GestureHandlerOrchestrator.kt:89:69 Unresolved reference: it
e: file:///Users/wilson.shakya/Documents/GitHub/AppVerse/Elevate/node_modules/react-native-gesture-handler/android/src/main/java/com/swmansion/gesturehandler/core/GestureHandlerOrchestrator.kt:92:53 Unresolved reference: it
e: file:///Users/wilson.shakya/Documents/GitHub/AppVerse/Elevate/node_modules/react-native-gesture-handler/android/src/main/java/com/swmansion/gesturehandler/core/GestureHandlerOrchestrator.kt:92:60 Unresolved reference: it
e: file:///Users/wilson.shakya/Documents/GitHub/AppVerse/Elevate/node_modules/react-native-gesture-handler/android/src/main/java/com/swmansion/gesturehandler/core/GestureHandlerOrchestrator.kt:92:134 Unresolved reference: it
e: file:///Users/wilson.shakya/Documents/GitHub/AppVerse/Elevate/node_modules/react-native-gesture-handler/android/src/main/java/com/swmansion/gesturehandler/core/GestureHandlerOrchestrator.kt:92:164 Unresolved reference: it
e: file:///Users/wilson.shakya/Documents/GitHub/AppVerse/Elevate/node_modules/react-native-gesture-handler/android/src/main/java/com/swmansion/gesturehandler/core/GestureHandlerOrchestrator.kt:97:15 Class 'kotlin.Unit' was compiled with an incompatible version of Kotlin. The actual metadata version is 2.1.0, but the compiler version 1.9.0 can read versions up to 2.0.0.
The class is loaded from /Users/wilson.shakya/.gradle/caches/modules-2/files-2.1/org.jetbrains.kotlin/kotlin-stdlib/2.1.0/85f8b81009cda5890e54ba67d64b5e599c645020/kotlin-stdlib-2.1.0.jar!/kotlin/Unit.class
e: file:///Users/wilson.shakya/Documents/GitHub/AppVerse/Elevate/node_modules/react-native-gesture-handler/android/src/main/java/com/swmansion/gesturehandler/core/GestureHandlerOrchestrator.kt:102:5 Class 'kotlin.Unit' was compiled with an incompatible version of Kotlin. The actual metadata version is 2.1.0, but the compiler version 1.9.0 can read versions up to 2.0.0.
The class is loaded from /Users/wilson.shakya/.gradle/caches/modules-2/files-2.1/org.jetbrains.kotlin/kotlin-stdlib/2.1.0/85f8b81009cda5890e54ba67d64b5e599c645020/kotlin-stdlib-2.1.0.jar!/kotlin/Unit.class
e: file:///Users/wilson.shakya/Documents/GitHub/AppVerse/Elevate/node_modules/react-native-gesture-handler/android/src/main/java/com/swmansion/gesturehandler/core/GestureHandlerOrchestrator.kt:103:7 Class 'kotlin.Unit' was compiled with an incompatible version of Kotlin. The actual metadata version is 2.1.0, but the compiler version 1.9.0 can read versions up to 2.0.0.
The class is loaded from /Users/wilson.shakya/.gradle/caches/modules-2/files-2.1/org.jetbrains.kotlin/kotlin-stdlib/2.1.0/85f8b81009cda5890e54ba67d64b5e599c645020/kotlin-stdlib-2.1.0.jar!/kotlin/Unit.class
e: file:///Users/wilson.shakya/Documents/GitHub/AppVerse/Elevate/node_modules/react-native-gesture-handler/android/src/main/java/com/swmansion/gesturehandler/core/GestureHandlerOrchestrator.kt:106:7 Class 'kotlin.Unit' was compiled with an incompatible version of Kotlin. The actual metadata version is 2.1.0, but the compiler version 1.9.0 can read versions up to 2.0.0.
The class is loaded from /Users/wilson.shakya/.gradle/caches/modules-2/files-2.1/org.jetbrains.kotlin/kotlin-stdlib/2.1.0/85f8b81009cda5890e54ba67d64b5e599c645020/kotlin-stdlib-2.1.0.jar!/kotlin/Unit.class
e: file:///Users/wilson.shakya/Documents/GitHub/AppVerse/Elevate/node_modules/react-native-gesture-handler/android/src/main/java/com/swmansion/gesturehandler/core/GestureHandlerOrchestrator.kt:107:15 Class 'kotlin.Unit' was compiled with an incompatible version of Kotlin. The actual metadata version is 2.1.0, but the compiler version 1.9.0 can read versions up to 2.0.0.
The class is loaded from /Users/wilson.shakya/.gradle/caches/modules-2/files-2.1/org.jetbrains.kotlin/kotlin-stdlib/2.1.0/85f8b81009cda5890e54ba67d64b5e599c645020/kotlin-stdlib-2.1.0.jar!/kotlin/Unit.class
e: file:///Users/wilson.shakya/Documents/GitHub/AppVerse/Elevate/node_modules/react-native-gesture-handler/android/src/main/java/com/swmansion/gesturehandler/core/GestureHandlerOrchestrator.kt:124:5 Class 'kotlin.Unit' was compiled with an incompatible version of Kotlin. The actual metadata version is 2.1.0, but the compiler version 1.9.0 can read versions up to 2.0.0.
The class is loaded from /Users/wilson.shakya/.gradle/caches/modules-2/files-2.1/org.jetbrains.kotlin/kotlin-stdlib/2.1.0/85f8b81009cda5890e54ba67d64b5e599c645020/kotlin-stdlib-2.1.0.jar!/kotlin/Unit.class
e: file:///Users/wilson.shakya/Documents/GitHub/AppVerse/Elevate/node_modules/react-native-gesture-handler/android/src/main/java/com/swmansion/gesturehandler/core/GestureHandlerOrchestrator.kt:136:9 Class 'kotlin.Unit' was compiled with an incompatible version of Kotlin. The actual metadata version is 2.1.0, but the compiler version 1.9.0 can read versions up to 2.0.0.
The class is loaded from /Users/wilson.shakya/.gradle/caches/modules-2/files-2.1/org.jetbrains.kotlin/kotlin-stdlib/2.1.0/85f8b81009cda5890e54ba67d64b5e599c645020/kotlin-stdlib-2.1.0.jar!/kotlin/Unit.class
e: file:///Users/wilson.shakya/Documents/GitHub/AppVerse/Elevate/node_modules/react-native-gesture-handler/android/src/main/java/com/swmansion/gesturehandler/core/GestureHandlerOrchestrator.kt:149:24 Variable expected
e: file:///Users/wilson.shakya/Documents/GitHub/AppVerse/Elevate/node_modules/react-native-gesture-handler/android/src/main/java/com/swmansion/gesturehandler/core/GestureHandlerOrchestrator.kt:152:11 Class 'kotlin.Unit' was compiled with an incompatible version of Kotlin. The actual metadata version is 2.1.0, but the compiler version 1.9.0 can read versions up to 2.0.0.
The class is loaded from /Users/wilson.shakya/.gradle/caches/modules-2/files-2.1/org.jetbrains.kotlin/kotlin-stdlib/2.1.0/85f8b81009cda5890e54ba67d64b5e599c645020/kotlin-stdlib-2.1.0.jar!/kotlin/Unit.class
e: file:///Users/wilson.shakya/Documents/GitHub/AppVerse/Elevate/node_modules/react-native-gesture-handler/android/src/main/java/com/swmansion/gesturehandler/core/GestureHandlerOrchestrator.kt:155:7 Class 'kotlin.Unit' was compiled with an incompatible version of Kotlin. The actual metadata version is 2.1.0, but the compiler version 1.9.0 can read versions up to 2.0.0.
The class is loaded from /Users/wilson.shakya/.gradle/caches/modules-2/files-2.1/org.jetbrains.kotlin/kotlin-stdlib/2.1.0/85f8b81009cda5890e54ba67d64b5e599c645020/kotlin-stdlib-2.1.0.jar!/kotlin/Unit.class
e: file:///Users/wilson.shakya/Documents/GitHub/AppVerse/Elevate/node_modules/react-native-gesture-handler/android/src/main/java/com/swmansion/gesturehandler/core/GestureHandlerOrchestrator.kt:157:5 Class 'kotlin.Unit' was compiled with an incompatible version of Kotlin. The actual metadata version is 2.1.0, but the compiler version 1.9.0 can read versions up to 2.0.0.
The class is loaded from /Users/wilson.shakya/.gradle/caches/modules-2/files-2.1/org.jetbrains.kotlin/kotlin-stdlib/2.1.0/85f8b81009cda5890e54ba67d64b5e599c645020/kotlin-stdlib-2.1.0.jar!/kotlin/Unit.class
e: file:///Users/wilson.shakya/Documents/GitHub/AppVerse/Elevate/node_modules/react-native-gesture-handler/android/src/main/java/com/swmansion/gesturehandler/core/GestureHandlerOrchestrator.kt:158:7 Class 'kotlin.Unit' was compiled with an incompatible version of Kotlin. The actual metadata version is 2.1.0, but the compiler version 1.9.0 can read versions up to 2.0.0.
The class is loaded from /Users/wilson.shakya/.gradle/caches/modules-2/files-2.1/org.jetbrains.kotlin/kotlin-stdlib/2.1.0/85f8b81009cda5890e54ba67d64b5e599c645020/kotlin-stdlib-2.1.0.jar!/kotlin/Unit.class
e: file:///Users/wilson.shakya/Documents/GitHub/AppVerse/Elevate/node_modules/react-native-gesture-handler/android/src/main/java/com/swmansion/gesturehandler/core/GestureHandlerOrchestrator.kt:159:12 Class 'kotlin.Unit' was compiled with an incompatible version of Kotlin. The actual metadata version is 2.1.0, but the compiler version 1.9.0 can read versions up to 2.0.0.
The class is loaded from /Users/wilson.shakya/.gradle/caches/modules-2/files-2.1/org.jetbrains.kotlin/kotlin-stdlib/2.1.0/85f8b81009cda5890e54ba67d64b5e599c645020/kotlin-stdlib-2.1.0.jar!/kotlin/Unit.class
e: file:///Users/wilson.shakya/Documents/GitHub/AppVerse/Elevate/node_modules/react-native-gesture-handler/android/src/main/java/com/swmansion/gesturehandler/core/GestureHandlerOrchestrator.kt:160:7 Class 'kotlin.Unit' was compiled with an incompatible version of Kotlin. The actual metadata version is 2.1.0, but the compiler version 1.9.0 can read versions up to 2.0.0.
The class is loaded from /Users/wilson.shakya/.gradle/caches/modules-2/files-2.1/org.jetbrains.kotlin/kotlin-stdlib/2.1.0/85f8b81009cda5890e54ba67d64b5e599c645020/kotlin-stdlib-2.1.0.jar!/kotlin/Unit.class
e: file:///Users/wilson.shakya/Documents/GitHub/AppVerse/Elevate/node_modules/react-native-gesture-handler/android/src/main/java/com/swmansion/gesturehandler/core/GestureHandlerOrchestrator.kt:161:17 Class 'kotlin.Unit' was compiled with an incompatible version of Kotlin. The actual metadata version is 2.1.0, but the compiler version 1.9.0 can read versions up to 2.0.0.
The class is loaded from /Users/wilson.shakya/.gradle/caches/modules-2/files-2.1/org.jetbrains.kotlin/kotlin-stdlib/2.1.0/85f8b81009cda5890e54ba67d64b5e599c645020/kotlin-stdlib-2.1.0.jar!/kotlin/Unit.class
e: file:///Users/wilson.shakya/Documents/GitHub/AppVerse/Elevate/node_modules/react-native-gesture-handler/android/src/main/java/com/swmansion/gesturehandler/core/GestureHandlerOrchestrator.kt:168:17 Class 'kotlin.Unit' was compiled with an incompatible version of Kotlin. The actual metadata version is 2.1.0, but the compiler version 1.9.0 can read versions up to 2.0.0.
The class is loaded from /Users/wilson.shakya/.gradle/caches/modules-2/files-2.1/org.jetbrains.kotlin/kotlin-stdlib/2.1.0/85f8b81009cda5890e54ba67d64b5e599c645020/kotlin-stdlib-2.1.0.jar!/kotlin/Unit.class
e: file:///Users/wilson.shakya/Documents/GitHub/AppVerse/Elevate/node_modules/react-native-gesture-handler/android/src/main/java/com/swmansion/gesturehandler/core/GestureHandlerOrchestrator.kt:175:15 Class 'kotlin.Unit' was compiled with an incompatible version of Kotlin. The actual metadata version is 2.1.0, but the compiler version 1.9.0 can read versions up to 2.0.0.
The class is loaded from /Users/wilson.shakya/.gradle/caches/modules-2/files-2.1/org.jetbrains.kotlin/kotlin-stdlib/2.1.0/85f8b81009cda5890e54ba67d64b5e599c645020/kotlin-stdlib-2.1.0.jar!/kotlin/Unit.class
e: file:///Users/wilson.shakya/Documents/GitHub/AppVerse/Elevate/node_modules/react-native-gesture-handler/android/src/main/java/com/swmansion/gesturehandler/core/GestureHandlerOrchestrator.kt:177:5 Class 'kotlin.Unit' was compiled with an incompatible version of Kotlin. The actual metadata version is 2.1.0, but the compiler version 1.9.0 can read versions up to 2.0.0.
The class is loaded from /Users/wilson.shakya/.gradle/caches/modules-2/files-2.1/org.jetbrains.kotlin/kotlin-stdlib/2.1.0/85f8b81009cda5890e54ba67d64b5e599c645020/kotlin-stdlib-2.1.0.jar!/kotlin/Unit.class
e: file:///Users/wilson.shakya/Documents/GitHub/AppVerse/Elevate/node_modules/react-native-gesture-handler/android/src/main/java/com/swmansion/gesturehandler/core/GestureHandlerOrchestrator.kt:178:5 Class 'kotlin.Unit' was compiled with an incompatible version of Kotlin. The actual metadata version is 2.1.0, but the compiler version 1.9.0 can read versions up to 2.0.0.
The class is loaded from /Users/wilson.shakya/.gradle/caches/modules-2/files-2.1/org.jetbrains.kotlin/kotlin-stdlib/2.1.0/85f8b81009cda5890e54ba67d64b5e599c645020/kotlin-stdlib-2.1.0.jar!/kotlin/Unit.class
e: file:///Users/wilson.shakya/Documents/GitHub/AppVerse/Elevate/node_modules/react-native-gesture-handler/android/src/main/java/com/swmansion/gesturehandler/core/GestureHandlerOrchestrator.kt:183:5 Unresolved reference: with
e: file:///Users/wilson.shakya/Documents/GitHub/AppVerse/Elevate/node_modules/react-native-gesture-handler/android/src/main/java/com/swmansion/gesturehandler/core/GestureHandlerOrchestrator.kt:184:7 Unresolved reference: isAwaiting
e: file:///Users/wilson.shakya/Documents/GitHub/AppVerse/Elevate/node_modules/react-native-gesture-handler/android/src/main/java/com/swmansion/gesturehandler/core/GestureHandlerOrchestrator.kt:185:7 Unresolved reference: isActive
e: file:///Users/wilson.shakya/Documents/GitHub/AppVerse/Elevate/node_modules/react-native-gesture-handler/android/src/main/java/com/swmansion/gesturehandler/core/GestureHandlerOrchestrator.kt:186:7 Unresolved reference: shouldResetProgress
e: file:///Users/wilson.shakya/Documents/GitHub/AppVerse/Elevate/node_modules/react-native-gesture-handler/android/src/main/java/com/swmansion/gesturehandler/core/GestureHandlerOrchestrator.kt:187:7 Class 'kotlin.Unit' was compiled with an incompatible version of Kotlin. The actual metadata version is 2.1.0, but the compiler version 1.9.0 can read versions up to 2.0.0.
The class is loaded from /Users/wilson.shakya/.gradle/caches/modules-2/files-2.1/org.jetbrains.kotlin/kotlin-stdlib/2.1.0/85f8b81009cda5890e54ba67d64b5e599c645020/kotlin-stdlib-2.1.0.jar!/kotlin/Unit.class
e: file:///Users/wilson.shakya/Documents/GitHub/AppVerse/Elevate/node_modules/react-native-gesture-handler/android/src/main/java/com/swmansion/gesturehandler/core/GestureHandlerOrchestrator.kt:187:57 Class 'kotlin.Unit' was compiled with an incompatible version of Kotlin. The actual metadata version is 2.1.0, but the compiler version 1.9.0 can read versions up to 2.0.0.
The class is loaded from /Users/wilson.shakya/.gradle/caches/modules-2/files-2.1/org.jetbrains.kotlin/kotlin-stdlib/2.1.0/85f8b81009cda5890e54ba67d64b5e599c645020/kotlin-stdlib-2.1.0.jar!/kotlin/Unit.class
e: file:///Users/wilson.shakya/Documents/GitHub/AppVerse/Elevate/node_modules/react-native-gesture-handler/android/src/main/java/com/swmansion/gesturehandler/core/GestureHandlerOrchestrator.kt:199:22 Variable expected
e: file:///Users/wilson.shakya/Documents/GitHub/AppVerse/Elevate/node_modules/react-native-gesture-handler/android/src/main/java/com/swmansion/gesturehandler/core/GestureHandlerOrchestrator.kt:202:5 Class 'kotlin.Unit' was compiled with an incompatible version of Kotlin. The actual metadata version is 2.1.0, but the compiler version 1.9.0 can read versions up to 2.0.0.
The class is loaded from /Users/wilson.shakya/.gradle/caches/modules-2/files-2.1/org.jetbrains.kotlin/kotlin-stdlib/2.1.0/85f8b81009cda5890e54ba67d64b5e599c645020/kotlin-stdlib-2.1.0.jar!/kotlin/Unit.class
e: file:///Users/wilson.shakya/Documents/GitHub/AppVerse/Elevate/node_modules/react-native-gesture-handler/android/src/main/java/com/swmansion/gesturehandler/core/GestureHandlerOrchestrator.kt:215:13 Class 'kotlin.Unit' was compiled with an incompatible version of Kotlin. The actual metadata version is 2.1.0, but the compiler version 1.9.0 can read versions up to 2.0.0.
The class is loaded from /Users/wilson.shakya/.gradle/caches/modules-2/files-2.1/org.jetbrains.kotlin/kotlin-stdlib/2.1.0/85f8b81009cda5890e54ba67d64b5e599c645020/kotlin-stdlib-2.1.0.jar!/kotlin/Unit.class
e: file:///Users/wilson.shakya/Documents/GitHub/AppVerse/Elevate/node_modules/react-native-gesture-handler/android/src/main/java/com/swmansion/gesturehandler/core/GestureHandlerOrchestrator.kt:218:15 Class 'kotlin.Unit' was compiled with an incompatible version of Kotlin. The actual metadata version is 2.1.0, but the compiler version 1.9.0 can read versions up to 2.0.0.
The class is loaded from /Users/wilson.shakya/.gradle/caches/modules-2/files-2.1/org.jetbrains.kotlin/kotlin-stdlib/2.1.0/85f8b81009cda5890e54ba67d64b5e599c645020/kotlin-stdlib-2.1.0.jar!/kotlin/Unit.class
e: file:///Users/wilson.shakya/Documents/GitHub/AppVerse/Elevate/node_modules/react-native-gesture-handler/android/src/main/java/com/swmansion/gesturehandler/core/GestureHandlerOrchestrator.kt:220:17 Class 'kotlin.Unit' was compiled with an incompatible version of Kotlin. The actual metadata version is 2.1.0, but the compiler version 1.9.0 can read versions up to 2.0.0.
The class is loaded from /Users/wilson.shakya/.gradle/caches/modules-2/files-2.1/org.jetbrains.kotlin/kotlin-stdlib/2.1.0/85f8b81009cda5890e54ba67d64b5e599c645020/kotlin-stdlib-2.1.0.jar!/kotlin/Unit.class
e: file:///Users/wilson.shakya/Documents/GitHub/AppVerse/Elevate/node_modules/react-native-gesture-handler/android/src/main/java/com/swmansion/gesturehandler/core/GestureHandlerOrchestrator.kt:238:7 Class 'kotlin.Unit' was compiled with an incompatible version of Kotlin. The actual metadata version is 2.1.0, but the compiler version 1.9.0 can read versions up to 2.0.0.
The class is loaded from /Users/wilson.shakya/.gradle/caches/modules-2/files-2.1/org.jetbrains.kotlin/kotlin-stdlib/2.1.0/85f8b81009cda5890e54ba67d64b5e599c645020/kotlin-stdlib-2.1.0.jar!/kotlin/Unit.class
e: file:///Users/wilson.shakya/Documents/GitHub/AppVerse/Elevate/node_modules/react-native-gesture-handler/android/src/main/java/com/swmansion/gesturehandler/core/GestureHandlerOrchestrator.kt:258:15 Class 'kotlin.Unit' was compiled with an incompatible version of Kotlin. The actual metadata version is 2.1.0, but the compiler version 1.9.0 can read versions up to 2.0.0.
The class is loaded from /Users/wilson.shakya/.gradle/caches/modules-2/files-2.1/org.jetbrains.kotlin/kotlin-stdlib/2.1.0/85f8b81009cda5890e54ba67d64b5e599c645020/kotlin-stdlib-2.1.0.jar!/kotlin/Unit.class
e: file:///Users/wilson.shakya/Documents/GitHub/AppVerse/Elevate/node_modules/react-native-gesture-handler/android/src/main/java/com/swmansion/gesturehandler/core/GestureHandlerOrchestrator.kt:277:15 Class 'kotlin.Unit' was compiled with an incompatible version of Kotlin. The actual metadata version is 2.1.0, but the compiler version 1.9.0 can read versions up to 2.0.0.
The class is loaded from /Users/wilson.shakya/.gradle/caches/modules-2/files-2.1/org.jetbrains.kotlin/kotlin-stdlib/2.1.0/85f8b81009cda5890e54ba67d64b5e599c645020/kotlin-stdlib-2.1.0.jar!/kotlin/Unit.class
e: file:///Users/wilson.shakya/Documents/GitHub/AppVerse/Elevate/node_modules/react-native-gesture-handler/android/src/main/java/com/swmansion/gesturehandler/core/GestureHandlerOrchestrator.kt:282:15 Class 'kotlin.Unit' was compiled with an incompatible version of Kotlin. The actual metadata version is 2.1.0, but the compiler version 1.9.0 can read versions up to 2.0.0.
The class is loaded from /Users/wilson.shakya/.gradle/caches/modules-2/files-2.1/org.jetbrains.kotlin/kotlin-stdlib/2.1.0/85f8b81009cda5890e54ba67d64b5e599c645020/kotlin-stdlib-2.1.0.jar!/kotlin/Unit.class
e: file:///Users/wilson.shakya/Documents/GitHub/AppVerse/Elevate/node_modules/react-native-gesture-handler/android/src/main/java/com/swmansion/gesturehandler/core/GestureHandlerOrchestrator.kt:292:19 Class 'kotlin.Unit' was compiled with an incompatible version of Kotlin. The actual metadata version is 2.1.0, but the compiler version 1.9.0 can read versions up to 2.0.0.
The class is loaded from /Users/wilson.shakya/.gradle/caches/modules-2/files-2.1/org.jetbrains.kotlin/kotlin-stdlib/2.1.0/85f8b81009cda5890e54ba67d64b5e599c645020/kotlin-stdlib-2.1.0.jar!/kotlin/Unit.class
e: file:///Users/wilson.shakya/Documents/GitHub/AppVerse/Elevate/node_modules/react-native-gesture-handler/android/src/main/java/com/swmansion/gesturehandler/core/GestureHandlerOrchestrator.kt:293:19 Class 'kotlin.Unit' was compiled with an incompatible version of Kotlin. The actual metadata version is 2.1.0, but the compiler version 1.9.0 can read versions up to 2.0.0.
The class is loaded from /Users/wilson.shakya/.gradle/caches/modules-2/files-2.1/org.jetbrains.kotlin/kotlin-stdlib/2.1.0/85f8b81009cda5890e54ba67d64b5e599c645020/kotlin-stdlib-2.1.0.jar!/kotlin/Unit.class
e: file:///Users/wilson.shakya/Documents/GitHub/AppVerse/Elevate/node_modules/react-native-gesture-handler/android/src/main/java/com/swmansion/gesturehandler/core/GestureHandlerOrchestrator.kt:295:17 Class 'kotlin.Unit' was compiled with an incompatible version of Kotlin. The actual metadata version is 2.1.0, but the compiler version 1.9.0 can read versions up to 2.0.0.
The class is loaded from /Users/wilson.shakya/.gradle/caches/modules-2/files-2.1/org.jetbrains.kotlin/kotlin-stdlib/2.1.0/85f8b81009cda5890e54ba67d64b5e599c645020/kotlin-stdlib-2.1.0.jar!/kotlin/Unit.class
e: file:///Users/wilson.shakya/Documents/GitHub/AppVerse/Elevate/node_modules/react-native-gesture-handler/android/src/main/java/com/swmansion/gesturehandler/core/GestureHandlerOrchestrator.kt:299:17 Class 'kotlin.Unit' was compiled with an incompatible version of Kotlin. The actual metadata version is 2.1.0, but the compiler version 1.9.0 can read versions up to 2.0.0.
The class is loaded from /Users/wilson.shakya/.gradle/caches/modules-2/files-2.1/org.jetbrains.kotlin/kotlin-stdlib/2.1.0/85f8b81009cda5890e54ba67d64b5e599c645020/kotlin-stdlib-2.1.0.jar!/kotlin/Unit.class
e: file:///Users/wilson.shakya/Documents/GitHub/AppVerse/Elevate/node_modules/react-native-gesture-handler/android/src/main/java/com/swmansion/gesturehandler/core/GestureHandlerOrchestrator.kt:306:17 Class 'kotlin.Unit' was compiled with an incompatible version of Kotlin. The actual metadata version is 2.1.0, but the compiler version 1.9.0 can read versions up to 2.0.0.
The class is loaded from /Users/wilson.shakya/.gradle/caches/modules-2/files-2.1/org.jetbrains.kotlin/kotlin-stdlib/2.1.0/85f8b81009cda5890e54ba67d64b5e599c645020/kotlin-stdlib-2.1.0.jar!/kotlin/Unit.class
e: file:///Users/wilson.shakya/Documents/GitHub/AppVerse/Elevate/node_modules/react-native-gesture-handler/android/src/main/java/com/swmansion/gesturehandler/core/GestureHandlerOrchestrator.kt:310:11 Class 'kotlin.Unit' was compiled with an incompatible version of Kotlin. The actual metadata version is 2.1.0, but the compiler version 1.9.0 can read versions up to 2.0.0.
The class is loaded from /Users/wilson.shakya/.gradle/caches/modules-2/files-2.1/org.jetbrains.kotlin/kotlin-stdlib/2.1.0/85f8b81009cda5890e54ba67d64b5e599c645020/kotlin-stdlib-2.1.0.jar!/kotlin/Unit.class
e: file:///Users/wilson.shakya/Documents/GitHub/AppVerse/Elevate/node_modules/react-native-gesture-handler/android/src/main/java/com/swmansion/gesturehandler/core/GestureHandlerOrchestrator.kt:334:52 Unresolved reference: it
e: file:///Users/wilson.shakya/Documents/GitHub/AppVerse/Elevate/node_modules/react-native-gesture-handler/android/src/main/java/com/swmansion/gesturehandler/core/GestureHandlerOrchestrator.kt:359:13 Class 'kotlin.Unit' was compiled with an incompatible version of Kotlin. The actual metadata version is 2.1.0, but the compiler version 1.9.0 can read versions up to 2.0.0.
The class is loaded from /Users/wilson.shakya/.gradle/caches/modules-2/files-2.1/org.jetbrains.kotlin/kotlin-stdlib/2.1.0/85f8b81009cda5890e54ba67d64b5e599c645020/kotlin-stdlib-2.1.0.jar!/kotlin/Unit.class
e: file:///Users/wilson.shakya/Documents/GitHub/AppVerse/Elevate/node_modules/react-native-gesture-handler/android/src/main/java/com/swmansion/gesturehandler/core/GestureHandlerOrchestrator.kt:364:13 Class 'kotlin.Unit' was compiled with an incompatible version of Kotlin. The actual metadata version is 2.1.0, but the compiler version 1.9.0 can read versions up to 2.0.0.
The class is loaded from /Users/wilson.shakya/.gradle/caches/modules-2/files-2.1/org.jetbrains.kotlin/kotlin-stdlib/2.1.0/85f8b81009cda5890e54ba67d64b5e599c645020/kotlin-stdlib-2.1.0.jar!/kotlin/Unit.class
e: file:///Users/wilson.shakya/Documents/GitHub/AppVerse/Elevate/node_modules/react-native-gesture-handler/android/src/main/java/com/swmansion/gesturehandler/core/GestureHandlerOrchestrator.kt:397:7 Class 'kotlin.Unit' was compiled with an incompatible version of Kotlin. The actual metadata version is 2.1.0, but the compiler version 1.9.0 can read versions up to 2.0.0.
The class is loaded from /Users/wilson.shakya/.gradle/caches/modules-2/files-2.1/org.jetbrains.kotlin/kotlin-stdlib/2.1.0/85f8b81009cda5890e54ba67d64b5e599c645020/kotlin-stdlib-2.1.0.jar!/kotlin/Unit.class
e: file:///Users/wilson.shakya/Documents/GitHub/AppVerse/Elevate/node_modules/react-native-gesture-handler/android/src/main/java/com/swmansion/gesturehandler/core/GestureHandlerOrchestrator.kt:398:7 Class 'kotlin.Unit' was compiled with an incompatible version of Kotlin. The actual metadata version is 2.1.0, but the compiler version 1.9.0 can read versions up to 2.0.0.
The class is loaded from /Users/wilson.shakya/.gradle/caches/modules-2/files-2.1/org.jetbrains.kotlin/kotlin-stdlib/2.1.0/85f8b81009cda5890e54ba67d64b5e599c645020/kotlin-stdlib-2.1.0.jar!/kotlin/Unit.class
e: file:///Users/wilson.shakya/Documents/GitHub/AppVerse/Elevate/node_modules/react-native-gesture-handler/android/src/main/java/com/swmansion/gesturehandler/core/GestureHandlerOrchestrator.kt:399:21 Class 'kotlin.Unit' was compiled with an incompatible version of Kotlin. The actual metadata version is 2.1.0, but the compiler version 1.9.0 can read versions up to 2.0.0.
The class is loaded from /Users/wilson.shakya/.gradle/caches/modules-2/files-2.1/org.jetbrains.kotlin/kotlin-stdlib/2.1.0/85f8b81009cda5890e54ba67d64b5e599c645020/kotlin-stdlib-2.1.0.jar!/kotlin/Unit.class
e: file:///Users/wilson.shakya/Documents/GitHub/AppVerse/Elevate/node_modules/react-native-gesture-handler/android/src/main/java/com/swmansion/gesturehandler/core/GestureHandlerOrchestrator.kt:415:5 Unresolved reference: with
e: file:///Users/wilson.shakya/Documents/GitHub/AppVerse/Elevate/node_modules/react-native-gesture-handler/android/src/main/java/com/swmansion/gesturehandler/core/GestureHandlerOrchestrator.kt:416:7 Unresolved reference: isAwaiting
e: file:///Users/wilson.shakya/Documents/GitHub/AppVerse/Elevate/node_modules/react-native-gesture-handler/android/src/main/java/com/swmansion/gesturehandler/core/GestureHandlerOrchestrator.kt:417:7 Class 'kotlin.Unit' was compiled with an incompatible version of Kotlin. The actual metadata version is 2.1.0, but the compiler version 1.9.0 can read versions up to 2.0.0.
The class is loaded from /Users/wilson.shakya/.gradle/caches/modules-2/files-2.1/org.jetbrains.kotlin/kotlin-stdlib/2.1.0/85f8b81009cda5890e54ba67d64b5e599c645020/kotlin-stdlib-2.1.0.jar!/kotlin/Unit.class
e: file:///Users/wilson.shakya/Documents/GitHub/AppVerse/Elevate/node_modules/react-native-gesture-handler/android/src/main/java/com/swmansion/gesturehandler/core/GestureHandlerOrchestrator.kt:417:57 Class 'kotlin.Unit' was compiled with an incompatible version of Kotlin. The actual metadata version is 2.1.0, but the compiler version 1.9.0 can read versions up to 2.0.0.
The class is loaded from /Users/wilson.shakya/.gradle/caches/modules-2/files-2.1/org.jetbrains.kotlin/kotlin-stdlib/2.1.0/85f8b81009cda5890e54ba67d64b5e599c645020/kotlin-stdlib-2.1.0.jar!/kotlin/Unit.class
e: file:///Users/wilson.shakya/Documents/GitHub/AppVerse/Elevate/node_modules/react-native-gesture-handler/android/src/main/java/com/swmansion/gesturehandler/core/GestureHandlerOrchestrator.kt:427:13 Class 'kotlin.Unit' was compiled with an incompatible version of Kotlin. The actual metadata version is 2.1.0, but the compiler version 1.9.0 can read versions up to 2.0.0.
The class is loaded from /Users/wilson.shakya/.gradle/caches/modules-2/files-2.1/org.jetbrains.kotlin/kotlin-stdlib/2.1.0/85f8b81009cda5890e54ba67d64b5e599c645020/kotlin-stdlib-2.1.0.jar!/kotlin/Unit.class
e: file:///Users/wilson.shakya/Documents/GitHub/AppVerse/Elevate/node_modules/react-native-gesture-handler/android/src/main/java/com/swmansion/gesturehandler/core/GestureHandlerOrchestrator.kt:428:13 Class 'kotlin.Unit' was compiled with an incompatible version of Kotlin. The actual metadata version is 2.1.0, but the compiler version 1.9.0 can read versions up to 2.0.0.
The class is loaded from /Users/wilson.shakya/.gradle/caches/modules-2/files-2.1/org.jetbrains.kotlin/kotlin-stdlib/2.1.0/85f8b81009cda5890e54ba67d64b5e599c645020/kotlin-stdlib-2.1.0.jar!/kotlin/Unit.class
e: file:///Users/wilson.shakya/Documents/GitHub/AppVerse/Elevate/node_modules/react-native-gesture-handler/android/src/main/java/com/swmansion/gesturehandler/core/GestureHandlerOrchestrator.kt:429:13 Class 'kotlin.Unit' was compiled with an incompatible version of Kotlin. The actual metadata version is 2.1.0, but the compiler version 1.9.0 can read versions up to 2.0.0.
The class is loaded from /Users/wilson.shakya/.gradle/caches/modules-2/files-2.1/org.jetbrains.kotlin/kotlin-stdlib/2.1.0/85f8b81009cda5890e54ba67d64b5e599c645020/kotlin-stdlib-2.1.0.jar!/kotlin/Unit.class
e: file:///Users/wilson.shakya/Documents/GitHub/AppVerse/Elevate/node_modules/react-native-gesture-handler/android/src/main/java/com/swmansion/gesturehandler/core/GestureHandlerOrchestrator.kt:430:13 Class 'kotlin.Unit' was compiled with an incompatible version of Kotlin. The actual metadata version is 2.1.0, but the compiler version 1.9.0 can read versions up to 2.0.0.
The class is loaded from /Users/wilson.shakya/.gradle/caches/modules-2/files-2.1/org.jetbrains.kotlin/kotlin-stdlib/2.1.0/85f8b81009cda5890e54ba67d64b5e599c645020/kotlin-stdlib-2.1.0.jar!/kotlin/Unit.class
e: file:///Users/wilson.shakya/Documents/GitHub/AppVerse/Elevate/node_modules/react-native-gesture-handler/android/src/main/java/com/swmansion/gesturehandler/core/GestureHandlerOrchestrator.kt:437:5 Class 'kotlin.Unit' was compiled with an incompatible version of Kotlin. The actual metadata version is 2.1.0, but the compiler version 1.9.0 can read versions up to 2.0.0.
The class is loaded from /Users/wilson.shakya/.gradle/caches/modules-2/files-2.1/org.jetbrains.kotlin/kotlin-stdlib/2.1.0/85f8b81009cda5890e54ba67d64b5e599c645020/kotlin-stdlib-2.1.0.jar!/kotlin/Unit.class
e: file:///Users/wilson.shakya/Documents/GitHub/AppVerse/Elevate/node_modules/react-native-gesture-handler/android/src/main/java/com/swmansion/gesturehandler/core/GestureHandlerOrchestrator.kt:438:5 Class 'kotlin.Unit' was compiled with an incompatible version of Kotlin. The actual metadata version is 2.1.0, but the compiler version 1.9.0 can read versions up to 2.0.0.
The class is loaded from /Users/wilson.shakya/.gradle/caches/modules-2/files-2.1/org.jetbrains.kotlin/kotlin-stdlib/2.1.0/85f8b81009cda5890e54ba67d64b5e599c645020/kotlin-stdlib-2.1.0.jar!/kotlin/Unit.class
e: file:///Users/wilson.shakya/Documents/GitHub/AppVerse/Elevate/node_modules/react-native-gesture-handler/android/src/main/java/com/swmansion/gesturehandler/core/GestureHandlerOrchestrator.kt:439:12 Class 'kotlin.Unit' was compiled with an incompatible version of Kotlin. The actual metadata version is 2.1.0, but the compiler version 1.9.0 can read versions up to 2.0.0.
The class is loaded from /Users/wilson.shakya/.gradle/caches/modules-2/files-2.1/org.jetbrains.kotlin/kotlin-stdlib/2.1.0/85f8b81009cda5890e54ba67d64b5e599c645020/kotlin-stdlib-2.1.0.jar!/kotlin/Unit.class
e: file:///Users/wilson.shakya/Documents/GitHub/AppVerse/Elevate/node_modules/react-native-gesture-handler/android/src/main/java/com/swmansion/gesturehandler/core/GestureHandlerOrchestrator.kt:454:53 Unresolved reference: let
e: file:///Users/wilson.shakya/Documents/GitHub/AppVerse/Elevate/node_modules/react-native-gesture-handler/android/src/main/java/com/swmansion/gesturehandler/core/GestureHandlerOrchestrator.kt:455:11 Unresolved reference: synchronized
e: file:///Users/wilson.shakya/Documents/GitHub/AppVerse/Elevate/node_modules/react-native-gesture-handler/android/src/main/java/com/swmansion/gesturehandler/core/GestureHandlerOrchestrator.kt:455:24 Unresolved reference: it
e: file:///Users/wilson.shakya/Documents/GitHub/AppVerse/Elevate/node_modules/react-native-gesture-handler/android/src/main/java/com/swmansion/gesturehandler/core/GestureHandlerOrchestrator.kt:456:29 Unresolved reference: it
e: file:///Users/wilson.shakya/Documents/GitHub/AppVerse/Elevate/node_modules/react-native-gesture-handler/android/src/main/java/com/swmansion/gesturehandler/core/GestureHandlerOrchestrator.kt:459:17 Class 'kotlin.Unit' was compiled with an incompatible version of Kotlin. The actual metadata version is 2.1.0, but the compiler version 1.9.0 can read versions up to 2.0.0.
The class is loaded from /Users/wilson.shakya/.gradle/caches/modules-2/files-2.1/org.jetbrains.kotlin/kotlin-stdlib/2.1.0/85f8b81009cda5890e54ba67d64b5e599c645020/kotlin-stdlib-2.1.0.jar!/kotlin/Unit.class
e: file:///Users/wilson.shakya/Documents/GitHub/AppVerse/Elevate/node_modules/react-native-gesture-handler/android/src/main/java/com/swmansion/gesturehandler/core/GestureHandlerOrchestrator.kt:481:47 Unresolved reference: listOf
e: file:///Users/wilson.shakya/Documents/GitHub/AppVerse/Elevate/node_modules/react-native-gesture-handler/android/src/main/java/com/swmansion/gesturehandler/core/GestureHandlerOrchestrator.kt:486:47 Unresolved reference: let
e: file:///Users/wilson.shakya/Documents/GitHub/AppVerse/Elevate/node_modules/react-native-gesture-handler/android/src/main/java/com/swmansion/gesturehandler/core/GestureHandlerOrchestrator.kt:487:7 Unresolved reference: synchronized
e: file:///Users/wilson.shakya/Documents/GitHub/AppVerse/Elevate/node_modules/react-native-gesture-handler/android/src/main/java/com/swmansion/gesturehandler/core/GestureHandlerOrchestrator.kt:487:20 Unresolved reference: it
e: file:///Users/wilson.shakya/Documents/GitHub/AppVerse/Elevate/node_modules/react-native-gesture-handler/android/src/main/java/com/swmansion/gesturehandler/core/GestureHandlerOrchestrator.kt:488:25 Unresolved reference: it
e: file:///Users/wilson.shakya/Documents/GitHub/AppVerse/Elevate/node_modules/react-native-gesture-handler/android/src/main/java/com/swmansion/gesturehandler/core/GestureHandlerOrchestrator.kt:498:11 Class 'kotlin.Unit' was compiled with an incompatible version of Kotlin. The actual metadata version is 2.1.0, but the compiler version 1.9.0 can read versions up to 2.0.0.
The class is loaded from /Users/wilson.shakya/.gradle/caches/modules-2/files-2.1/org.jetbrains.kotlin/kotlin-stdlib/2.1.0/85f8b81009cda5890e54ba67d64b5e599c645020/kotlin-stdlib-2.1.0.jar!/kotlin/Unit.class
e: file:///Users/wilson.shakya/Documents/GitHub/AppVerse/Elevate/node_modules/react-native-gesture-handler/android/src/main/java/com/swmansion/gesturehandler/core/GestureHandlerOrchestrator.kt:507:24 Unresolved reference: ..
e: file:///Users/wilson.shakya/Documents/GitHub/AppVerse/Elevate/node_modules/react-native-gesture-handler/android/src/main/java/com/swmansion/gesturehandler/core/GestureHandlerOrchestrator.kt:507:65 Unresolved reference: ..
e: file:///Users/wilson.shakya/Documents/GitHub/AppVerse/Elevate/node_modules/react-native-gesture-handler/android/src/main/java/com/swmansion/gesturehandler/core/GestureHandlerOrchestrator.kt:519:5 Class 'kotlin.Unit' was compiled with an incompatible version of Kotlin. The actual metadata version is 2.1.0, but the compiler version 1.9.0 can read versions up to 2.0.0.
The class is loaded from /Users/wilson.shakya/.gradle/caches/modules-2/files-2.1/org.jetbrains.kotlin/kotlin-stdlib/2.1.0/85f8b81009cda5890e54ba67d64b5e599c645020/kotlin-stdlib-2.1.0.jar!/kotlin/Unit.class
e: file:///Users/wilson.shakya/Documents/GitHub/AppVerse/Elevate/node_modules/react-native-gesture-handler/android/src/main/java/com/swmansion/gesturehandler/core/GestureHandlerOrchestrator.kt:520:5 Class 'kotlin.Unit' was compiled with an incompatible version of Kotlin. The actual metadata version is 2.1.0, but the compiler version 1.9.0 can read versions up to 2.0.0.
The class is loaded from /Users/wilson.shakya/.gradle/caches/modules-2/files-2.1/org.jetbrains.kotlin/kotlin-stdlib/2.1.0/85f8b81009cda5890e54ba67d64b5e599c645020/kotlin-stdlib-2.1.0.jar!/kotlin/Unit.class
e: file:///Users/wilson.shakya/Documents/GitHub/AppVerse/Elevate/node_modules/react-native-gesture-handler/android/src/main/java/com/swmansion/gesturehandler/core/GestureHandlerOrchestrator.kt:527:33 Unresolved reference: downTo
e: file:///Users/wilson.shakya/Documents/GitHub/AppVerse/Elevate/node_modules/react-native-gesture-handler/android/src/main/java/com/swmansion/gesturehandler/core/GestureHandlerOrchestrator.kt:531:9 Class 'kotlin.Unit' was compiled with an incompatible version of Kotlin. The actual metadata version is 2.1.0, but the compiler version 1.9.0 can read versions up to 2.0.0.
The class is loaded from /Users/wilson.shakya/.gradle/caches/modules-2/files-2.1/org.jetbrains.kotlin/kotlin-stdlib/2.1.0/85f8b81009cda5890e54ba67d64b5e599c645020/kotlin-stdlib-2.1.0.jar!/kotlin/Unit.class
e: file:///Users/wilson.shakya/Documents/GitHub/AppVerse/Elevate/node_modules/react-native-gesture-handler/android/src/main/java/com/swmansion/gesturehandler/core/GestureHandlerOrchestrator.kt:534:9 Class 'kotlin.Unit' was compiled with an incompatible version of Kotlin. The actual metadata version is 2.1.0, but the compiler version 1.9.0 can read versions up to 2.0.0.
The class is loaded from /Users/wilson.shakya/.gradle/caches/modules-2/files-2.1/org.jetbrains.kotlin/kotlin-stdlib/2.1.0/85f8b81009cda5890e54ba67d64b5e599c645020/kotlin-stdlib-2.1.0.jar!/kotlin/Unit.class
e: file:///Users/wilson.shakya/Documents/GitHub/AppVerse/Elevate/node_modules/react-native-gesture-handler/android/src/main/java/com/swmansion/gesturehandler/core/GestureHandlerOrchestrator.kt:535:9 Class 'kotlin.Unit' was compiled with an incompatible version of Kotlin. The actual metadata version is 2.1.0, but the compiler version 1.9.0 can read versions up to 2.0.0.
The class is loaded from /Users/wilson.shakya/.gradle/caches/modules-2/files-2.1/org.jetbrains.kotlin/kotlin-stdlib/2.1.0/85f8b81009cda5890e54ba67d64b5e599c645020/kotlin-stdlib-2.1.0.jar!/kotlin/Unit.class
e: file:///Users/wilson.shakya/Documents/GitHub/AppVerse/Elevate/node_modules/react-native-gesture-handler/android/src/main/java/com/swmansion/gesturehandler/core/GestureHandlerOrchestrator.kt:542:9 Class 'kotlin.Unit' was compiled with an incompatible version of Kotlin. The actual metadata version is 2.1.0, but the compiler version 1.9.0 can read versions up to 2.0.0.
The class is loaded from /Users/wilson.shakya/.gradle/caches/modules-2/files-2.1/org.jetbrains.kotlin/kotlin-stdlib/2.1.0/85f8b81009cda5890e54ba67d64b5e599c645020/kotlin-stdlib-2.1.0.jar!/kotlin/Unit.class
e: file:///Users/wilson.shakya/Documents/GitHub/AppVerse/Elevate/node_modules/react-native-gesture-handler/android/src/main/java/com/swmansion/gesturehandler/core/GestureHandlerOrchestrator.kt:543:9 Class 'kotlin.Unit' was compiled with an incompatible version of Kotlin. The actual metadata version is 2.1.0, but the compiler version 1.9.0 can read versions up to 2.0.0.
The class is loaded from /Users/wilson.shakya/.gradle/caches/modules-2/files-2.1/org.jetbrains.kotlin/kotlin-stdlib/2.1.0/85f8b81009cda5890e54ba67d64b5e599c645020/kotlin-stdlib-2.1.0.jar!/kotlin/Unit.class
e: file:///Users/wilson.shakya/Documents/GitHub/AppVerse/Elevate/node_modules/react-native-gesture-handler/android/src/main/java/com/swmansion/gesturehandler/core/GestureHandlerOrchestrator.kt:569:68 Unresolved reference: also
e: file:///Users/wilson.shakya/Documents/GitHub/AppVerse/Elevate/node_modules/react-native-gesture-handler/android/src/main/java/com/swmansion/gesturehandler/core/GestureHandlerOrchestrator.kt:569:75 Cannot infer a type for this parameter. Please specify it explicitly.
e: file:///Users/wilson.shakya/Documents/GitHub/AppVerse/Elevate/node_modules/react-native-gesture-handler/android/src/main/java/com/swmansion/gesturehandler/core/GestureHandlerOrchestrator.kt:608:47 Class 'kotlin.Unit' was compiled with an incompatible version of Kotlin. The actual metadata version is 2.1.0, but the compiler version 1.9.0 can read versions up to 2.0.0.
The class is loaded from /Users/wilson.shakya/.gradle/caches/modules-2/files-2.1/org.jetbrains.kotlin/kotlin-stdlib/2.1.0/85f8b81009cda5890e54ba67d64b5e599c645020/kotlin-stdlib-2.1.0.jar!/kotlin/Unit.class
e: file:///Users/wilson.shakya/Documents/GitHub/AppVerse/Elevate/node_modules/react-native-gesture-handler/android/src/main/java/com/swmansion/gesturehandler/core/GestureHandlerOrchestrator.kt:612:12 Class 'kotlin.Unit' was compiled with an incompatible version of Kotlin. The actual metadata version is 2.1.0, but the compiler version 1.9.0 can read versions up to 2.0.0.
The class is loaded from /Users/wilson.shakya/.gradle/caches/modules-2/files-2.1/org.jetbrains.kotlin/kotlin-stdlib/2.1.0/85f8b81009cda5890e54ba67d64b5e599c645020/kotlin-stdlib-2.1.0.jar!/kotlin/Unit.class
e: file:///Users/wilson.shakya/Documents/GitHub/AppVerse/Elevate/node_modules/react-native-gesture-handler/android/src/main/java/com/swmansion/gesturehandler/core/GestureHandlerOrchestrator.kt:614:10 Class 'kotlin.Unit' was compiled with an incompatible version of Kotlin. The actual metadata version is 2.1.0, but the compiler version 1.9.0 can read versions up to 2.0.0.
The class is loaded from /Users/wilson.shakya/.gradle/caches/modules-2/files-2.1/org.jetbrains.kotlin/kotlin-stdlib/2.1.0/85f8b81009cda5890e54ba67d64b5e599c645020/kotlin-stdlib-2.1.0.jar!/kotlin/Unit.class
e: file:///Users/wilson.shakya/Documents/GitHub/AppVerse/Elevate/node_modules/react-native-gesture-handler/android/src/main/java/com/swmansion/gesturehandler/core/GestureHandlerOrchestrator.kt:615:12 Class 'kotlin.Unit' was compiled with an incompatible version of Kotlin. The actual metadata version is 2.1.0, but the compiler version 1.9.0 can read versions up to 2.0.0.
The class is loaded from /Users/wilson.shakya/.gradle/caches/modules-2/files-2.1/org.jetbrains.kotlin/kotlin-stdlib/2.1.0/85f8b81009cda5890e54ba67d64b5e599c645020/kotlin-stdlib-2.1.0.jar!/kotlin/Unit.class
e: file:///Users/wilson.shakya/Documents/GitHub/AppVerse/Elevate/node_modules/react-native-gesture-handler/android/src/main/java/com/swmansion/gesturehandler/core/GestureHandlerOrchestrator.kt:616:12 Class 'kotlin.Unit' was compiled with an incompatible version of Kotlin. The actual metadata version is 2.1.0, but the compiler version 1.9.0 can read versions up to 2.0.0.
The class is loaded from /Users/wilson.shakya/.gradle/caches/modules-2/files-2.1/org.jetbrains.kotlin/kotlin-stdlib/2.1.0/85f8b81009cda5890e54ba67d64b5e599c645020/kotlin-stdlib-2.1.0.jar!/kotlin/Unit.class
e: file:///Users/wilson.shakya/Documents/GitHub/AppVerse/Elevate/node_modules/react-native-gesture-handler/android/src/main/java/com/swmansion/gesturehandler/core/GestureHandlerOrchestrator.kt:617:12 Class 'kotlin.Unit' was compiled with an incompatible version of Kotlin. The actual metadata version is 2.1.0, but the compiler version 1.9.0 can read versions up to 2.0.0.
The class is loaded from /Users/wilson.shakya/.gradle/caches/modules-2/files-2.1/org.jetbrains.kotlin/kotlin-stdlib/2.1.0/85f8b81009cda5890e54ba67d64b5e599c645020/kotlin-stdlib-2.1.0.jar!/kotlin/Unit.class
e: file:///Users/wilson.shakya/Documents/GitHub/AppVerse/Elevate/node_modules/react-native-gesture-handler/android/src/main/java/com/swmansion/gesturehandler/core/GestureHandlerOrchestrator.kt:673:9 Class 'kotlin.Unit' was compiled with an incompatible version of Kotlin. The actual metadata version is 2.1.0, but the compiler version 1.9.0 can read versions up to 2.0.0.
The class is loaded from /Users/wilson.shakya/.gradle/caches/modules-2/files-2.1/org.jetbrains.kotlin/kotlin-stdlib/2.1.0/85f8b81009cda5890e54ba67d64b5e599c645020/kotlin-stdlib-2.1.0.jar!/kotlin/Unit.class
e: file:///Users/wilson.shakya/Documents/GitHub/AppVerse/Elevate/node_modules/react-native-gesture-handler/android/src/main/java/com/swmansion/gesturehandler/core/GestureHandlerOrchestrator.kt:674:9 Class 'kotlin.Unit' was compiled with an incompatible version of Kotlin. The actual metadata version is 2.1.0, but the compiler version 1.9.0 can read versions up to 2.0.0.
The class is loaded from /Users/wilson.shakya/.gradle/caches/modules-2/files-2.1/org.jetbrains.kotlin/kotlin-stdlib/2.1.0/85f8b81009cda5890e54ba67d64b5e599c645020/kotlin-stdlib-2.1.0.jar!/kotlin/Unit.class
e: file:///Users/wilson.shakya/Documents/GitHub/AppVerse/Elevate/node_modules/react-native-gesture-handler/android/src/main/java/com/swmansion/gesturehandler/core/GestureHandlerOrchestrator.kt:676:23 Class 'kotlin.Unit' was compiled with an incompatible version of Kotlin. The actual metadata version is 2.1.0, but the compiler version 1.9.0 can read versions up to 2.0.0.
The class is loaded from /Users/wilson.shakya/.gradle/caches/modules-2/files-2.1/org.jetbrains.kotlin/kotlin-stdlib/2.1.0/85f8b81009cda5890e54ba67d64b5e599c645020/kotlin-stdlib-2.1.0.jar!/kotlin/Unit.class
e: file:///Users/wilson.shakya/Documents/GitHub/AppVerse/Elevate/node_modules/react-native-gesture-handler/android/src/main/java/com/swmansion/gesturehandler/core/GestureHandlerOrchestrator.kt:680:7 Class 'kotlin.Unit' was compiled with an incompatible version of Kotlin. The actual metadata version is 2.1.0, but the compiler version 1.9.0 can read versions up to 2.0.0.
The class is loaded from /Users/wilson.shakya/.gradle/caches/modules-2/files-2.1/org.jetbrains.kotlin/kotlin-stdlib/2.1.0/85f8b81009cda5890e54ba67d64b5e599c645020/kotlin-stdlib-2.1.0.jar!/kotlin/Unit.class
e: file:///Users/wilson.shakya/Documents/GitHub/AppVerse/Elevate/node_modules/react-native-gesture-handler/android/src/main/java/com/swmansion/gesturehandler/core/GestureHandlerOrchestrator.kt:684:14 Unresolved reference: ..
e: file:///Users/wilson.shakya/Documents/GitHub/AppVerse/Elevate/node_modules/react-native-gesture-handler/android/src/main/java/com/swmansion/gesturehandler/core/GestureHandlerOrchestrator.kt:684:48 Unresolved reference: ..
e: file:///Users/wilson.shakya/Documents/GitHub/AppVerse/Elevate/node_modules/react-native-gesture-handler/android/src/main/java/com/swmansion/gesturehandler/core/GestureUtils.kt:4:20 Unresolved reference: cos
e: file:///Users/wilson.shakya/Documents/GitHub/AppVerse/Elevate/node_modules/react-native-gesture-handler/android/src/main/java/com/swmansion/gesturehandler/core/GestureUtils.kt:12:19 Unresolved reference: until
e: file:///Users/wilson.shakya/Documents/GitHub/AppVerse/Elevate/node_modules/react-native-gesture-handler/android/src/main/java/com/swmansion/gesturehandler/core/GestureUtils.kt:33:19 Unresolved reference: until
e: file:///Users/wilson.shakya/Documents/GitHub/AppVerse/Elevate/node_modules/react-native-gesture-handler/android/src/main/java/com/swmansion/gesturehandler/core/GestureUtils.kt:50:5 Unresolved reference: cos
e: file:///Users/wilson.shakya/Documents/GitHub/AppVerse/Elevate/node_modules/react-native-gesture-handler/android/src/main/java/com/swmansion/gesturehandler/core/HoverGestureHandler.kt:13:43 Class 'kotlin.Unit' was compiled with an incompatible version of Kotlin. The actual metadata version is 2.1.0, but the compiler version 1.9.0 can read versions up to 2.0.0.
The class is loaded from /Users/wilson.shakya/.gradle/caches/modules-2/files-2.1/org.jetbrains.kotlin/kotlin-stdlib/2.1.0/85f8b81009cda5890e54ba67d64b5e599c645020/kotlin-stdlib-2.1.0.jar!/kotlin/Unit.class
e: file:///Users/wilson.shakya/Documents/GitHub/AppVerse/Elevate/node_modules/react-native-gesture-handler/android/src/main/java/com/swmansion/gesturehandler/core/HoverGestureHandler.kt:42:19 Unresolved reference: until
e: file:///Users/wilson.shakya/Documents/GitHub/AppVerse/Elevate/node_modules/react-native-gesture-handler/android/src/main/java/com/swmansion/gesturehandler/core/HoverGestureHandler.kt:62:66 Unresolved reference: let
e: file:///Users/wilson.shakya/Documents/GitHub/AppVerse/Elevate/node_modules/react-native-gesture-handler/android/src/main/java/com/swmansion/gesturehandler/core/HoverGestureHandler.kt:63:11 'return' is not allowed here
e: file:///Users/wilson.shakya/Documents/GitHub/AppVerse/Elevate/node_modules/react-native-gesture-handler/android/src/main/java/com/swmansion/gesturehandler/core/HoverGestureHandler.kt:63:18 Unresolved reference: it
e: file:///Users/wilson.shakya/Documents/GitHub/AppVerse/Elevate/node_modules/react-native-gesture-handler/android/src/main/java/com/swmansion/gesturehandler/core/HoverGestureHandler.kt:84:5 Class 'kotlin.Unit' was compiled with an incompatible version of Kotlin. The actual metadata version is 2.1.0, but the compiler version 1.9.0 can read versions up to 2.0.0.
The class is loaded from /Users/wilson.shakya/.gradle/caches/modules-2/files-2.1/org.jetbrains.kotlin/kotlin-stdlib/2.1.0/85f8b81009cda5890e54ba67d64b5e599c645020/kotlin-stdlib-2.1.0.jar!/kotlin/Unit.class
e: file:///Users/wilson.shakya/Documents/GitHub/AppVerse/Elevate/node_modules/react-native-gesture-handler/android/src/main/java/com/swmansion/gesturehandler/core/HoverGestureHandler.kt:85:16 Class 'kotlin.Unit' was compiled with an incompatible version of Kotlin. The actual metadata version is 2.1.0, but the compiler version 1.9.0 can read versions up to 2.0.0.
The class is loaded from /Users/wilson.shakya/.gradle/caches/modules-2/files-2.1/org.jetbrains.kotlin/kotlin-stdlib/2.1.0/85f8b81009cda5890e54ba67d64b5e599c645020/kotlin-stdlib-2.1.0.jar!/kotlin/Unit.class
e: file:///Users/wilson.shakya/Documents/GitHub/AppVerse/Elevate/node_modules/react-native-gesture-handler/android/src/main/java/com/swmansion/gesturehandler/core/HoverGestureHandler.kt:86:7 Class 'kotlin.Unit' was compiled with an incompatible version of Kotlin. The actual metadata version is 2.1.0, but the compiler version 1.9.0 can read versions up to 2.0.0.
The class is loaded from /Users/wilson.shakya/.gradle/caches/modules-2/files-2.1/org.jetbrains.kotlin/kotlin-stdlib/2.1.0/85f8b81009cda5890e54ba67d64b5e599c645020/kotlin-stdlib-2.1.0.jar!/kotlin/Unit.class
e: file:///Users/wilson.shakya/Documents/GitHub/AppVerse/Elevate/node_modules/react-native-gesture-handler/android/src/main/java/com/swmansion/gesturehandler/core/HoverGestureHandler.kt:89:9 Class 'kotlin.Unit' was compiled with an incompatible version of Kotlin. The actual metadata version is 2.1.0, but the compiler version 1.9.0 can read versions up to 2.0.0.
The class is loaded from /Users/wilson.shakya/.gradle/caches/modules-2/files-2.1/org.jetbrains.kotlin/kotlin-stdlib/2.1.0/85f8b81009cda5890e54ba67d64b5e599c645020/kotlin-stdlib-2.1.0.jar!/kotlin/Unit.class
e: file:///Users/wilson.shakya/Documents/GitHub/AppVerse/Elevate/node_modules/react-native-gesture-handler/android/src/main/java/com/swmansion/gesturehandler/core/HoverGestureHandler.kt:98:11 Class 'kotlin.Unit' was compiled with an incompatible version of Kotlin. The actual metadata version is 2.1.0, but the compiler version 1.9.0 can read versions up to 2.0.0.
The class is loaded from /Users/wilson.shakya/.gradle/caches/modules-2/files-2.1/org.jetbrains.kotlin/kotlin-stdlib/2.1.0/85f8b81009cda5890e54ba67d64b5e599c645020/kotlin-stdlib-2.1.0.jar!/kotlin/Unit.class
e: file:///Users/wilson.shakya/Documents/GitHub/AppVerse/Elevate/node_modules/react-native-gesture-handler/android/src/main/java/com/swmansion/gesturehandler/core/HoverGestureHandler.kt:105:9 Class 'kotlin.Unit' was compiled with an incompatible version of Kotlin. The actual metadata version is 2.1.0, but the compiler version 1.9.0 can read versions up to 2.0.0.
The class is loaded from /Users/wilson.shakya/.gradle/caches/modules-2/files-2.1/org.jetbrains.kotlin/kotlin-stdlib/2.1.0/85f8b81009cda5890e54ba67d64b5e599c645020/kotlin-stdlib-2.1.0.jar!/kotlin/Unit.class
e: file:///Users/wilson.shakya/Documents/GitHub/AppVerse/Elevate/node_modules/react-native-gesture-handler/android/src/main/java/com/swmansion/gesturehandler/core/HoverGestureHandler.kt:109:9 Class 'kotlin.Unit' was compiled with an incompatible version of Kotlin. The actual metadata version is 2.1.0, but the compiler version 1.9.0 can read versions up to 2.0.0.
The class is loaded from /Users/wilson.shakya/.gradle/caches/modules-2/files-2.1/org.jetbrains.kotlin/kotlin-stdlib/2.1.0/85f8b81009cda5890e54ba67d64b5e599c645020/kotlin-stdlib-2.1.0.jar!/kotlin/Unit.class
e: file:///Users/wilson.shakya/Documents/GitHub/AppVerse/Elevate/node_modules/react-native-gesture-handler/android/src/main/java/com/swmansion/gesturehandler/core/HoverGestureHandler.kt:114:9 Class 'kotlin.Unit' was compiled with an incompatible version of Kotlin. The actual metadata version is 2.1.0, but the compiler version 1.9.0 can read versions up to 2.0.0.
The class is loaded from /Users/wilson.shakya/.gradle/caches/modules-2/files-2.1/org.jetbrains.kotlin/kotlin-stdlib/2.1.0/85f8b81009cda5890e54ba67d64b5e599c645020/kotlin-stdlib-2.1.0.jar!/kotlin/Unit.class
e: file:///Users/wilson.shakya/Documents/GitHub/AppVerse/Elevate/node_modules/react-native-gesture-handler/android/src/main/java/com/swmansion/gesturehandler/core/HoverGestureHandler.kt:115:9 Class 'kotlin.Unit' was compiled with an incompatible version of Kotlin. The actual metadata version is 2.1.0, but the compiler version 1.9.0 can read versions up to 2.0.0.
The class is loaded from /Users/wilson.shakya/.gradle/caches/modules-2/files-2.1/org.jetbrains.kotlin/kotlin-stdlib/2.1.0/85f8b81009cda5890e54ba67d64b5e599c645020/kotlin-stdlib-2.1.0.jar!/kotlin/Unit.class
e: file:///Users/wilson.shakya/Documents/GitHub/AppVerse/Elevate/node_modules/react-native-gesture-handler/android/src/main/java/com/swmansion/gesturehandler/core/HoverGestureHandler.kt:121:11 Class 'kotlin.Unit' was compiled with an incompatible version of Kotlin. The actual metadata version is 2.1.0, but the compiler version 1.9.0 can read versions up to 2.0.0.
The class is loaded from /Users/wilson.shakya/.gradle/caches/modules-2/files-2.1/org.jetbrains.kotlin/kotlin-stdlib/2.1.0/85f8b81009cda5890e54ba67d64b5e599c645020/kotlin-stdlib-2.1.0.jar!/kotlin/Unit.class
e: file:///Users/wilson.shakya/Documents/GitHub/AppVerse/Elevate/node_modules/react-native-gesture-handler/android/src/main/java/com/swmansion/gesturehandler/core/HoverGestureHandler.kt:122:5 Class 'kotlin.Unit' was compiled with an incompatible version of Kotlin. The actual metadata version is 2.1.0, but the compiler version 1.9.0 can read versions up to 2.0.0.
The class is loaded from /Users/wilson.shakya/.gradle/caches/modules-2/files-2.1/org.jetbrains.kotlin/kotlin-stdlib/2.1.0/85f8b81009cda5890e54ba67d64b5e599c645020/kotlin-stdlib-2.1.0.jar!/kotlin/Unit.class
e: file:///Users/wilson.shakya/Documents/GitHub/AppVerse/Elevate/node_modules/react-native-gesture-handler/android/src/main/java/com/swmansion/gesturehandler/core/HoverGestureHandler.kt:126:5 Class 'kotlin.Unit' was compiled with an incompatible version of Kotlin. The actual metadata version is 2.1.0, but the compiler version 1.9.0 can read versions up to 2.0.0.
The class is loaded from /Users/wilson.shakya/.gradle/caches/modules-2/files-2.1/org.jetbrains.kotlin/kotlin-stdlib/2.1.0/85f8b81009cda5890e54ba67d64b5e599c645020/kotlin-stdlib-2.1.0.jar!/kotlin/Unit.class
e: file:///Users/wilson.shakya/Documents/GitHub/AppVerse/Elevate/node_modules/react-native-gesture-handler/android/src/main/java/com/swmansion/gesturehandler/core/HoverGestureHandler.kt:127:29 Class 'kotlin.Unit' was compiled with an incompatible version of Kotlin. The actual metadata version is 2.1.0, but the compiler version 1.9.0 can read versions up to 2.0.0.
The class is loaded from /Users/wilson.shakya/.gradle/caches/modules-2/files-2.1/org.jetbrains.kotlin/kotlin-stdlib/2.1.0/85f8b81009cda5890e54ba67d64b5e599c645020/kotlin-stdlib-2.1.0.jar!/kotlin/Unit.class
e: file:///Users/wilson.shakya/Documents/GitHub/AppVerse/Elevate/node_modules/react-native-gesture-handler/android/src/main/java/com/swmansion/gesturehandler/core/HoverGestureHandler.kt:128:22 Class 'kotlin.Unit' was compiled with an incompatible version of Kotlin. The actual metadata version is 2.1.0, but the compiler version 1.9.0 can read versions up to 2.0.0.
The class is loaded from /Users/wilson.shakya/.gradle/caches/modules-2/files-2.1/org.jetbrains.kotlin/kotlin-stdlib/2.1.0/85f8b81009cda5890e54ba67d64b5e599c645020/kotlin-stdlib-2.1.0.jar!/kotlin/Unit.class
e: file:///Users/wilson.shakya/Documents/GitHub/AppVerse/Elevate/node_modules/react-native-gesture-handler/android/src/main/java/com/swmansion/gesturehandler/core/HoverGestureHandler.kt:129:23 Class 'kotlin.Unit' was compiled with an incompatible version of Kotlin. The actual metadata version is 2.1.0, but the compiler version 1.9.0 can read versions up to 2.0.0.
The class is loaded from /Users/wilson.shakya/.gradle/caches/modules-2/files-2.1/org.jetbrains.kotlin/kotlin-stdlib/2.1.0/85f8b81009cda5890e54ba67d64b5e599c645020/kotlin-stdlib-2.1.0.jar!/kotlin/Unit.class
e: file:///Users/wilson.shakya/Documents/GitHub/AppVerse/Elevate/node_modules/react-native-gesture-handler/android/src/main/java/com/swmansion/gesturehandler/core/LongPressGestureHandler.kt:28:5 Class 'kotlin.Unit' was compiled with an incompatible version of Kotlin. The actual metadata version is 2.1.0, but the compiler version 1.9.0 can read versions up to 2.0.0.
The class is loaded from /Users/wilson.shakya/.gradle/caches/modules-2/files-2.1/org.jetbrains.kotlin/kotlin-stdlib/2.1.0/85f8b81009cda5890e54ba67d64b5e599c645020/kotlin-stdlib-2.1.0.jar!/kotlin/Unit.class
e: file:///Users/wilson.shakya/Documents/GitHub/AppVerse/Elevate/node_modules/react-native-gesture-handler/android/src/main/java/com/swmansion/gesturehandler/core/LongPressGestureHandler.kt:29:5 Class 'kotlin.Unit' was compiled with an incompatible version of Kotlin. The actual metadata version is 2.1.0, but the compiler version 1.9.0 can read versions up to 2.0.0.
The class is loaded from /Users/wilson.shakya/.gradle/caches/modules-2/files-2.1/org.jetbrains.kotlin/kotlin-stdlib/2.1.0/85f8b81009cda5890e54ba67d64b5e599c645020/kotlin-stdlib-2.1.0.jar!/kotlin/Unit.class
e: file:///Users/wilson.shakya/Documents/GitHub/AppVerse/Elevate/node_modules/react-native-gesture-handler/android/src/main/java/com/swmansion/gesturehandler/core/LongPressGestureHandler.kt:33:11 Class 'kotlin.Unit' was compiled with an incompatible version of Kotlin. The actual metadata version is 2.1.0, but the compiler version 1.9.0 can read versions up to 2.0.0.
The class is loaded from /Users/wilson.shakya/.gradle/caches/modules-2/files-2.1/org.jetbrains.kotlin/kotlin-stdlib/2.1.0/85f8b81009cda5890e54ba67d64b5e599c645020/kotlin-stdlib-2.1.0.jar!/kotlin/Unit.class
e: file:///Users/wilson.shakya/Documents/GitHub/AppVerse/Elevate/node_modules/react-native-gesture-handler/android/src/main/java/com/swmansion/gesturehandler/core/LongPressGestureHandler.kt:34:5 Class 'kotlin.Unit' was compiled with an incompatible version of Kotlin. The actual metadata version is 2.1.0, but the compiler version 1.9.0 can read versions up to 2.0.0.
The class is loaded from /Users/wilson.shakya/.gradle/caches/modules-2/files-2.1/org.jetbrains.kotlin/kotlin-stdlib/2.1.0/85f8b81009cda5890e54ba67d64b5e599c645020/kotlin-stdlib-2.1.0.jar!/kotlin/Unit.class
e: file:///Users/wilson.shakya/Documents/GitHub/AppVerse/Elevate/node_modules/react-native-gesture-handler/android/src/main/java/com/swmansion/gesturehandler/core/LongPressGestureHandler.kt:35:5 Class 'kotlin.Unit' was compiled with an incompatible version of Kotlin. The actual metadata version is 2.1.0, but the compiler version 1.9.0 can read versions up to 2.0.0.
The class is loaded from /Users/wilson.shakya/.gradle/caches/modules-2/files-2.1/org.jetbrains.kotlin/kotlin-stdlib/2.1.0/85f8b81009cda5890e54ba67d64b5e599c645020/kotlin-stdlib-2.1.0.jar!/kotlin/Unit.class
e: file:///Users/wilson.shakya/Documents/GitHub/AppVerse/Elevate/node_modules/react-native-gesture-handler/android/src/main/java/com/swmansion/gesturehandler/core/LongPressGestureHandler.kt:39:5 Class 'kotlin.Unit' was compiled with an incompatible version of Kotlin. The actual metadata version is 2.1.0, but the compiler version 1.9.0 can read versions up to 2.0.0.
The class is loaded from /Users/wilson.shakya/.gradle/caches/modules-2/files-2.1/org.jetbrains.kotlin/kotlin-stdlib/2.1.0/85f8b81009cda5890e54ba67d64b5e599c645020/kotlin-stdlib-2.1.0.jar!/kotlin/Unit.class
e: file:///Users/wilson.shakya/Documents/GitHub/AppVerse/Elevate/node_modules/react-native-gesture-handler/android/src/main/java/com/swmansion/gesturehandler/core/LongPressGestureHandler.kt:44:5 Class 'kotlin.Unit' was compiled with an incompatible version of Kotlin. The actual metadata version is 2.1.0, but the compiler version 1.9.0 can read versions up to 2.0.0.
The class is loaded from /Users/wilson.shakya/.gradle/caches/modules-2/files-2.1/org.jetbrains.kotlin/kotlin-stdlib/2.1.0/85f8b81009cda5890e54ba67d64b5e599c645020/kotlin-stdlib-2.1.0.jar!/kotlin/Unit.class
e: file:///Users/wilson.shakya/Documents/GitHub/AppVerse/Elevate/node_modules/react-native-gesture-handler/android/src/main/java/com/swmansion/gesturehandler/core/LongPressGestureHandler.kt:48:83 Class 'kotlin.Pair' was compiled with an incompatible version of Kotlin. The actual metadata version is 2.1.0, but the compiler version 1.9.0 can read versions up to 2.0.0.
The class is loaded from /Users/wilson.shakya/.gradle/caches/modules-2/files-2.1/org.jetbrains.kotlin/kotlin-stdlib/2.1.0/85f8b81009cda5890e54ba67d64b5e599c645020/kotlin-stdlib-2.1.0.jar!/kotlin/Pair.class
e: file:///Users/wilson.shakya/Documents/GitHub/AppVerse/Elevate/node_modules/react-native-gesture-handler/android/src/main/java/com/swmansion/gesturehandler/core/LongPressGestureHandler.kt:50:18 Unresolved reference: until
e: file:///Users/wilson.shakya/Documents/GitHub/AppVerse/Elevate/node_modules/react-native-gesture-handler/android/src/main/java/com/swmansion/gesturehandler/core/LongPressGestureHandler.kt:50:55 Unresolved reference: it
e: file:///Users/wilson.shakya/Documents/GitHub/AppVerse/Elevate/node_modules/react-native-gesture-handler/android/src/main/java/com/swmansion/gesturehandler/core/LongPressGestureHandler.kt:51:18 Unresolved reference: until
e: file:///Users/wilson.shakya/Documents/GitHub/AppVerse/Elevate/node_modules/react-native-gesture-handler/android/src/main/java/com/swmansion/gesturehandler/core/LongPressGestureHandler.kt:51:55 Unresolved reference: it
e: file:///Users/wilson.shakya/Documents/GitHub/AppVerse/Elevate/node_modules/react-native-gesture-handler/android/src/main/java/com/swmansion/gesturehandler/core/LongPressGestureHandler.kt:53:14 Class 'kotlin.Pair' was compiled with an incompatible version of Kotlin. The actual metadata version is 2.1.0, but the compiler version 1.9.0 can read versions up to 2.0.0.
The class is loaded from /Users/wilson.shakya/.gradle/caches/modules-2/files-2.1/org.jetbrains.kotlin/kotlin-stdlib/2.1.0/85f8b81009cda5890e54ba67d64b5e599c645020/kotlin-stdlib-2.1.0.jar!/kotlin/Pair.class
e: file:///Users/wilson.shakya/Documents/GitHub/AppVerse/Elevate/node_modules/react-native-gesture-handler/android/src/main/java/com/swmansion/gesturehandler/core/LongPressGestureHandler.kt:59:17 Unresolved reference: until
e: file:///Users/wilson.shakya/Documents/GitHub/AppVerse/Elevate/node_modules/react-native-gesture-handler/android/src/main/java/com/swmansion/gesturehandler/core/LongPressGestureHandler.kt:71:12 Class 'kotlin.Pair' was compiled with an incompatible version of Kotlin. The actual metadata version is 2.1.0, but the compiler version 1.9.0 can read versions up to 2.0.0.
The class is loaded from /Users/wilson.shakya/.gradle/caches/modules-2/files-2.1/org.jetbrains.kotlin/kotlin-stdlib/2.1.0/85f8b81009cda5890e54ba67d64b5e599c645020/kotlin-stdlib-2.1.0.jar!/kotlin/Pair.class
e: file:///Users/wilson.shakya/Documents/GitHub/AppVerse/Elevate/node_modules/react-native-gesture-handler/android/src/main/java/com/swmansion/gesturehandler/core/LongPressGestureHandler.kt:80:7 Class 'kotlin.Unit' was compiled with an incompatible version of Kotlin. The actual metadata version is 2.1.0, but the compiler version 1.9.0 can read versions up to 2.0.0.
The class is loaded from /Users/wilson.shakya/.gradle/caches/modules-2/files-2.1/org.jetbrains.kotlin/kotlin-stdlib/2.1.0/85f8b81009cda5890e54ba67d64b5e599c645020/kotlin-stdlib-2.1.0.jar!/kotlin/Unit.class
e: file:///Users/wilson.shakya/Documents/GitHub/AppVerse/Elevate/node_modules/react-native-gesture-handler/android/src/main/java/com/swmansion/gesturehandler/core/LongPressGestureHandler.kt:81:7 Class 'kotlin.Unit' was compiled with an incompatible version of Kotlin. The actual metadata version is 2.1.0, but the compiler version 1.9.0 can read versions up to 2.0.0.
The class is loaded from /Users/wilson.shakya/.gradle/caches/modules-2/files-2.1/org.jetbrains.kotlin/kotlin-stdlib/2.1.0/85f8b81009cda5890e54ba67d64b5e599c645020/kotlin-stdlib-2.1.0.jar!/kotlin/Unit.class
e: file:///Users/wilson.shakya/Documents/GitHub/AppVerse/Elevate/node_modules/react-native-gesture-handler/android/src/main/java/com/swmansion/gesturehandler/core/LongPressGestureHandler.kt:82:7 Class 'kotlin.Unit' was compiled with an incompatible version of Kotlin. The actual metadata version is 2.1.0, but the compiler version 1.9.0 can read versions up to 2.0.0.
The class is loaded from /Users/wilson.shakya/.gradle/caches/modules-2/files-2.1/org.jetbrains.kotlin/kotlin-stdlib/2.1.0/85f8b81009cda5890e54ba67d64b5e599c645020/kotlin-stdlib-2.1.0.jar!/kotlin/Unit.class
e: file:///Users/wilson.shakya/Documents/GitHub/AppVerse/Elevate/node_modules/react-native-gesture-handler/android/src/main/java/com/swmansion/gesturehandler/core/LongPressGestureHandler.kt:84:20 Class 'kotlin.Pair' was compiled with an incompatible version of Kotlin. The actual metadata version is 2.1.0, but the compiler version 1.9.0 can read versions up to 2.0.0.
The class is loaded from /Users/wilson.shakya/.gradle/caches/modules-2/files-2.1/org.jetbrains.kotlin/kotlin-stdlib/2.1.0/85f8b81009cda5890e54ba67d64b5e599c645020/kotlin-stdlib-2.1.0.jar!/kotlin/Pair.class
e: file:///Users/wilson.shakya/Documents/GitHub/AppVerse/Elevate/node_modules/react-native-gesture-handler/android/src/main/java/com/swmansion/gesturehandler/core/LongPressGestureHandler.kt:85:7 Class 'kotlin.Unit' was compiled with an incompatible version of Kotlin. The actual metadata version is 2.1.0, but the compiler version 1.9.0 can read versions up to 2.0.0.
The class is loaded from /Users/wilson.shakya/.gradle/caches/modules-2/files-2.1/org.jetbrains.kotlin/kotlin-stdlib/2.1.0/85f8b81009cda5890e54ba67d64b5e599c645020/kotlin-stdlib-2.1.0.jar!/kotlin/Unit.class
e: file:///Users/wilson.shakya/Documents/GitHub/AppVerse/Elevate/node_modules/react-native-gesture-handler/android/src/main/java/com/swmansion/gesturehandler/core/LongPressGestureHandler.kt:86:7 Class 'kotlin.Unit' was compiled with an incompatible version of Kotlin. The actual metadata version is 2.1.0, but the compiler version 1.9.0 can read versions up to 2.0.0.
The class is loaded from /Users/wilson.shakya/.gradle/caches/modules-2/files-2.1/org.jetbrains.kotlin/kotlin-stdlib/2.1.0/85f8b81009cda5890e54ba67d64b5e599c645020/kotlin-stdlib-2.1.0.jar!/kotlin/Unit.class
e: file:///Users/wilson.shakya/Documents/GitHub/AppVerse/Elevate/node_modules/react-native-gesture-handler/android/src/main/java/com/swmansion/gesturehandler/core/LongPressGestureHandler.kt:88:7 Class 'kotlin.Unit' was compiled with an incompatible version of Kotlin. The actual metadata version is 2.1.0, but the compiler version 1.9.0 can read versions up to 2.0.0.
The class is loaded from /Users/wilson.shakya/.gradle/caches/modules-2/files-2.1/org.jetbrains.kotlin/kotlin-stdlib/2.1.0/85f8b81009cda5890e54ba67d64b5e599c645020/kotlin-stdlib-2.1.0.jar!/kotlin/Unit.class
e: file:///Users/wilson.shakya/Documents/GitHub/AppVerse/Elevate/node_modules/react-native-gesture-handler/android/src/main/java/com/swmansion/gesturehandler/core/LongPressGestureHandler.kt:92:7 Class 'kotlin.Unit' was compiled with an incompatible version of Kotlin. The actual metadata version is 2.1.0, but the compiler version 1.9.0 can read versions up to 2.0.0.
The class is loaded from /Users/wilson.shakya/.gradle/caches/modules-2/files-2.1/org.jetbrains.kotlin/kotlin-stdlib/2.1.0/85f8b81009cda5890e54ba67d64b5e599c645020/kotlin-stdlib-2.1.0.jar!/kotlin/Unit.class
e: file:///Users/wilson.shakya/Documents/GitHub/AppVerse/Elevate/node_modules/react-native-gesture-handler/android/src/main/java/com/swmansion/gesturehandler/core/LongPressGestureHandler.kt:94:20 Class 'kotlin.Pair' was compiled with an incompatible version of Kotlin. The actual metadata version is 2.1.0, but the compiler version 1.9.0 can read versions up to 2.0.0.
The class is loaded from /Users/wilson.shakya/.gradle/caches/modules-2/files-2.1/org.jetbrains.kotlin/kotlin-stdlib/2.1.0/85f8b81009cda5890e54ba67d64b5e599c645020/kotlin-stdlib-2.1.0.jar!/kotlin/Pair.class
e: file:///Users/wilson.shakya/Documents/GitHub/AppVerse/Elevate/node_modules/react-native-gesture-handler/android/src/main/java/com/swmansion/gesturehandler/core/LongPressGestureHandler.kt:95:7 Class 'kotlin.Unit' was compiled with an incompatible version of Kotlin. The actual metadata version is 2.1.0, but the compiler version 1.9.0 can read versions up to 2.0.0.
The class is loaded from /Users/wilson.shakya/.gradle/caches/modules-2/files-2.1/org.jetbrains.kotlin/kotlin-stdlib/2.1.0/85f8b81009cda5890e54ba67d64b5e599c645020/kotlin-stdlib-2.1.0.jar!/kotlin/Unit.class
e: file:///Users/wilson.shakya/Documents/GitHub/AppVerse/Elevate/node_modules/react-native-gesture-handler/android/src/main/java/com/swmansion/gesturehandler/core/LongPressGestureHandler.kt:96:7 Class 'kotlin.Unit' was compiled with an incompatible version of Kotlin. The actual metadata version is 2.1.0, but the compiler version 1.9.0 can read versions up to 2.0.0.
The class is loaded from /Users/wilson.shakya/.gradle/caches/modules-2/files-2.1/org.jetbrains.kotlin/kotlin-stdlib/2.1.0/85f8b81009cda5890e54ba67d64b5e599c645020/kotlin-stdlib-2.1.0.jar!/kotlin/Unit.class
e: file:///Users/wilson.shakya/Documents/GitHub/AppVerse/Elevate/node_modules/react-native-gesture-handler/android/src/main/java/com/swmansion/gesturehandler/core/LongPressGestureHandler.kt:99:9 Class 'kotlin.Unit' was compiled with an incompatible version of Kotlin. The actual metadata version is 2.1.0, but the compiler version 1.9.0 can read versions up to 2.0.0.
The class is loaded from /Users/wilson.shakya/.gradle/caches/modules-2/files-2.1/org.jetbrains.kotlin/kotlin-stdlib/2.1.0/85f8b81009cda5890e54ba67d64b5e599c645020/kotlin-stdlib-2.1.0.jar!/kotlin/Unit.class
e: file:///Users/wilson.shakya/Documents/GitHub/AppVerse/Elevate/node_modules/react-native-gesture-handler/android/src/main/java/com/swmansion/gesturehandler/core/LongPressGestureHandler.kt:100:9 Class 'kotlin.Unit' was compiled with an incompatible version of Kotlin. The actual metadata version is 2.1.0, but the compiler version 1.9.0 can read versions up to 2.0.0.
The class is loaded from /Users/wilson.shakya/.gradle/caches/modules-2/files-2.1/org.jetbrains.kotlin/kotlin-stdlib/2.1.0/85f8b81009cda5890e54ba67d64b5e599c645020/kotlin-stdlib-2.1.0.jar!/kotlin/Unit.class
e: file:///Users/wilson.shakya/Documents/GitHub/AppVerse/Elevate/node_modules/react-native-gesture-handler/android/src/main/java/com/swmansion/gesturehandler/core/LongPressGestureHandler.kt:105:7 Class 'kotlin.Unit' was compiled with an incompatible version of Kotlin. The actual metadata version is 2.1.0, but the compiler version 1.9.0 can read versions up to 2.0.0.
The class is loaded from /Users/wilson.shakya/.gradle/caches/modules-2/files-2.1/org.jetbrains.kotlin/kotlin-stdlib/2.1.0/85f8b81009cda5890e54ba67d64b5e599c645020/kotlin-stdlib-2.1.0.jar!/kotlin/Unit.class
e: file:///Users/wilson.shakya/Documents/GitHub/AppVerse/Elevate/node_modules/react-native-gesture-handler/android/src/main/java/com/swmansion/gesturehandler/core/LongPressGestureHandler.kt:107:33 Class 'kotlin.Unit' was compiled with an incompatible version of Kotlin. The actual metadata version is 2.1.0, but the compiler version 1.9.0 can read versions up to 2.0.0.
The class is loaded from /Users/wilson.shakya/.gradle/caches/modules-2/files-2.1/org.jetbrains.kotlin/kotlin-stdlib/2.1.0/85f8b81009cda5890e54ba67d64b5e599c645020/kotlin-stdlib-2.1.0.jar!/kotlin/Unit.class
e: file:///Users/wilson.shakya/Documents/GitHub/AppVerse/Elevate/node_modules/react-native-gesture-handler/android/src/main/java/com/swmansion/gesturehandler/core/LongPressGestureHandler.kt:109:9 Class 'kotlin.Unit' was compiled with an incompatible version of Kotlin. The actual metadata version is 2.1.0, but the compiler version 1.9.0 can read versions up to 2.0.0.
The class is loaded from /Users/wilson.shakya/.gradle/caches/modules-2/files-2.1/org.jetbrains.kotlin/kotlin-stdlib/2.1.0/85f8b81009cda5890e54ba67d64b5e599c645020/kotlin-stdlib-2.1.0.jar!/kotlin/Unit.class
e: file:///Users/wilson.shakya/Documents/GitHub/AppVerse/Elevate/node_modules/react-native-gesture-handler/android/src/main/java/com/swmansion/gesturehandler/core/LongPressGestureHandler.kt:112:5 Class 'kotlin.Unit' was compiled with an incompatible version of Kotlin. The actual metadata version is 2.1.0, but the compiler version 1.9.0 can read versions up to 2.0.0.
The class is loaded from /Users/wilson.shakya/.gradle/caches/modules-2/files-2.1/org.jetbrains.kotlin/kotlin-stdlib/2.1.0/85f8b81009cda5890e54ba67d64b5e599c645020/kotlin-stdlib-2.1.0.jar!/kotlin/Unit.class
e: file:///Users/wilson.shakya/Documents/GitHub/AppVerse/Elevate/node_modules/react-native-gesture-handler/android/src/main/java/com/swmansion/gesturehandler/core/LongPressGestureHandler.kt:113:7 Class 'kotlin.Unit' was compiled with an incompatible version of Kotlin. The actual metadata version is 2.1.0, but the compiler version 1.9.0 can read versions up to 2.0.0.
The class is loaded from /Users/wilson.shakya/.gradle/caches/modules-2/files-2.1/org.jetbrains.kotlin/kotlin-stdlib/2.1.0/85f8b81009cda5890e54ba67d64b5e599c645020/kotlin-stdlib-2.1.0.jar!/kotlin/Unit.class
e: file:///Users/wilson.shakya/Documents/GitHub/AppVerse/Elevate/node_modules/react-native-gesture-handler/android/src/main/java/com/swmansion/gesturehandler/core/LongPressGestureHandler.kt:115:16 Unresolved reference: let
e: file:///Users/wilson.shakya/Documents/GitHub/AppVerse/Elevate/node_modules/react-native-gesture-handler/android/src/main/java/com/swmansion/gesturehandler/core/LongPressGestureHandler.kt:116:9 Unresolved reference: it
e: file:///Users/wilson.shakya/Documents/GitHub/AppVerse/Elevate/node_modules/react-native-gesture-handler/android/src/main/java/com/swmansion/gesturehandler/core/LongPressGestureHandler.kt:117:9 Class 'kotlin.Unit' was compiled with an incompatible version of Kotlin. The actual metadata version is 2.1.0, but the compiler version 1.9.0 can read versions up to 2.0.0.
The class is loaded from /Users/wilson.shakya/.gradle/caches/modules-2/files-2.1/org.jetbrains.kotlin/kotlin-stdlib/2.1.0/85f8b81009cda5890e54ba67d64b5e599c645020/kotlin-stdlib-2.1.0.jar!/kotlin/Unit.class
e: file:///Users/wilson.shakya/Documents/GitHub/AppVerse/Elevate/node_modules/react-native-gesture-handler/android/src/main/java/com/swmansion/gesturehandler/core/LongPressGestureHandler.kt:120:7 Class 'kotlin.Unit' was compiled with an incompatible version of Kotlin. The actual metadata version is 2.1.0, but the compiler version 1.9.0 can read versions up to 2.0.0.
The class is loaded from /Users/wilson.shakya/.gradle/caches/modules-2/files-2.1/org.jetbrains.kotlin/kotlin-stdlib/2.1.0/85f8b81009cda5890e54ba67d64b5e599c645020/kotlin-stdlib-2.1.0.jar!/kotlin/Unit.class
e: file:///Users/wilson.shakya/Documents/GitHub/AppVerse/Elevate/node_modules/react-native-gesture-handler/android/src/main/java/com/swmansion/gesturehandler/core/LongPressGestureHandler.kt:121:9 Class 'kotlin.Unit' was compiled with an incompatible version of Kotlin. The actual metadata version is 2.1.0, but the compiler version 1.9.0 can read versions up to 2.0.0.
The class is loaded from /Users/wilson.shakya/.gradle/caches/modules-2/files-2.1/org.jetbrains.kotlin/kotlin-stdlib/2.1.0/85f8b81009cda5890e54ba67d64b5e599c645020/kotlin-stdlib-2.1.0.jar!/kotlin/Unit.class
e: file:///Users/wilson.shakya/Documents/GitHub/AppVerse/Elevate/node_modules/react-native-gesture-handler/android/src/main/java/com/swmansion/gesturehandler/core/LongPressGestureHandler.kt:123:9 Class 'kotlin.Unit' was compiled with an incompatible version of Kotlin. The actual metadata version is 2.1.0, but the compiler version 1.9.0 can read versions up to 2.0.0.
The class is loaded from /Users/wilson.shakya/.gradle/caches/modules-2/files-2.1/org.jetbrains.kotlin/kotlin-stdlib/2.1.0/85f8b81009cda5890e54ba67d64b5e599c645020/kotlin-stdlib-2.1.0.jar!/kotlin/Unit.class
e: file:///Users/wilson.shakya/Documents/GitHub/AppVerse/Elevate/node_modules/react-native-gesture-handler/android/src/main/java/com/swmansion/gesturehandler/core/LongPressGestureHandler.kt:125:12 Class 'kotlin.Unit' was compiled with an incompatible version of Kotlin. The actual metadata version is 2.1.0, but the compiler version 1.9.0 can read versions up to 2.0.0.
The class is loaded from /Users/wilson.shakya/.gradle/caches/modules-2/files-2.1/org.jetbrains.kotlin/kotlin-stdlib/2.1.0/85f8b81009cda5890e54ba67d64b5e599c645020/kotlin-stdlib-2.1.0.jar!/kotlin/Unit.class
e: file:///Users/wilson.shakya/Documents/GitHub/AppVerse/Elevate/node_modules/react-native-gesture-handler/android/src/main/java/com/swmansion/gesturehandler/core/LongPressGestureHandler.kt:126:7 Class 'kotlin.Unit' was compiled with an incompatible version of Kotlin. The actual metadata version is 2.1.0, but the compiler version 1.9.0 can read versions up to 2.0.0.
The class is loaded from /Users/wilson.shakya/.gradle/caches/modules-2/files-2.1/org.jetbrains.kotlin/kotlin-stdlib/2.1.0/85f8b81009cda5890e54ba67d64b5e599c645020/kotlin-stdlib-2.1.0.jar!/kotlin/Unit.class
e: file:///Users/wilson.shakya/Documents/GitHub/AppVerse/Elevate/node_modules/react-native-gesture-handler/android/src/main/java/com/swmansion/gesturehandler/core/LongPressGestureHandler.kt:128:7 Class 'kotlin.Unit' was compiled with an incompatible version of Kotlin. The actual metadata version is 2.1.0, but the compiler version 1.9.0 can read versions up to 2.0.0.
The class is loaded from /Users/wilson.shakya/.gradle/caches/modules-2/files-2.1/org.jetbrains.kotlin/kotlin-stdlib/2.1.0/85f8b81009cda5890e54ba67d64b5e599c645020/kotlin-stdlib-2.1.0.jar!/kotlin/Unit.class
e: file:///Users/wilson.shakya/Documents/GitHub/AppVerse/Elevate/node_modules/react-native-gesture-handler/android/src/main/java/com/swmansion/gesturehandler/core/LongPressGestureHandler.kt:129:9 Class 'kotlin.Unit' was compiled with an incompatible version of Kotlin. The actual metadata version is 2.1.0, but the compiler version 1.9.0 can read versions up to 2.0.0.
The class is loaded from /Users/wilson.shakya/.gradle/caches/modules-2/files-2.1/org.jetbrains.kotlin/kotlin-stdlib/2.1.0/85f8b81009cda5890e54ba67d64b5e599c645020/kotlin-stdlib-2.1.0.jar!/kotlin/Unit.class
e: file:///Users/wilson.shakya/Documents/GitHub/AppVerse/Elevate/node_modules/react-native-gesture-handler/android/src/main/java/com/swmansion/gesturehandler/core/LongPressGestureHandler.kt:130:9 Class 'kotlin.Unit' was compiled with an incompatible version of Kotlin. The actual metadata version is 2.1.0, but the compiler version 1.9.0 can read versions up to 2.0.0.
The class is loaded from /Users/wilson.shakya/.gradle/caches/modules-2/files-2.1/org.jetbrains.kotlin/kotlin-stdlib/2.1.0/85f8b81009cda5890e54ba67d64b5e599c645020/kotlin-stdlib-2.1.0.jar!/kotlin/Unit.class
e: file:///Users/wilson.shakya/Documents/GitHub/AppVerse/Elevate/node_modules/react-native-gesture-handler/android/src/main/java/com/swmansion/gesturehandler/core/LongPressGestureHandler.kt:132:22 Class 'kotlin.Pair' was compiled with an incompatible version of Kotlin. The actual metadata version is 2.1.0, but the compiler version 1.9.0 can read versions up to 2.0.0.
The class is loaded from /Users/wilson.shakya/.gradle/caches/modules-2/files-2.1/org.jetbrains.kotlin/kotlin-stdlib/2.1.0/85f8b81009cda5890e54ba67d64b5e599c645020/kotlin-stdlib-2.1.0.jar!/kotlin/Pair.class
e: file:///Users/wilson.shakya/Documents/GitHub/AppVerse/Elevate/node_modules/react-native-gesture-handler/android/src/main/java/com/swmansion/gesturehandler/core/LongPressGestureHandler.kt:133:9 Class 'kotlin.Unit' was compiled with an incompatible version of Kotlin. The actual metadata version is 2.1.0, but the compiler version 1.9.0 can read versions up to 2.0.0.
The class is loaded from /Users/wilson.shakya/.gradle/caches/modules-2/files-2.1/org.jetbrains.kotlin/kotlin-stdlib/2.1.0/85f8b81009cda5890e54ba67d64b5e599c645020/kotlin-stdlib-2.1.0.jar!/kotlin/Unit.class
e: file:///Users/wilson.shakya/Documents/GitHub/AppVerse/Elevate/node_modules/react-native-gesture-handler/android/src/main/java/com/swmansion/gesturehandler/core/LongPressGestureHandler.kt:134:9 Class 'kotlin.Unit' was compiled with an incompatible version of Kotlin. The actual metadata version is 2.1.0, but the compiler version 1.9.0 can read versions up to 2.0.0.
The class is loaded from /Users/wilson.shakya/.gradle/caches/modules-2/files-2.1/org.jetbrains.kotlin/kotlin-stdlib/2.1.0/85f8b81009cda5890e54ba67d64b5e599c645020/kotlin-stdlib-2.1.0.jar!/kotlin/Unit.class
e: file:///Users/wilson.shakya/Documents/GitHub/AppVerse/Elevate/node_modules/react-native-gesture-handler/android/src/main/java/com/swmansion/gesturehandler/core/LongPressGestureHandler.kt:138:20 Class 'kotlin.Pair' was compiled with an incompatible version of Kotlin. The actual metadata version is 2.1.0, but the compiler version 1.9.0 can read versions up to 2.0.0.
The class is loaded from /Users/wilson.shakya/.gradle/caches/modules-2/files-2.1/org.jetbrains.kotlin/kotlin-stdlib/2.1.0/85f8b81009cda5890e54ba67d64b5e599c645020/kotlin-stdlib-2.1.0.jar!/kotlin/Pair.class
e: file:///Users/wilson.shakya/Documents/GitHub/AppVerse/Elevate/node_modules/react-native-gesture-handler/android/src/main/java/com/swmansion/gesturehandler/core/LongPressGestureHandler.kt:145:9 Class 'kotlin.Unit' was compiled with an incompatible version of Kotlin. The actual metadata version is 2.1.0, but the compiler version 1.9.0 can read versions up to 2.0.0.
The class is loaded from /Users/wilson.shakya/.gradle/caches/modules-2/files-2.1/org.jetbrains.kotlin/kotlin-stdlib/2.1.0/85f8b81009cda5890e54ba67d64b5e599c645020/kotlin-stdlib-2.1.0.jar!/kotlin/Unit.class
e: file:///Users/wilson.shakya/Documents/GitHub/AppVerse/Elevate/node_modules/react-native-gesture-handler/android/src/main/java/com/swmansion/gesturehandler/core/LongPressGestureHandler.kt:146:11 Class 'kotlin.Unit' was compiled with an incompatible version of Kotlin. The actual metadata version is 2.1.0, but the compiler version 1.9.0 can read versions up to 2.0.0.
The class is loaded from /Users/wilson.shakya/.gradle/caches/modules-2/files-2.1/org.jetbrains.kotlin/kotlin-stdlib/2.1.0/85f8b81009cda5890e54ba67d64b5e599c645020/kotlin-stdlib-2.1.0.jar!/kotlin/Unit.class
e: file:///Users/wilson.shakya/Documents/GitHub/AppVerse/Elevate/node_modules/react-native-gesture-handler/android/src/main/java/com/swmansion/gesturehandler/core/LongPressGestureHandler.kt:148:11 Class 'kotlin.Unit' was compiled with an incompatible version of Kotlin. The actual metadata version is 2.1.0, but the compiler version 1.9.0 can read versions up to 2.0.0.
The class is loaded from /Users/wilson.shakya/.gradle/caches/modules-2/files-2.1/org.jetbrains.kotlin/kotlin-stdlib/2.1.0/85f8b81009cda5890e54ba67d64b5e599c645020/kotlin-stdlib-2.1.0.jar!/kotlin/Unit.class
e: file:///Users/wilson.shakya/Documents/GitHub/AppVerse/Elevate/node_modules/react-native-gesture-handler/android/src/main/java/com/swmansion/gesturehandler/core/LongPressGestureHandler.kt:155:14 Unresolved reference: let
e: file:///Users/wilson.shakya/Documents/GitHub/AppVerse/Elevate/node_modules/react-native-gesture-handler/android/src/main/java/com/swmansion/gesturehandler/core/LongPressGestureHandler.kt:156:7 Unresolved reference: it
e: file:///Users/wilson.shakya/Documents/GitHub/AppVerse/Elevate/node_modules/react-native-gesture-handler/android/src/main/java/com/swmansion/gesturehandler/core/LongPressGestureHandler.kt:157:7 Class 'kotlin.Unit' was compiled with an incompatible version of Kotlin. The actual metadata version is 2.1.0, but the compiler version 1.9.0 can read versions up to 2.0.0.
The class is loaded from /Users/wilson.shakya/.gradle/caches/modules-2/files-2.1/org.jetbrains.kotlin/kotlin-stdlib/2.1.0/85f8b81009cda5890e54ba67d64b5e599c645020/kotlin-stdlib-2.1.0.jar!/kotlin/Unit.class
e: file:///Users/wilson.shakya/Documents/GitHub/AppVerse/Elevate/node_modules/react-native-gesture-handler/android/src/main/java/com/swmansion/gesturehandler/core/LongPressGestureHandler.kt:162:5 Class 'kotlin.Unit' was compiled with an incompatible version of Kotlin. The actual metadata version is 2.1.0, but the compiler version 1.9.0 can read versions up to 2.0.0.
The class is loaded from /Users/wilson.shakya/.gradle/caches/modules-2/files-2.1/org.jetbrains.kotlin/kotlin-stdlib/2.1.0/85f8b81009cda5890e54ba67d64b5e599c645020/kotlin-stdlib-2.1.0.jar!/kotlin/Unit.class
e: file:///Users/wilson.shakya/Documents/GitHub/AppVerse/Elevate/node_modules/react-native-gesture-handler/android/src/main/java/com/swmansion/gesturehandler/core/LongPressGestureHandler.kt:163:11 Class 'kotlin.Unit' was compiled with an incompatible version of Kotlin. The actual metadata version is 2.1.0, but the compiler version 1.9.0 can read versions up to 2.0.0.
The class is loaded from /Users/wilson.shakya/.gradle/caches/modules-2/files-2.1/org.jetbrains.kotlin/kotlin-stdlib/2.1.0/85f8b81009cda5890e54ba67d64b5e599c645020/kotlin-stdlib-2.1.0.jar!/kotlin/Unit.class
e: file:///Users/wilson.shakya/Documents/GitHub/AppVerse/Elevate/node_modules/react-native-gesture-handler/android/src/main/java/com/swmansion/gesturehandler/core/LongPressGestureHandler.kt:167:5 Class 'kotlin.Unit' was compiled with an incompatible version of Kotlin. The actual metadata version is 2.1.0, but the compiler version 1.9.0 can read versions up to 2.0.0.
The class is loaded from /Users/wilson.shakya/.gradle/caches/modules-2/files-2.1/org.jetbrains.kotlin/kotlin-stdlib/2.1.0/85f8b81009cda5890e54ba67d64b5e599c645020/kotlin-stdlib-2.1.0.jar!/kotlin/Unit.class
e: file:///Users/wilson.shakya/Documents/GitHub/AppVerse/Elevate/node_modules/react-native-gesture-handler/android/src/main/java/com/swmansion/gesturehandler/core/LongPressGestureHandler.kt:168:11 Class 'kotlin.Unit' was compiled with an incompatible version of Kotlin. The actual metadata version is 2.1.0, but the compiler version 1.9.0 can read versions up to 2.0.0.
The class is loaded from /Users/wilson.shakya/.gradle/caches/modules-2/files-2.1/org.jetbrains.kotlin/kotlin-stdlib/2.1.0/85f8b81009cda5890e54ba67d64b5e599c645020/kotlin-stdlib-2.1.0.jar!/kotlin/Unit.class
e: file:///Users/wilson.shakya/Documents/GitHub/AppVerse/Elevate/node_modules/react-native-gesture-handler/android/src/main/java/com/swmansion/gesturehandler/core/LongPressGestureHandler.kt:172:11 Class 'kotlin.Unit' was compiled with an incompatible version of Kotlin. The actual metadata version is 2.1.0, but the compiler version 1.9.0 can read versions up to 2.0.0.
The class is loaded from /Users/wilson.shakya/.gradle/caches/modules-2/files-2.1/org.jetbrains.kotlin/kotlin-stdlib/2.1.0/85f8b81009cda5890e54ba67d64b5e599c645020/kotlin-stdlib-2.1.0.jar!/kotlin/Unit.class
e: file:///Users/wilson.shakya/Documents/GitHub/AppVerse/Elevate/node_modules/react-native-gesture-handler/android/src/main/java/com/swmansion/gesturehandler/core/LongPressGestureHandler.kt:173:5 Class 'kotlin.Unit' was compiled with an incompatible version of Kotlin. The actual metadata version is 2.1.0, but the compiler version 1.9.0 can read versions up to 2.0.0.
The class is loaded from /Users/wilson.shakya/.gradle/caches/modules-2/files-2.1/org.jetbrains.kotlin/kotlin-stdlib/2.1.0/85f8b81009cda5890e54ba67d64b5e599c645020/kotlin-stdlib-2.1.0.jar!/kotlin/Unit.class
e: file:///Users/wilson.shakya/Documents/GitHub/AppVerse/Elevate/node_modules/react-native-gesture-handler/android/src/main/java/com/swmansion/gesturehandler/core/NativeViewGestureHandler.kt:30:11 Class 'kotlin.Unit' was compiled with an incompatible version of Kotlin. The actual metadata version is 2.1.0, but the compiler version 1.9.0 can read versions up to 2.0.0.
The class is loaded from /Users/wilson.shakya/.gradle/caches/modules-2/files-2.1/org.jetbrains.kotlin/kotlin-stdlib/2.1.0/85f8b81009cda5890e54ba67d64b5e599c645020/kotlin-stdlib-2.1.0.jar!/kotlin/Unit.class
e: file:///Users/wilson.shakya/Documents/GitHub/AppVerse/Elevate/node_modules/react-native-gesture-handler/android/src/main/java/com/swmansion/gesturehandler/core/NativeViewGestureHandler.kt:31:5 Class 'kotlin.Unit' was compiled with an incompatible version of Kotlin. The actual metadata version is 2.1.0, but the compiler version 1.9.0 can read versions up to 2.0.0.
The class is loaded from /Users/wilson.shakya/.gradle/caches/modules-2/files-2.1/org.jetbrains.kotlin/kotlin-stdlib/2.1.0/85f8b81009cda5890e54ba67d64b5e599c645020/kotlin-stdlib-2.1.0.jar!/kotlin/Unit.class
e: file:///Users/wilson.shakya/Documents/GitHub/AppVerse/Elevate/node_modules/react-native-gesture-handler/android/src/main/java/com/swmansion/gesturehandler/core/NativeViewGestureHandler.kt:32:5 Class 'kotlin.Unit' was compiled with an incompatible version of Kotlin. The actual metadata version is 2.1.0, but the compiler version 1.9.0 can read versions up to 2.0.0.
The class is loaded from /Users/wilson.shakya/.gradle/caches/modules-2/files-2.1/org.jetbrains.kotlin/kotlin-stdlib/2.1.0/85f8b81009cda5890e54ba67d64b5e599c645020/kotlin-stdlib-2.1.0.jar!/kotlin/Unit.class
e: file:///Users/wilson.shakya/Documents/GitHub/AppVerse/Elevate/node_modules/react-native-gesture-handler/android/src/main/java/com/swmansion/gesturehandler/core/NativeViewGestureHandler.kt:35:66 Unresolved reference: apply
e: file:///Users/wilson.shakya/Documents/GitHub/AppVerse/Elevate/node_modules/react-native-gesture-handler/android/src/main/java/com/swmansion/gesturehandler/core/NativeViewGestureHandler.kt:36:10 Class 'kotlin.Unit' was compiled with an incompatible version of Kotlin. The actual metadata version is 2.1.0, but the compiler version 1.9.0 can read versions up to 2.0.0.
The class is loaded from /Users/wilson.shakya/.gradle/caches/modules-2/files-2.1/org.jetbrains.kotlin/kotlin-stdlib/2.1.0/85f8b81009cda5890e54ba67d64b5e599c645020/kotlin-stdlib-2.1.0.jar!/kotlin/Unit.class
e: file:///Users/wilson.shakya/Documents/GitHub/AppVerse/Elevate/node_modules/react-native-gesture-handler/android/src/main/java/com/swmansion/gesturehandler/core/NativeViewGestureHandler.kt:44:64 Unresolved reference: apply
e: file:///Users/wilson.shakya/Documents/GitHub/AppVerse/Elevate/node_modules/react-native-gesture-handler/android/src/main/java/com/swmansion/gesturehandler/core/NativeViewGestureHandler.kt:45:10 Class 'kotlin.Unit' was compiled with an incompatible version of Kotlin. The actual metadata version is 2.1.0, but the compiler version 1.9.0 can read versions up to 2.0.0.
The class is loaded from /Users/wilson.shakya/.gradle/caches/modules-2/files-2.1/org.jetbrains.kotlin/kotlin-stdlib/2.1.0/85f8b81009cda5890e54ba67d64b5e599c645020/kotlin-stdlib-2.1.0.jar!/kotlin/Unit.class
e: file:///Users/wilson.shakya/Documents/GitHub/AppVerse/Elevate/node_modules/react-native-gesture-handler/android/src/main/java/com/swmansion/gesturehandler/core/NativeViewGestureHandler.kt:50:50 Unresolved reference: let
e: file:///Users/wilson.shakya/Documents/GitHub/AppVerse/Elevate/node_modules/react-native-gesture-handler/android/src/main/java/com/swmansion/gesturehandler/core/NativeViewGestureHandler.kt:51:7 'return' is not allowed here
e: file:///Users/wilson.shakya/Documents/GitHub/AppVerse/Elevate/node_modules/react-native-gesture-handler/android/src/main/java/com/swmansion/gesturehandler/core/NativeViewGestureHandler.kt:51:44 Unresolved reference: it
e: file:///Users/wilson.shakya/Documents/GitHub/AppVerse/Elevate/node_modules/react-native-gesture-handler/android/src/main/java/com/swmansion/gesturehandler/core/NativeViewGestureHandler.kt:84:11 Class 'kotlin.Unit' was compiled with an incompatible version of Kotlin. The actual metadata version is 2.1.0, but the compiler version 1.9.0 can read versions up to 2.0.0.
The class is loaded from /Users/wilson.shakya/.gradle/caches/modules-2/files-2.1/org.jetbrains.kotlin/kotlin-stdlib/2.1.0/85f8b81009cda5890e54ba67d64b5e599c645020/kotlin-stdlib-2.1.0.jar!/kotlin/Unit.class
e: file:///Users/wilson.shakya/Documents/GitHub/AppVerse/Elevate/node_modules/react-native-gesture-handler/android/src/main/java/com/swmansion/gesturehandler/core/NativeViewGestureHandler.kt:85:47 Class 'kotlin.Unit' was compiled with an incompatible version of Kotlin. The actual metadata version is 2.1.0, but the compiler version 1.9.0 can read versions up to 2.0.0.
The class is loaded from /Users/wilson.shakya/.gradle/caches/modules-2/files-2.1/org.jetbrains.kotlin/kotlin-stdlib/2.1.0/85f8b81009cda5890e54ba67d64b5e599c645020/kotlin-stdlib-2.1.0.jar!/kotlin/Unit.class
e: file:///Users/wilson.shakya/Documents/GitHub/AppVerse/Elevate/node_modules/react-native-gesture-handler/android/src/main/java/com/swmansion/gesturehandler/core/NativeViewGestureHandler.kt:86:32 Class 'kotlin.Unit' was compiled with an incompatible version of Kotlin. The actual metadata version is 2.1.0, but the compiler version 1.9.0 can read versions up to 2.0.0.
The class is loaded from /Users/wilson.shakya/.gradle/caches/modules-2/files-2.1/org.jetbrains.kotlin/kotlin-stdlib/2.1.0/85f8b81009cda5890e54ba67d64b5e599c645020/kotlin-stdlib-2.1.0.jar!/kotlin/Unit.class
e: file:///Users/wilson.shakya/Documents/GitHub/AppVerse/Elevate/node_modules/react-native-gesture-handler/android/src/main/java/com/swmansion/gesturehandler/core/NativeViewGestureHandler.kt:87:42 Class 'kotlin.Unit' was compiled with an incompatible version of Kotlin. The actual metadata version is 2.1.0, but the compiler version 1.9.0 can read versions up to 2.0.0.
The class is loaded from /Users/wilson.shakya/.gradle/caches/modules-2/files-2.1/org.jetbrains.kotlin/kotlin-stdlib/2.1.0/85f8b81009cda5890e54ba67d64b5e599c645020/kotlin-stdlib-2.1.0.jar!/kotlin/Unit.class
e: file:///Users/wilson.shakya/Documents/GitHub/AppVerse/Elevate/node_modules/react-native-gesture-handler/android/src/main/java/com/swmansion/gesturehandler/core/NativeViewGestureHandler.kt:88:34 Class 'kotlin.Unit' was compiled with an incompatible version of Kotlin. The actual metadata version is 2.1.0, but the compiler version 1.9.0 can read versions up to 2.0.0.
The class is loaded from /Users/wilson.shakya/.gradle/caches/modules-2/files-2.1/org.jetbrains.kotlin/kotlin-stdlib/2.1.0/85f8b81009cda5890e54ba67d64b5e599c645020/kotlin-stdlib-2.1.0.jar!/kotlin/Unit.class
e: file:///Users/wilson.shakya/Documents/GitHub/AppVerse/Elevate/node_modules/react-native-gesture-handler/android/src/main/java/com/swmansion/gesturehandler/core/NativeViewGestureHandler.kt:89:44 Class 'kotlin.Unit' was compiled with an incompatible version of Kotlin. The actual metadata version is 2.1.0, but the compiler version 1.9.0 can read versions up to 2.0.0.
The class is loaded from /Users/wilson.shakya/.gradle/caches/modules-2/files-2.1/org.jetbrains.kotlin/kotlin-stdlib/2.1.0/85f8b81009cda5890e54ba67d64b5e599c645020/kotlin-stdlib-2.1.0.jar!/kotlin/Unit.class
e: file:///Users/wilson.shakya/Documents/GitHub/AppVerse/Elevate/node_modules/react-native-gesture-handler/android/src/main/java/com/swmansion/gesturehandler/core/NativeViewGestureHandler.kt:90:32 Class 'kotlin.Unit' was compiled with an incompatible version of Kotlin. The actual metadata version is 2.1.0, but the compiler version 1.9.0 can read versions up to 2.0.0.
The class is loaded from /Users/wilson.shakya/.gradle/caches/modules-2/files-2.1/org.jetbrains.kotlin/kotlin-stdlib/2.1.0/85f8b81009cda5890e54ba67d64b5e599c645020/kotlin-stdlib-2.1.0.jar!/kotlin/Unit.class
e: file:///Users/wilson.shakya/Documents/GitHub/AppVerse/Elevate/node_modules/react-native-gesture-handler/android/src/main/java/com/swmansion/gesturehandler/core/NativeViewGestureHandler.kt:91:33 Class 'kotlin.Unit' was compiled with an incompatible version of Kotlin. The actual metadata version is 2.1.0, but the compiler version 1.9.0 can read versions up to 2.0.0.
The class is loaded from /Users/wilson.shakya/.gradle/caches/modules-2/files-2.1/org.jetbrains.kotlin/kotlin-stdlib/2.1.0/85f8b81009cda5890e54ba67d64b5e599c645020/kotlin-stdlib-2.1.0.jar!/kotlin/Unit.class
e: file:///Users/wilson.shakya/Documents/GitHub/AppVerse/Elevate/node_modules/react-native-gesture-handler/android/src/main/java/com/swmansion/gesturehandler/core/NativeViewGestureHandler.kt:108:5 Class 'kotlin.Unit' was compiled with an incompatible version of Kotlin. The actual metadata version is 2.1.0, but the compiler version 1.9.0 can read versions up to 2.0.0.
The class is loaded from /Users/wilson.shakya/.gradle/caches/modules-2/files-2.1/org.jetbrains.kotlin/kotlin-stdlib/2.1.0/85f8b81009cda5890e54ba67d64b5e599c645020/kotlin-stdlib-2.1.0.jar!/kotlin/Unit.class
e: file:///Users/wilson.shakya/Documents/GitHub/AppVerse/Elevate/node_modules/react-native-gesture-handler/android/src/main/java/com/swmansion/gesturehandler/core/NativeViewGestureHandler.kt:109:7 Class 'kotlin.Unit' was compiled with an incompatible version of Kotlin. The actual metadata version is 2.1.0, but the compiler version 1.9.0 can read versions up to 2.0.0.
The class is loaded from /Users/wilson.shakya/.gradle/caches/modules-2/files-2.1/org.jetbrains.kotlin/kotlin-stdlib/2.1.0/85f8b81009cda5890e54ba67d64b5e599c645020/kotlin-stdlib-2.1.0.jar!/kotlin/Unit.class
e: file:///Users/wilson.shakya/Documents/GitHub/AppVerse/Elevate/node_modules/react-native-gesture-handler/android/src/main/java/com/swmansion/gesturehandler/core/NativeViewGestureHandler.kt:110:9 Class 'kotlin.Unit' was compiled with an incompatible version of Kotlin. The actual metadata version is 2.1.0, but the compiler version 1.9.0 can read versions up to 2.0.0.
The class is loaded from /Users/wilson.shakya/.gradle/caches/modules-2/files-2.1/org.jetbrains.kotlin/kotlin-stdlib/2.1.0/85f8b81009cda5890e54ba67d64b5e599c645020/kotlin-stdlib-2.1.0.jar!/kotlin/Unit.class
e: file:///Users/wilson.shakya/Documents/GitHub/AppVerse/Elevate/node_modules/react-native-gesture-handler/android/src/main/java/com/swmansion/gesturehandler/core/NativeViewGestureHandler.kt:115:11 Class 'kotlin.Unit' was compiled with an incompatible version of Kotlin. The actual metadata version is 2.1.0, but the compiler version 1.9.0 can read versions up to 2.0.0.
The class is loaded from /Users/wilson.shakya/.gradle/caches/modules-2/files-2.1/org.jetbrains.kotlin/kotlin-stdlib/2.1.0/85f8b81009cda5890e54ba67d64b5e599c645020/kotlin-stdlib-2.1.0.jar!/kotlin/Unit.class
e: file:///Users/wilson.shakya/Documents/GitHub/AppVerse/Elevate/node_modules/react-native-gesture-handler/android/src/main/java/com/swmansion/gesturehandler/core/NativeViewGestureHandler.kt:118:9 Class 'kotlin.Unit' was compiled with an incompatible version of Kotlin. The actual metadata version is 2.1.0, but the compiler version 1.9.0 can read versions up to 2.0.0.
The class is loaded from /Users/wilson.shakya/.gradle/caches/modules-2/files-2.1/org.jetbrains.kotlin/kotlin-stdlib/2.1.0/85f8b81009cda5890e54ba67d64b5e599c645020/kotlin-stdlib-2.1.0.jar!/kotlin/Unit.class
e: file:///Users/wilson.shakya/Documents/GitHub/AppVerse/Elevate/node_modules/react-native-gesture-handler/android/src/main/java/com/swmansion/gesturehandler/core/NativeViewGestureHandler.kt:119:11 Class 'kotlin.Unit' was compiled with an incompatible version of Kotlin. The actual metadata version is 2.1.0, but the compiler version 1.9.0 can read versions up to 2.0.0.
The class is loaded from /Users/wilson.shakya/.gradle/caches/modules-2/files-2.1/org.jetbrains.kotlin/kotlin-stdlib/2.1.0/85f8b81009cda5890e54ba67d64b5e599c645020/kotlin-stdlib-2.1.0.jar!/kotlin/Unit.class
e: file:///Users/wilson.shakya/Documents/GitHub/AppVerse/Elevate/node_modules/react-native-gesture-handler/android/src/main/java/com/swmansion/gesturehandler/core/NativeViewGestureHandler.kt:121:11 Class 'kotlin.Unit' was compiled with an incompatible version of Kotlin. The actual metadata version is 2.1.0, but the compiler version 1.9.0 can read versions up to 2.0.0.
The class is loaded from /Users/wilson.shakya/.gradle/caches/modules-2/files-2.1/org.jetbrains.kotlin/kotlin-stdlib/2.1.0/85f8b81009cda5890e54ba67d64b5e599c645020/kotlin-stdlib-2.1.0.jar!/kotlin/Unit.class
e: file:///Users/wilson.shakya/Documents/GitHub/AppVerse/Elevate/node_modules/react-native-gesture-handler/android/src/main/java/com/swmansion/gesturehandler/core/NativeViewGestureHandler.kt:125:12 Class 'kotlin.Unit' was compiled with an incompatible version of Kotlin. The actual metadata version is 2.1.0, but the compiler version 1.9.0 can read versions up to 2.0.0.
The class is loaded from /Users/wilson.shakya/.gradle/caches/modules-2/files-2.1/org.jetbrains.kotlin/kotlin-stdlib/2.1.0/85f8b81009cda5890e54ba67d64b5e599c645020/kotlin-stdlib-2.1.0.jar!/kotlin/Unit.class
e: file:///Users/wilson.shakya/Documents/GitHub/AppVerse/Elevate/node_modules/react-native-gesture-handler/android/src/main/java/com/swmansion/gesturehandler/core/NativeViewGestureHandler.kt:126:12 Class 'kotlin.Unit' was compiled with an incompatible version of Kotlin. The actual metadata version is 2.1.0, but the compiler version 1.9.0 can read versions up to 2.0.0.
The class is loaded from /Users/wilson.shakya/.gradle/caches/modules-2/files-2.1/org.jetbrains.kotlin/kotlin-stdlib/2.1.0/85f8b81009cda5890e54ba67d64b5e599c645020/kotlin-stdlib-2.1.0.jar!/kotlin/Unit.class
e: file:///Users/wilson.shakya/Documents/GitHub/AppVerse/Elevate/node_modules/react-native-gesture-handler/android/src/main/java/com/swmansion/gesturehandler/core/NativeViewGestureHandler.kt:127:7 Class 'kotlin.Unit' was compiled with an incompatible version of Kotlin. The actual metadata version is 2.1.0, but the compiler version 1.9.0 can read versions up to 2.0.0.
The class is loaded from /Users/wilson.shakya/.gradle/caches/modules-2/files-2.1/org.jetbrains.kotlin/kotlin-stdlib/2.1.0/85f8b81009cda5890e54ba67d64b5e599c645020/kotlin-stdlib-2.1.0.jar!/kotlin/Unit.class
e: file:///Users/wilson.shakya/Documents/GitHub/AppVerse/Elevate/node_modules/react-native-gesture-handler/android/src/main/java/com/swmansion/gesturehandler/core/NativeViewGestureHandler.kt:131:11 Class 'kotlin.Unit' was compiled with an incompatible version of Kotlin. The actual metadata version is 2.1.0, but the compiler version 1.9.0 can read versions up to 2.0.0.
The class is loaded from /Users/wilson.shakya/.gradle/caches/modules-2/files-2.1/org.jetbrains.kotlin/kotlin-stdlib/2.1.0/85f8b81009cda5890e54ba67d64b5e599c645020/kotlin-stdlib-2.1.0.jar!/kotlin/Unit.class
e: file:///Users/wilson.shakya/Documents/GitHub/AppVerse/Elevate/node_modules/react-native-gesture-handler/android/src/main/java/com/swmansion/gesturehandler/core/NativeViewGestureHandler.kt:136:11 Class 'kotlin.Unit' was compiled with an incompatible version of Kotlin. The actual metadata version is 2.1.0, but the compiler version 1.9.0 can read versions up to 2.0.0.
The class is loaded from /Users/wilson.shakya/.gradle/caches/modules-2/files-2.1/org.jetbrains.kotlin/kotlin-stdlib/2.1.0/85f8b81009cda5890e54ba67d64b5e599c645020/kotlin-stdlib-2.1.0.jar!/kotlin/Unit.class
e: file:///Users/wilson.shakya/Documents/GitHub/AppVerse/Elevate/node_modules/react-native-gesture-handler/android/src/main/java/com/swmansion/gesturehandler/core/NativeViewGestureHandler.kt:140:16 Class 'kotlin.Unit' was compiled with an incompatible version of Kotlin. The actual metadata version is 2.1.0, but the compiler version 1.9.0 can read versions up to 2.0.0.
The class is loaded from /Users/wilson.shakya/.gradle/caches/modules-2/files-2.1/org.jetbrains.kotlin/kotlin-stdlib/2.1.0/85f8b81009cda5890e54ba67d64b5e599c645020/kotlin-stdlib-2.1.0.jar!/kotlin/Unit.class
e: file:///Users/wilson.shakya/Documents/GitHub/AppVerse/Elevate/node_modules/react-native-gesture-handler/android/src/main/java/com/swmansion/gesturehandler/core/NativeViewGestureHandler.kt:145:13 Class 'kotlin.Unit' was compiled with an incompatible version of Kotlin. The actual metadata version is 2.1.0, but the compiler version 1.9.0 can read versions up to 2.0.0.
The class is loaded from /Users/wilson.shakya/.gradle/caches/modules-2/files-2.1/org.jetbrains.kotlin/kotlin-stdlib/2.1.0/85f8b81009cda5890e54ba67d64b5e599c645020/kotlin-stdlib-2.1.0.jar!/kotlin/Unit.class
e: file:///Users/wilson.shakya/Documents/GitHub/AppVerse/Elevate/node_modules/react-native-gesture-handler/android/src/main/java/com/swmansion/gesturehandler/core/NativeViewGestureHandler.kt:156:86 Unresolved reference: apply
e: file:///Users/wilson.shakya/Documents/GitHub/AppVerse/Elevate/node_modules/react-native-gesture-handler/android/src/main/java/com/swmansion/gesturehandler/core/NativeViewGestureHandler.kt:157:7 Unresolved reference: action
e: file:///Users/wilson.shakya/Documents/GitHub/AppVerse/Elevate/node_modules/react-native-gesture-handler/android/src/main/java/com/swmansion/gesturehandler/core/NativeViewGestureHandler.kt:164:10 Class 'kotlin.Unit' was compiled with an incompatible version of Kotlin. The actual metadata version is 2.1.0, but the compiler version 1.9.0 can read versions up to 2.0.0.
The class is loaded from /Users/wilson.shakya/.gradle/caches/modules-2/files-2.1/org.jetbrains.kotlin/kotlin-stdlib/2.1.0/85f8b81009cda5890e54ba67d64b5e599c645020/kotlin-stdlib-2.1.0.jar!/kotlin/Unit.class
e: file:///Users/wilson.shakya/Documents/GitHub/AppVerse/Elevate/node_modules/react-native-gesture-handler/android/src/main/java/com/swmansion/gesturehandler/core/NativeViewGestureHandler.kt:192:47 Class 'kotlin.Unit' was compiled with an incompatible version of Kotlin. The actual metadata version is 2.1.0, but the compiler version 1.9.0 can read versions up to 2.0.0.
The class is loaded from /Users/wilson.shakya/.gradle/caches/modules-2/files-2.1/org.jetbrains.kotlin/kotlin-stdlib/2.1.0/85f8b81009cda5890e54ba67d64b5e599c645020/kotlin-stdlib-2.1.0.jar!/kotlin/Unit.class
e: file:///Users/wilson.shakya/Documents/GitHub/AppVerse/Elevate/node_modules/react-native-gesture-handler/android/src/main/java/com/swmansion/gesturehandler/core/NativeViewGestureHandler.kt:211:59 Class 'kotlin.Unit' was compiled with an incompatible version of Kotlin. The actual metadata version is 2.1.0, but the compiler version 1.9.0 can read versions up to 2.0.0.
The class is loaded from /Users/wilson.shakya/.gradle/caches/modules-2/files-2.1/org.jetbrains.kotlin/kotlin-stdlib/2.1.0/85f8b81009cda5890e54ba67d64b5e599c645020/kotlin-stdlib-2.1.0.jar!/kotlin/Unit.class
e: file:///Users/wilson.shakya/Documents/GitHub/AppVerse/Elevate/node_modules/react-native-gesture-handler/android/src/main/java/com/swmansion/gesturehandler/core/NativeViewGestureHandler.kt:243:7 Class 'kotlin.Unit' was compiled with an incompatible version of Kotlin. The actual metadata version is 2.1.0, but the compiler version 1.9.0 can read versions up to 2.0.0.
The class is loaded from /Users/wilson.shakya/.gradle/caches/modules-2/files-2.1/org.jetbrains.kotlin/kotlin-stdlib/2.1.0/85f8b81009cda5890e54ba67d64b5e599c645020/kotlin-stdlib-2.1.0.jar!/kotlin/Unit.class
e: file:///Users/wilson.shakya/Documents/GitHub/AppVerse/Elevate/node_modules/react-native-gesture-handler/android/src/main/java/com/swmansion/gesturehandler/core/NativeViewGestureHandler.kt:248:18 Class 'kotlin.Unit' was compiled with an incompatible version of Kotlin. The actual metadata version is 2.1.0, but the compiler version 1.9.0 can read versions up to 2.0.0.
The class is loaded from /Users/wilson.shakya/.gradle/caches/modules-2/files-2.1/org.jetbrains.kotlin/kotlin-stdlib/2.1.0/85f8b81009cda5890e54ba67d64b5e599c645020/kotlin-stdlib-2.1.0.jar!/kotlin/Unit.class
e: file:///Users/wilson.shakya/Documents/GitHub/AppVerse/Elevate/node_modules/react-native-gesture-handler/android/src/main/java/com/swmansion/gesturehandler/core/NativeViewGestureHandler.kt:261:15 Class 'kotlin.Unit' was compiled with an incompatible version of Kotlin. The actual metadata version is 2.1.0, but the compiler version 1.9.0 can read versions up to 2.0.0.
The class is loaded from /Users/wilson.shakya/.gradle/caches/modules-2/files-2.1/org.jetbrains.kotlin/kotlin-stdlib/2.1.0/85f8b81009cda5890e54ba67d64b5e599c645020/kotlin-stdlib-2.1.0.jar!/kotlin/Unit.class
e: file:///Users/wilson.shakya/Documents/GitHub/AppVerse/Elevate/node_modules/react-native-gesture-handler/android/src/main/java/com/swmansion/gesturehandler/core/NativeViewGestureHandler.kt:264:7 Class 'kotlin.Unit' was compiled with an incompatible version of Kotlin. The actual metadata version is 2.1.0, but the compiler version 1.9.0 can read versions up to 2.0.0.
The class is loaded from /Users/wilson.shakya/.gradle/caches/modules-2/files-2.1/org.jetbrains.kotlin/kotlin-stdlib/2.1.0/85f8b81009cda5890e54ba67d64b5e599c645020/kotlin-stdlib-2.1.0.jar!/kotlin/Unit.class
e: file:///Users/wilson.shakya/Documents/GitHub/AppVerse/Elevate/node_modules/react-native-gesture-handler/android/src/main/java/com/swmansion/gesturehandler/core/NativeViewGestureHandler.kt:265:7 Class 'kotlin.Unit' was compiled with an incompatible version of Kotlin. The actual metadata version is 2.1.0, but the compiler version 1.9.0 can read versions up to 2.0.0.
The class is loaded from /Users/wilson.shakya/.gradle/caches/modules-2/files-2.1/org.jetbrains.kotlin/kotlin-stdlib/2.1.0/85f8b81009cda5890e54ba67d64b5e599c645020/kotlin-stdlib-2.1.0.jar!/kotlin/Unit.class
e: file:///Users/wilson.shakya/Documents/GitHub/AppVerse/Elevate/node_modules/react-native-gesture-handler/android/src/main/java/com/swmansion/gesturehandler/core/NativeViewGestureHandler.kt:290:11 Expression 'first' of type 'GestureHandler<*>!' cannot be invoked as a function. The function 'invoke()' is not found
e: file:///Users/wilson.shakya/Documents/GitHub/AppVerse/Elevate/node_modules/react-native-gesture-handler/android/src/main/java/com/swmansion/gesturehandler/core/NativeViewGestureHandler.kt:291:11 Unresolved reference: it
e: file:///Users/wilson.shakya/Documents/GitHub/AppVerse/Elevate/node_modules/react-native-gesture-handler/android/src/main/java/com/swmansion/gesturehandler/core/NativeViewGestureHandler.kt:296:17 Class 'kotlin.Unit' was compiled with an incompatible version of Kotlin. The actual metadata version is 2.1.0, but the compiler version 1.9.0 can read versions up to 2.0.0.
The class is loaded from /Users/wilson.shakya/.gradle/caches/modules-2/files-2.1/org.jetbrains.kotlin/kotlin-stdlib/2.1.0/85f8b81009cda5890e54ba67d64b5e599c645020/kotlin-stdlib-2.1.0.jar!/kotlin/Unit.class
e: file:///Users/wilson.shakya/Documents/GitHub/AppVerse/Elevate/node_modules/react-native-gesture-handler/android/src/main/java/com/swmansion/gesturehandler/core/PanGestureHandler.kt:46:44 Class 'kotlin.Unit' was compiled with an incompatible version of Kotlin. The actual metadata version is 2.1.0, but the compiler version 1.9.0 can read versions up to 2.0.0.
The class is loaded from /Users/wilson.shakya/.gradle/caches/modules-2/files-2.1/org.jetbrains.kotlin/kotlin-stdlib/2.1.0/85f8b81009cda5890e54ba67d64b5e599c645020/kotlin-stdlib-2.1.0.jar!/kotlin/Unit.class
e: file:///Users/wilson.shakya/Documents/GitHub/AppVerse/Elevate/node_modules/react-native-gesture-handler/android/src/main/java/com/swmansion/gesturehandler/core/PanGestureHandler.kt:67:5 Class 'kotlin.Unit' was compiled with an incompatible version of Kotlin. The actual metadata version is 2.1.0, but the compiler version 1.9.0 can read versions up to 2.0.0.
The class is loaded from /Users/wilson.shakya/.gradle/caches/modules-2/files-2.1/org.jetbrains.kotlin/kotlin-stdlib/2.1.0/85f8b81009cda5890e54ba67d64b5e599c645020/kotlin-stdlib-2.1.0.jar!/kotlin/Unit.class
e: file:///Users/wilson.shakya/Documents/GitHub/AppVerse/Elevate/node_modules/react-native-gesture-handler/android/src/main/java/com/swmansion/gesturehandler/core/PanGestureHandler.kt:71:11 Class 'kotlin.Unit' was compiled with an incompatible version of Kotlin. The actual metadata version is 2.1.0, but the compiler version 1.9.0 can read versions up to 2.0.0.
The class is loaded from /Users/wilson.shakya/.gradle/caches/modules-2/files-2.1/org.jetbrains.kotlin/kotlin-stdlib/2.1.0/85f8b81009cda5890e54ba67d64b5e599c645020/kotlin-stdlib-2.1.0.jar!/kotlin/Unit.class
e: file:///Users/wilson.shakya/Documents/GitHub/AppVerse/Elevate/node_modules/react-native-gesture-handler/android/src/main/java/com/swmansion/gesturehandler/core/PanGestureHandler.kt:72:5 Class 'kotlin.Unit' was compiled with an incompatible version of Kotlin. The actual metadata version is 2.1.0, but the compiler version 1.9.0 can read versions up to 2.0.0.
The class is loaded from /Users/wilson.shakya/.gradle/caches/modules-2/files-2.1/org.jetbrains.kotlin/kotlin-stdlib/2.1.0/85f8b81009cda5890e54ba67d64b5e599c645020/kotlin-stdlib-2.1.0.jar!/kotlin/Unit.class
e: file:///Users/wilson.shakya/Documents/GitHub/AppVerse/Elevate/node_modules/react-native-gesture-handler/android/src/main/java/com/swmansion/gesturehandler/core/PanGestureHandler.kt:73:5 Class 'kotlin.Unit' was compiled with an incompatible version of Kotlin. The actual metadata version is 2.1.0, but the compiler version 1.9.0 can read versions up to 2.0.0.
The class is loaded from /Users/wilson.shakya/.gradle/caches/modules-2/files-2.1/org.jetbrains.kotlin/kotlin-stdlib/2.1.0/85f8b81009cda5890e54ba67d64b5e599c645020/kotlin-stdlib-2.1.0.jar!/kotlin/Unit.class
e: file:///Users/wilson.shakya/Documents/GitHub/AppVerse/Elevate/node_modules/react-native-gesture-handler/android/src/main/java/com/swmansion/gesturehandler/core/PanGestureHandler.kt:74:5 Class 'kotlin.Unit' was compiled with an incompatible version of Kotlin. The actual metadata version is 2.1.0, but the compiler version 1.9.0 can read versions up to 2.0.0.
The class is loaded from /Users/wilson.shakya/.gradle/caches/modules-2/files-2.1/org.jetbrains.kotlin/kotlin-stdlib/2.1.0/85f8b81009cda5890e54ba67d64b5e599c645020/kotlin-stdlib-2.1.0.jar!/kotlin/Unit.class
e: file:///Users/wilson.shakya/Documents/GitHub/AppVerse/Elevate/node_modules/react-native-gesture-handler/android/src/main/java/com/swmansion/gesturehandler/core/PanGestureHandler.kt:75:5 Class 'kotlin.Unit' was compiled with an incompatible version of Kotlin. The actual metadata version is 2.1.0, but the compiler version 1.9.0 can read versions up to 2.0.0.
The class is loaded from /Users/wilson.shakya/.gradle/caches/modules-2/files-2.1/org.jetbrains.kotlin/kotlin-stdlib/2.1.0/85f8b81009cda5890e54ba67d64b5e599c645020/kotlin-stdlib-2.1.0.jar!/kotlin/Unit.class
e: file:///Users/wilson.shakya/Documents/GitHub/AppVerse/Elevate/node_modules/react-native-gesture-handler/android/src/main/java/com/swmansion/gesturehandler/core/PanGestureHandler.kt:76:5 Class 'kotlin.Unit' was compiled with an incompatible version of Kotlin. The actual metadata version is 2.1.0, but the compiler version 1.9.0 can read versions up to 2.0.0.
The class is loaded from /Users/wilson.shakya/.gradle/caches/modules-2/files-2.1/org.jetbrains.kotlin/kotlin-stdlib/2.1.0/85f8b81009cda5890e54ba67d64b5e599c645020/kotlin-stdlib-2.1.0.jar!/kotlin/Unit.class
e: file:///Users/wilson.shakya/Documents/GitHub/AppVerse/Elevate/node_modules/react-native-gesture-handler/android/src/main/java/com/swmansion/gesturehandler/core/PanGestureHandler.kt:77:5 Class 'kotlin.Unit' was compiled with an incompatible version of Kotlin. The actual metadata version is 2.1.0, but the compiler version 1.9.0 can read versions up to 2.0.0.
The class is loaded from /Users/wilson.shakya/.gradle/caches/modules-2/files-2.1/org.jetbrains.kotlin/kotlin-stdlib/2.1.0/85f8b81009cda5890e54ba67d64b5e599c645020/kotlin-stdlib-2.1.0.jar!/kotlin/Unit.class
e: file:///Users/wilson.shakya/Documents/GitHub/AppVerse/Elevate/node_modules/react-native-gesture-handler/android/src/main/java/com/swmansion/gesturehandler/core/PanGestureHandler.kt:78:5 Class 'kotlin.Unit' was compiled with an incompatible version of Kotlin. The actual metadata version is 2.1.0, but the compiler version 1.9.0 can read versions up to 2.0.0.
The class is loaded from /Users/wilson.shakya/.gradle/caches/modules-2/files-2.1/org.jetbrains.kotlin/kotlin-stdlib/2.1.0/85f8b81009cda5890e54ba67d64b5e599c645020/kotlin-stdlib-2.1.0.jar!/kotlin/Unit.class
e: file:///Users/wilson.shakya/Documents/GitHub/AppVerse/Elevate/node_modules/react-native-gesture-handler/android/src/main/java/com/swmansion/gesturehandler/core/PanGestureHandler.kt:79:5 Class 'kotlin.Unit' was compiled with an incompatible version of Kotlin. The actual metadata version is 2.1.0, but the compiler version 1.9.0 can read versions up to 2.0.0.
The class is loaded from /Users/wilson.shakya/.gradle/caches/modules-2/files-2.1/org.jetbrains.kotlin/kotlin-stdlib/2.1.0/85f8b81009cda5890e54ba67d64b5e599c645020/kotlin-stdlib-2.1.0.jar!/kotlin/Unit.class
e: file:///Users/wilson.shakya/Documents/GitHub/AppVerse/Elevate/node_modules/react-native-gesture-handler/android/src/main/java/com/swmansion/gesturehandler/core/PanGestureHandler.kt:80:5 Class 'kotlin.Unit' was compiled with an incompatible version of Kotlin. The actual metadata version is 2.1.0, but the compiler version 1.9.0 can read versions up to 2.0.0.
The class is loaded from /Users/wilson.shakya/.gradle/caches/modules-2/files-2.1/org.jetbrains.kotlin/kotlin-stdlib/2.1.0/85f8b81009cda5890e54ba67d64b5e599c645020/kotlin-stdlib-2.1.0.jar!/kotlin/Unit.class
e: file:///Users/wilson.shakya/Documents/GitHub/AppVerse/Elevate/node_modules/react-native-gesture-handler/android/src/main/java/com/swmansion/gesturehandler/core/PanGestureHandler.kt:81:5 Class 'kotlin.Unit' was compiled with an incompatible version of Kotlin. The actual metadata version is 2.1.0, but the compiler version 1.9.0 can read versions up to 2.0.0.
The class is loaded from /Users/wilson.shakya/.gradle/caches/modules-2/files-2.1/org.jetbrains.kotlin/kotlin-stdlib/2.1.0/85f8b81009cda5890e54ba67d64b5e599c645020/kotlin-stdlib-2.1.0.jar!/kotlin/Unit.class
e: file:///Users/wilson.shakya/Documents/GitHub/AppVerse/Elevate/node_modules/react-native-gesture-handler/android/src/main/java/com/swmansion/gesturehandler/core/PanGestureHandler.kt:82:5 Class 'kotlin.Unit' was compiled with an incompatible version of Kotlin. The actual metadata version is 2.1.0, but the compiler version 1.9.0 can read versions up to 2.0.0.
The class is loaded from /Users/wilson.shakya/.gradle/caches/modules-2/files-2.1/org.jetbrains.kotlin/kotlin-stdlib/2.1.0/85f8b81009cda5890e54ba67d64b5e599c645020/kotlin-stdlib-2.1.0.jar!/kotlin/Unit.class
e: file:///Users/wilson.shakya/Documents/GitHub/AppVerse/Elevate/node_modules/react-native-gesture-handler/android/src/main/java/com/swmansion/gesturehandler/core/PanGestureHandler.kt:83:5 Class 'kotlin.Unit' was compiled with an incompatible version of Kotlin. The actual metadata version is 2.1.0, but the compiler version 1.9.0 can read versions up to 2.0.0.
The class is loaded from /Users/wilson.shakya/.gradle/caches/modules-2/files-2.1/org.jetbrains.kotlin/kotlin-stdlib/2.1.0/85f8b81009cda5890e54ba67d64b5e599c645020/kotlin-stdlib-2.1.0.jar!/kotlin/Unit.class
e: file:///Users/wilson.shakya/Documents/GitHub/AppVerse/Elevate/node_modules/react-native-gesture-handler/android/src/main/java/com/swmansion/gesturehandler/core/PanGestureHandler.kt:84:5 Class 'kotlin.Unit' was compiled with an incompatible version of Kotlin. The actual metadata version is 2.1.0, but the compiler version 1.9.0 can read versions up to 2.0.0.
The class is loaded from /Users/wilson.shakya/.gradle/caches/modules-2/files-2.1/org.jetbrains.kotlin/kotlin-stdlib/2.1.0/85f8b81009cda5890e54ba67d64b5e599c645020/kotlin-stdlib-2.1.0.jar!/kotlin/Unit.class
e: file:///Users/wilson.shakya/Documents/GitHub/AppVerse/Elevate/node_modules/react-native-gesture-handler/android/src/main/java/com/swmansion/gesturehandler/core/PanGestureHandler.kt:85:5 Class 'kotlin.Unit' was compiled with an incompatible version of Kotlin. The actual metadata version is 2.1.0, but the compiler version 1.9.0 can read versions up to 2.0.0.
The class is loaded from /Users/wilson.shakya/.gradle/caches/modules-2/files-2.1/org.jetbrains.kotlin/kotlin-stdlib/2.1.0/85f8b81009cda5890e54ba67d64b5e599c645020/kotlin-stdlib-2.1.0.jar!/kotlin/Unit.class
e: file:///Users/wilson.shakya/Documents/GitHub/AppVerse/Elevate/node_modules/react-native-gesture-handler/android/src/main/java/com/swmansion/gesturehandler/core/PanGestureHandler.kt:86:5 Class 'kotlin.Unit' was compiled with an incompatible version of Kotlin. The actual metadata version is 2.1.0, but the compiler version 1.9.0 can read versions up to 2.0.0.
The class is loaded from /Users/wilson.shakya/.gradle/caches/modules-2/files-2.1/org.jetbrains.kotlin/kotlin-stdlib/2.1.0/85f8b81009cda5890e54ba67d64b5e599c645020/kotlin-stdlib-2.1.0.jar!/kotlin/Unit.class
e: file:///Users/wilson.shakya/Documents/GitHub/AppVerse/Elevate/node_modules/react-native-gesture-handler/android/src/main/java/com/swmansion/gesturehandler/core/PanGestureHandler.kt:87:5 Class 'kotlin.Unit' was compiled with an incompatible version of Kotlin. The actual metadata version is 2.1.0, but the compiler version 1.9.0 can read versions up to 2.0.0.
The class is loaded from /Users/wilson.shakya/.gradle/caches/modules-2/files-2.1/org.jetbrains.kotlin/kotlin-stdlib/2.1.0/85f8b81009cda5890e54ba67d64b5e599c645020/kotlin-stdlib-2.1.0.jar!/kotlin/Unit.class
e: file:///Users/wilson.shakya/Documents/GitHub/AppVerse/Elevate/node_modules/react-native-gesture-handler/android/src/main/java/com/swmansion/gesturehandler/core/PanGestureHandler.kt:90:58 Unresolved reference: apply
e: file:///Users/wilson.shakya/Documents/GitHub/AppVerse/Elevate/node_modules/react-native-gesture-handler/android/src/main/java/com/swmansion/gesturehandler/core/PanGestureHandler.kt:91:10 Class 'kotlin.Unit' was compiled with an incompatible version of Kotlin. The actual metadata version is 2.1.0, but the compiler version 1.9.0 can read versions up to 2.0.0.
The class is loaded from /Users/wilson.shakya/.gradle/caches/modules-2/files-2.1/org.jetbrains.kotlin/kotlin-stdlib/2.1.0/85f8b81009cda5890e54ba67d64b5e599c645020/kotlin-stdlib-2.1.0.jar!/kotlin/Unit.class
e: file:///Users/wilson.shakya/Documents/GitHub/AppVerse/Elevate/node_modules/react-native-gesture-handler/android/src/main/java/com/swmansion/gesturehandler/core/PanGestureHandler.kt:94:54 Unresolved reference: apply
e: file:///Users/wilson.shakya/Documents/GitHub/AppVerse/Elevate/node_modules/react-native-gesture-handler/android/src/main/java/com/swmansion/gesturehandler/core/PanGestureHandler.kt:95:10 Class 'kotlin.Unit' was compiled with an incompatible version of Kotlin. The actual metadata version is 2.1.0, but the compiler version 1.9.0 can read versions up to 2.0.0.
The class is loaded from /Users/wilson.shakya/.gradle/caches/modules-2/files-2.1/org.jetbrains.kotlin/kotlin-stdlib/2.1.0/85f8b81009cda5890e54ba67d64b5e599c645020/kotlin-stdlib-2.1.0.jar!/kotlin/Unit.class
e: file:///Users/wilson.shakya/Documents/GitHub/AppVerse/Elevate/node_modules/react-native-gesture-handler/android/src/main/java/com/swmansion/gesturehandler/core/PanGestureHandler.kt:98:54 Unresolved reference: apply
e: file:///Users/wilson.shakya/Documents/GitHub/AppVerse/Elevate/node_modules/react-native-gesture-handler/android/src/main/java/com/swmansion/gesturehandler/core/PanGestureHandler.kt:99:10 Class 'kotlin.Unit' was compiled with an incompatible version of Kotlin. The actual metadata version is 2.1.0, but the compiler version 1.9.0 can read versions up to 2.0.0.
The class is loaded from /Users/wilson.shakya/.gradle/caches/modules-2/files-2.1/org.jetbrains.kotlin/kotlin-stdlib/2.1.0/85f8b81009cda5890e54ba67d64b5e599c645020/kotlin-stdlib-2.1.0.jar!/kotlin/Unit.class
e: file:///Users/wilson.shakya/Documents/GitHub/AppVerse/Elevate/node_modules/react-native-gesture-handler/android/src/main/java/com/swmansion/gesturehandler/core/PanGestureHandler.kt:102:50 Unresolved reference: apply
e: file:///Users/wilson.shakya/Documents/GitHub/AppVerse/Elevate/node_modules/react-native-gesture-handler/android/src/main/java/com/swmansion/gesturehandler/core/PanGestureHandler.kt:103:10 Class 'kotlin.Unit' was compiled with an incompatible version of Kotlin. The actual metadata version is 2.1.0, but the compiler version 1.9.0 can read versions up to 2.0.0.
The class is loaded from /Users/wilson.shakya/.gradle/caches/modules-2/files-2.1/org.jetbrains.kotlin/kotlin-stdlib/2.1.0/85f8b81009cda5890e54ba67d64b5e599c645020/kotlin-stdlib-2.1.0.jar!/kotlin/Unit.class
e: file:///Users/wilson.shakya/Documents/GitHub/AppVerse/Elevate/node_modules/react-native-gesture-handler/android/src/main/java/com/swmansion/gesturehandler/core/PanGestureHandler.kt:106:58 Unresolved reference: apply
e: file:///Users/wilson.shakya/Documents/GitHub/AppVerse/Elevate/node_modules/react-native-gesture-handler/android/src/main/java/com/swmansion/gesturehandler/core/PanGestureHandler.kt:107:10 Class 'kotlin.Unit' was compiled with an incompatible version of Kotlin. The actual metadata version is 2.1.0, but the compiler version 1.9.0 can read versions up to 2.0.0.
The class is loaded from /Users/wilson.shakya/.gradle/caches/modules-2/files-2.1/org.jetbrains.kotlin/kotlin-stdlib/2.1.0/85f8b81009cda5890e54ba67d64b5e599c645020/kotlin-stdlib-2.1.0.jar!/kotlin/Unit.class
e: file:///Users/wilson.shakya/Documents/GitHub/AppVerse/Elevate/node_modules/react-native-gesture-handler/android/src/main/java/com/swmansion/gesturehandler/core/PanGestureHandler.kt:110:54 Unresolved reference: apply
e: file:///Users/wilson.shakya/Documents/GitHub/AppVerse/Elevate/node_modules/react-native-gesture-handler/android/src/main/java/com/swmansion/gesturehandler/core/PanGestureHandler.kt:111:10 Class 'kotlin.Unit' was compiled with an incompatible version of Kotlin. The actual metadata version is 2.1.0, but the compiler version 1.9.0 can read versions up to 2.0.0.
The class is loaded from /Users/wilson.shakya/.gradle/caches/modules-2/files-2.1/org.jetbrains.kotlin/kotlin-stdlib/2.1.0/85f8b81009cda5890e54ba67d64b5e599c645020/kotlin-stdlib-2.1.0.jar!/kotlin/Unit.class
e: file:///Users/wilson.shakya/Documents/GitHub/AppVerse/Elevate/node_modules/react-native-gesture-handler/android/src/main/java/com/swmansion/gesturehandler/core/PanGestureHandler.kt:114:54 Unresolved reference: apply
e: file:///Users/wilson.shakya/Documents/GitHub/AppVerse/Elevate/node_modules/react-native-gesture-handler/android/src/main/java/com/swmansion/gesturehandler/core/PanGestureHandler.kt:115:10 Class 'kotlin.Unit' was compiled with an incompatible version of Kotlin. The actual metadata version is 2.1.0, but the compiler version 1.9.0 can read versions up to 2.0.0.
The class is loaded from /Users/wilson.shakya/.gradle/caches/modules-2/files-2.1/org.jetbrains.kotlin/kotlin-stdlib/2.1.0/85f8b81009cda5890e54ba67d64b5e599c645020/kotlin-stdlib-2.1.0.jar!/kotlin/Unit.class
e: file:///Users/wilson.shakya/Documents/GitHub/AppVerse/Elevate/node_modules/react-native-gesture-handler/android/src/main/java/com/swmansion/gesturehandler/core/PanGestureHandler.kt:118:50 Unresolved reference: apply
e: file:///Users/wilson.shakya/Documents/GitHub/AppVerse/Elevate/node_modules/react-native-gesture-handler/android/src/main/java/com/swmansion/gesturehandler/core/PanGestureHandler.kt:119:10 Class 'kotlin.Unit' was compiled with an incompatible version of Kotlin. The actual metadata version is 2.1.0, but the compiler version 1.9.0 can read versions up to 2.0.0.
The class is loaded from /Users/wilson.shakya/.gradle/caches/modules-2/files-2.1/org.jetbrains.kotlin/kotlin-stdlib/2.1.0/85f8b81009cda5890e54ba67d64b5e599c645020/kotlin-stdlib-2.1.0.jar!/kotlin/Unit.class
e: file:///Users/wilson.shakya/Documents/GitHub/AppVerse/Elevate/node_modules/react-native-gesture-handler/android/src/main/java/com/swmansion/gesturehandler/core/PanGestureHandler.kt:122:36 Unresolved reference: apply
e: file:///Users/wilson.shakya/Documents/GitHub/AppVerse/Elevate/node_modules/react-native-gesture-handler/android/src/main/java/com/swmansion/gesturehandler/core/PanGestureHandler.kt:123:5 Class 'kotlin.Unit' was compiled with an incompatible version of Kotlin. The actual metadata version is 2.1.0, but the compiler version 1.9.0 can read versions up to 2.0.0.
The class is loaded from /Users/wilson.shakya/.gradle/caches/modules-2/files-2.1/org.jetbrains.kotlin/kotlin-stdlib/2.1.0/85f8b81009cda5890e54ba67d64b5e599c645020/kotlin-stdlib-2.1.0.jar!/kotlin/Unit.class
e: file:///Users/wilson.shakya/Documents/GitHub/AppVerse/Elevate/node_modules/react-native-gesture-handler/android/src/main/java/com/swmansion/gesturehandler/core/PanGestureHandler.kt:126:42 Unresolved reference: apply
e: file:///Users/wilson.shakya/Documents/GitHub/AppVerse/Elevate/node_modules/react-native-gesture-handler/android/src/main/java/com/swmansion/gesturehandler/core/PanGestureHandler.kt:127:10 Class 'kotlin.Unit' was compiled with an incompatible version of Kotlin. The actual metadata version is 2.1.0, but the compiler version 1.9.0 can read versions up to 2.0.0.
The class is loaded from /Users/wilson.shakya/.gradle/caches/modules-2/files-2.1/org.jetbrains.kotlin/kotlin-stdlib/2.1.0/85f8b81009cda5890e54ba67d64b5e599c645020/kotlin-stdlib-2.1.0.jar!/kotlin/Unit.class
e: file:///Users/wilson.shakya/Documents/GitHub/AppVerse/Elevate/node_modules/react-native-gesture-handler/android/src/main/java/com/swmansion/gesturehandler/core/PanGestureHandler.kt:130:42 Unresolved reference: apply
e: file:///Users/wilson.shakya/Documents/GitHub/AppVerse/Elevate/node_modules/react-native-gesture-handler/android/src/main/java/com/swmansion/gesturehandler/core/PanGestureHandler.kt:131:10 Class 'kotlin.Unit' was compiled with an incompatible version of Kotlin. The actual metadata version is 2.1.0, but the compiler version 1.9.0 can read versions up to 2.0.0.
The class is loaded from /Users/wilson.shakya/.gradle/caches/modules-2/files-2.1/org.jetbrains.kotlin/kotlin-stdlib/2.1.0/85f8b81009cda5890e54ba67d64b5e599c645020/kotlin-stdlib-2.1.0.jar!/kotlin/Unit.class
e: file:///Users/wilson.shakya/Documents/GitHub/AppVerse/Elevate/node_modules/react-native-gesture-handler/android/src/main/java/com/swmansion/gesturehandler/core/PanGestureHandler.kt:134:52 Unresolved reference: apply
e: file:///Users/wilson.shakya/Documents/GitHub/AppVerse/Elevate/node_modules/react-native-gesture-handler/android/src/main/java/com/swmansion/gesturehandler/core/PanGestureHandler.kt:135:10 Class 'kotlin.Unit' was compiled with an incompatible version of Kotlin. The actual metadata version is 2.1.0, but the compiler version 1.9.0 can read versions up to 2.0.0.
The class is loaded from /Users/wilson.shakya/.gradle/caches/modules-2/files-2.1/org.jetbrains.kotlin/kotlin-stdlib/2.1.0/85f8b81009cda5890e54ba67d64b5e599c645020/kotlin-stdlib-2.1.0.jar!/kotlin/Unit.class
e: file:///Users/wilson.shakya/Documents/GitHub/AppVerse/Elevate/node_modules/react-native-gesture-handler/android/src/main/java/com/swmansion/gesturehandler/core/PanGestureHandler.kt:138:47 Unresolved reference: apply
e: file:///Users/wilson.shakya/Documents/GitHub/AppVerse/Elevate/node_modules/react-native-gesture-handler/android/src/main/java/com/swmansion/gesturehandler/core/PanGestureHandler.kt:139:10 Class 'kotlin.Unit' was compiled with an incompatible version of Kotlin. The actual metadata version is 2.1.0, but the compiler version 1.9.0 can read versions up to 2.0.0.
The class is loaded from /Users/wilson.shakya/.gradle/caches/modules-2/files-2.1/org.jetbrains.kotlin/kotlin-stdlib/2.1.0/85f8b81009cda5890e54ba67d64b5e599c645020/kotlin-stdlib-2.1.0.jar!/kotlin/Unit.class
e: file:///Users/wilson.shakya/Documents/GitHub/AppVerse/Elevate/node_modules/react-native-gesture-handler/android/src/main/java/com/swmansion/gesturehandler/core/PanGestureHandler.kt:145:44 Unresolved reference: apply
e: file:///Users/wilson.shakya/Documents/GitHub/AppVerse/Elevate/node_modules/react-native-gesture-handler/android/src/main/java/com/swmansion/gesturehandler/core/PanGestureHandler.kt:146:5 Class 'kotlin.Unit' was compiled with an incompatible version of Kotlin. The actual metadata version is 2.1.0, but the compiler version 1.9.0 can read versions up to 2.0.0.
The class is loaded from /Users/wilson.shakya/.gradle/caches/modules-2/files-2.1/org.jetbrains.kotlin/kotlin-stdlib/2.1.0/85f8b81009cda5890e54ba67d64b5e599c645020/kotlin-stdlib-2.1.0.jar!/kotlin/Unit.class
e: file:///Users/wilson.shakya/Documents/GitHub/AppVerse/Elevate/node_modules/react-native-gesture-handler/android/src/main/java/com/swmansion/gesturehandler/core/PanGestureHandler.kt:149:46 Unresolved reference: apply
e: file:///Users/wilson.shakya/Documents/GitHub/AppVerse/Elevate/node_modules/react-native-gesture-handler/android/src/main/java/com/swmansion/gesturehandler/core/PanGestureHandler.kt:150:10 Class 'kotlin.Unit' was compiled with an incompatible version of Kotlin. The actual metadata version is 2.1.0, but the compiler version 1.9.0 can read versions up to 2.0.0.
The class is loaded from /Users/wilson.shakya/.gradle/caches/modules-2/files-2.1/org.jetbrains.kotlin/kotlin-stdlib/2.1.0/85f8b81009cda5890e54ba67d64b5e599c645020/kotlin-stdlib-2.1.0.jar!/kotlin/Unit.class
e: file:///Users/wilson.shakya/Documents/GitHub/AppVerse/Elevate/node_modules/react-native-gesture-handler/android/src/main/java/com/swmansion/gesturehandler/core/PanGestureHandler.kt:153:46 Unresolved reference: apply
e: file:///Users/wilson.shakya/Documents/GitHub/AppVerse/Elevate/node_modules/react-native-gesture-handler/android/src/main/java/com/swmansion/gesturehandler/core/PanGestureHandler.kt:154:10 Class 'kotlin.Unit' was compiled with an incompatible version of Kotlin. The actual metadata version is 2.1.0, but the compiler version 1.9.0 can read versions up to 2.0.0.
The class is loaded from /Users/wilson.shakya/.gradle/caches/modules-2/files-2.1/org.jetbrains.kotlin/kotlin-stdlib/2.1.0/85f8b81009cda5890e54ba67d64b5e599c645020/kotlin-stdlib-2.1.0.jar!/kotlin/Unit.class
e: file:///Users/wilson.shakya/Documents/GitHub/AppVerse/Elevate/node_modules/react-native-gesture-handler/android/src/main/java/com/swmansion/gesturehandler/core/PanGestureHandler.kt:178:70 Unresolved reference: ..
e: file:///Users/wilson.shakya/Documents/GitHub/AppVerse/Elevate/node_modules/react-native-gesture-handler/android/src/main/java/com/swmansion/gesturehandler/core/PanGestureHandler.kt:184:70 Unresolved reference: ..
e: file:///Users/wilson.shakya/Documents/GitHub/AppVerse/Elevate/node_modules/react-native-gesture-handler/android/src/main/java/com/swmansion/gesturehandler/core/PanGestureHandler.kt:197:16 Class 'kotlin.Unit' was compiled with an incompatible version of Kotlin. The actual metadata version is 2.1.0, but the compiler version 1.9.0 can read versions up to 2.0.0.
The class is loaded from /Users/wilson.shakya/.gradle/caches/modules-2/files-2.1/org.jetbrains.kotlin/kotlin-stdlib/2.1.0/85f8b81009cda5890e54ba67d64b5e599c645020/kotlin-stdlib-2.1.0.jar!/kotlin/Unit.class
e: file:///Users/wilson.shakya/Documents/GitHub/AppVerse/Elevate/node_modules/react-native-gesture-handler/android/src/main/java/com/swmansion/gesturehandler/core/PanGestureHandler.kt:218:7 Class 'kotlin.Unit' was compiled with an incompatible version of Kotlin. The actual metadata version is 2.1.0, but the compiler version 1.9.0 can read versions up to 2.0.0.
The class is loaded from /Users/wilson.shakya/.gradle/caches/modules-2/files-2.1/org.jetbrains.kotlin/kotlin-stdlib/2.1.0/85f8b81009cda5890e54ba67d64b5e599c645020/kotlin-stdlib-2.1.0.jar!/kotlin/Unit.class
e: file:///Users/wilson.shakya/Documents/GitHub/AppVerse/Elevate/node_modules/react-native-gesture-handler/android/src/main/java/com/swmansion/gesturehandler/core/PanGestureHandler.kt:223:5 Class 'kotlin.Unit' was compiled with an incompatible version of Kotlin. The actual metadata version is 2.1.0, but the compiler version 1.9.0 can read versions up to 2.0.0.
The class is loaded from /Users/wilson.shakya/.gradle/caches/modules-2/files-2.1/org.jetbrains.kotlin/kotlin-stdlib/2.1.0/85f8b81009cda5890e54ba67d64b5e599c645020/kotlin-stdlib-2.1.0.jar!/kotlin/Unit.class
e: file:///Users/wilson.shakya/Documents/GitHub/AppVerse/Elevate/node_modules/react-native-gesture-handler/android/src/main/java/com/swmansion/gesturehandler/core/PanGestureHandler.kt:225:7 Class 'kotlin.Unit' was compiled with an incompatible version of Kotlin. The actual metadata version is 2.1.0, but the compiler version 1.9.0 can read versions up to 2.0.0.
The class is loaded from /Users/wilson.shakya/.gradle/caches/modules-2/files-2.1/org.jetbrains.kotlin/kotlin-stdlib/2.1.0/85f8b81009cda5890e54ba67d64b5e599c645020/kotlin-stdlib-2.1.0.jar!/kotlin/Unit.class
e: file:///Users/wilson.shakya/Documents/GitHub/AppVerse/Elevate/node_modules/react-native-gesture-handler/android/src/main/java/com/swmansion/gesturehandler/core/PanGestureHandler.kt:226:7 Class 'kotlin.Unit' was compiled with an incompatible version of Kotlin. The actual metadata version is 2.1.0, but the compiler version 1.9.0 can read versions up to 2.0.0.
The class is loaded from /Users/wilson.shakya/.gradle/caches/modules-2/files-2.1/org.jetbrains.kotlin/kotlin-stdlib/2.1.0/85f8b81009cda5890e54ba67d64b5e599c645020/kotlin-stdlib-2.1.0.jar!/kotlin/Unit.class
e: file:///Users/wilson.shakya/Documents/GitHub/AppVerse/Elevate/node_modules/react-native-gesture-handler/android/src/main/java/com/swmansion/gesturehandler/core/PanGestureHandler.kt:229:7 Class 'kotlin.Unit' was compiled with an incompatible version of Kotlin. The actual metadata version is 2.1.0, but the compiler version 1.9.0 can read versions up to 2.0.0.
The class is loaded from /Users/wilson.shakya/.gradle/caches/modules-2/files-2.1/org.jetbrains.kotlin/kotlin-stdlib/2.1.0/85f8b81009cda5890e54ba67d64b5e599c645020/kotlin-stdlib-2.1.0.jar!/kotlin/Unit.class
e: file:///Users/wilson.shakya/Documents/GitHub/AppVerse/Elevate/node_modules/react-native-gesture-handler/android/src/main/java/com/swmansion/gesturehandler/core/PanGestureHandler.kt:230:7 Class 'kotlin.Unit' was compiled with an incompatible version of Kotlin. The actual metadata version is 2.1.0, but the compiler version 1.9.0 can read versions up to 2.0.0.
The class is loaded from /Users/wilson.shakya/.gradle/caches/modules-2/files-2.1/org.jetbrains.kotlin/kotlin-stdlib/2.1.0/85f8b81009cda5890e54ba67d64b5e599c645020/kotlin-stdlib-2.1.0.jar!/kotlin/Unit.class
e: file:///Users/wilson.shakya/Documents/GitHub/AppVerse/Elevate/node_modules/react-native-gesture-handler/android/src/main/java/com/swmansion/gesturehandler/core/PanGestureHandler.kt:231:7 Class 'kotlin.Unit' was compiled with an incompatible version of Kotlin. The actual metadata version is 2.1.0, but the compiler version 1.9.0 can read versions up to 2.0.0.
The class is loaded from /Users/wilson.shakya/.gradle/caches/modules-2/files-2.1/org.jetbrains.kotlin/kotlin-stdlib/2.1.0/85f8b81009cda5890e54ba67d64b5e599c645020/kotlin-stdlib-2.1.0.jar!/kotlin/Unit.class
e: file:///Users/wilson.shakya/Documents/GitHub/AppVerse/Elevate/node_modules/react-native-gesture-handler/android/src/main/java/com/swmansion/gesturehandler/core/PanGestureHandler.kt:232:7 Class 'kotlin.Unit' was compiled with an incompatible version of Kotlin. The actual metadata version is 2.1.0, but the compiler version 1.9.0 can read versions up to 2.0.0.
The class is loaded from /Users/wilson.shakya/.gradle/caches/modules-2/files-2.1/org.jetbrains.kotlin/kotlin-stdlib/2.1.0/85f8b81009cda5890e54ba67d64b5e599c645020/kotlin-stdlib-2.1.0.jar!/kotlin/Unit.class
e: file:///Users/wilson.shakya/Documents/GitHub/AppVerse/Elevate/node_modules/react-native-gesture-handler/android/src/main/java/com/swmansion/gesturehandler/core/PanGestureHandler.kt:234:7 Class 'kotlin.Unit' was compiled with an incompatible version of Kotlin. The actual metadata version is 2.1.0, but the compiler version 1.9.0 can read versions up to 2.0.0.
The class is loaded from /Users/wilson.shakya/.gradle/caches/modules-2/files-2.1/org.jetbrains.kotlin/kotlin-stdlib/2.1.0/85f8b81009cda5890e54ba67d64b5e599c645020/kotlin-stdlib-2.1.0.jar!/kotlin/Unit.class
e: file:///Users/wilson.shakya/Documents/GitHub/AppVerse/Elevate/node_modules/react-native-gesture-handler/android/src/main/java/com/swmansion/gesturehandler/core/PanGestureHandler.kt:235:7 Class 'kotlin.Unit' was compiled with an incompatible version of Kotlin. The actual metadata version is 2.1.0, but the compiler version 1.9.0 can read versions up to 2.0.0.
The class is loaded from /Users/wilson.shakya/.gradle/caches/modules-2/files-2.1/org.jetbrains.kotlin/kotlin-stdlib/2.1.0/85f8b81009cda5890e54ba67d64b5e599c645020/kotlin-stdlib-2.1.0.jar!/kotlin/Unit.class
e: file:///Users/wilson.shakya/Documents/GitHub/AppVerse/Elevate/node_modules/react-native-gesture-handler/android/src/main/java/com/swmansion/gesturehandler/core/PanGestureHandler.kt:237:5 Class 'kotlin.Unit' was compiled with an incompatible version of Kotlin. The actual metadata version is 2.1.0, but the compiler version 1.9.0 can read versions up to 2.0.0.
The class is loaded from /Users/wilson.shakya/.gradle/caches/modules-2/files-2.1/org.jetbrains.kotlin/kotlin-stdlib/2.1.0/85f8b81009cda5890e54ba67d64b5e599c645020/kotlin-stdlib-2.1.0.jar!/kotlin/Unit.class
e: file:///Users/wilson.shakya/Documents/GitHub/AppVerse/Elevate/node_modules/react-native-gesture-handler/android/src/main/java/com/swmansion/gesturehandler/core/PanGestureHandler.kt:238:7 Class 'kotlin.Unit' was compiled with an incompatible version of Kotlin. The actual metadata version is 2.1.0, but the compiler version 1.9.0 can read versions up to 2.0.0.
The class is loaded from /Users/wilson.shakya/.gradle/caches/modules-2/files-2.1/org.jetbrains.kotlin/kotlin-stdlib/2.1.0/85f8b81009cda5890e54ba67d64b5e599c645020/kotlin-stdlib-2.1.0.jar!/kotlin/Unit.class
e: file:///Users/wilson.shakya/Documents/GitHub/AppVerse/Elevate/node_modules/react-native-gesture-handler/android/src/main/java/com/swmansion/gesturehandler/core/PanGestureHandler.kt:239:7 Class 'kotlin.Unit' was compiled with an incompatible version of Kotlin. The actual metadata version is 2.1.0, but the compiler version 1.9.0 can read versions up to 2.0.0.
The class is loaded from /Users/wilson.shakya/.gradle/caches/modules-2/files-2.1/org.jetbrains.kotlin/kotlin-stdlib/2.1.0/85f8b81009cda5890e54ba67d64b5e599c645020/kotlin-stdlib-2.1.0.jar!/kotlin/Unit.class
e: file:///Users/wilson.shakya/Documents/GitHub/AppVerse/Elevate/node_modules/react-native-gesture-handler/android/src/main/java/com/swmansion/gesturehandler/core/PanGestureHandler.kt:240:7 Class 'kotlin.Unit' was compiled with an incompatible version of Kotlin. The actual metadata version is 2.1.0, but the compiler version 1.9.0 can read versions up to 2.0.0.
The class is loaded from /Users/wilson.shakya/.gradle/caches/modules-2/files-2.1/org.jetbrains.kotlin/kotlin-stdlib/2.1.0/85f8b81009cda5890e54ba67d64b5e599c645020/kotlin-stdlib-2.1.0.jar!/kotlin/Unit.class
e: file:///Users/wilson.shakya/Documents/GitHub/AppVerse/Elevate/node_modules/react-native-gesture-handler/android/src/main/java/com/swmansion/gesturehandler/core/PanGestureHandler.kt:241:7 Class 'kotlin.Unit' was compiled with an incompatible version of Kotlin. The actual metadata version is 2.1.0, but the compiler version 1.9.0 can read versions up to 2.0.0.
The class is loaded from /Users/wilson.shakya/.gradle/caches/modules-2/files-2.1/org.jetbrains.kotlin/kotlin-stdlib/2.1.0/85f8b81009cda5890e54ba67d64b5e599c645020/kotlin-stdlib-2.1.0.jar!/kotlin/Unit.class
e: file:///Users/wilson.shakya/Documents/GitHub/AppVerse/Elevate/node_modules/react-native-gesture-handler/android/src/main/java/com/swmansion/gesturehandler/core/PanGestureHandler.kt:242:7 Class 'kotlin.Unit' was compiled with an incompatible version of Kotlin. The actual metadata version is 2.1.0, but the compiler version 1.9.0 can read versions up to 2.0.0.
The class is loaded from /Users/wilson.shakya/.gradle/caches/modules-2/files-2.1/org.jetbrains.kotlin/kotlin-stdlib/2.1.0/85f8b81009cda5890e54ba67d64b5e599c645020/kotlin-stdlib-2.1.0.jar!/kotlin/Unit.class
e: file:///Users/wilson.shakya/Documents/GitHub/AppVerse/Elevate/node_modules/react-native-gesture-handler/android/src/main/java/com/swmansion/gesturehandler/core/PanGestureHandler.kt:243:7 Class 'kotlin.Unit' was compiled with an incompatible version of Kotlin. The actual metadata version is 2.1.0, but the compiler version 1.9.0 can read versions up to 2.0.0.
The class is loaded from /Users/wilson.shakya/.gradle/caches/modules-2/files-2.1/org.jetbrains.kotlin/kotlin-stdlib/2.1.0/85f8b81009cda5890e54ba67d64b5e599c645020/kotlin-stdlib-2.1.0.jar!/kotlin/Unit.class
e: file:///Users/wilson.shakya/Documents/GitHub/AppVerse/Elevate/node_modules/react-native-gesture-handler/android/src/main/java/com/swmansion/gesturehandler/core/PanGestureHandler.kt:244:7 Class 'kotlin.Unit' was compiled with an incompatible version of Kotlin. The actual metadata version is 2.1.0, but the compiler version 1.9.0 can read versions up to 2.0.0.
The class is loaded from /Users/wilson.shakya/.gradle/caches/modules-2/files-2.1/org.jetbrains.kotlin/kotlin-stdlib/2.1.0/85f8b81009cda5890e54ba67d64b5e599c645020/kotlin-stdlib-2.1.0.jar!/kotlin/Unit.class
e: file:///Users/wilson.shakya/Documents/GitHub/AppVerse/Elevate/node_modules/react-native-gesture-handler/android/src/main/java/com/swmansion/gesturehandler/core/PanGestureHandler.kt:245:7 Class 'kotlin.Unit' was compiled with an incompatible version of Kotlin. The actual metadata version is 2.1.0, but the compiler version 1.9.0 can read versions up to 2.0.0.
The class is loaded from /Users/wilson.shakya/.gradle/caches/modules-2/files-2.1/org.jetbrains.kotlin/kotlin-stdlib/2.1.0/85f8b81009cda5890e54ba67d64b5e599c645020/kotlin-stdlib-2.1.0.jar!/kotlin/Unit.class
e: file:///Users/wilson.shakya/Documents/GitHub/AppVerse/Elevate/node_modules/react-native-gesture-handler/android/src/main/java/com/swmansion/gesturehandler/core/PanGestureHandler.kt:249:11 Class 'kotlin.Unit' was compiled with an incompatible version of Kotlin. The actual metadata version is 2.1.0, but the compiler version 1.9.0 can read versions up to 2.0.0.
The class is loaded from /Users/wilson.shakya/.gradle/caches/modules-2/files-2.1/org.jetbrains.kotlin/kotlin-stdlib/2.1.0/85f8b81009cda5890e54ba67d64b5e599c645020/kotlin-stdlib-2.1.0.jar!/kotlin/Unit.class
e: file:///Users/wilson.shakya/Documents/GitHub/AppVerse/Elevate/node_modules/react-native-gesture-handler/android/src/main/java/com/swmansion/gesturehandler/core/PanGestureHandler.kt:254:7 Class 'kotlin.Unit' was compiled with an incompatible version of Kotlin. The actual metadata version is 2.1.0, but the compiler version 1.9.0 can read versions up to 2.0.0.
The class is loaded from /Users/wilson.shakya/.gradle/caches/modules-2/files-2.1/org.jetbrains.kotlin/kotlin-stdlib/2.1.0/85f8b81009cda5890e54ba67d64b5e599c645020/kotlin-stdlib-2.1.0.jar!/kotlin/Unit.class
e: file:///Users/wilson.shakya/Documents/GitHub/AppVerse/Elevate/node_modules/react-native-gesture-handler/android/src/main/java/com/swmansion/gesturehandler/core/PanGestureHandler.kt:255:25 Class 'kotlin.Unit' was compiled with an incompatible version of Kotlin. The actual metadata version is 2.1.0, but the compiler version 1.9.0 can read versions up to 2.0.0.
The class is loaded from /Users/wilson.shakya/.gradle/caches/modules-2/files-2.1/org.jetbrains.kotlin/kotlin-stdlib/2.1.0/85f8b81009cda5890e54ba67d64b5e599c645020/kotlin-stdlib-2.1.0.jar!/kotlin/Unit.class
e: file:///Users/wilson.shakya/Documents/GitHub/AppVerse/Elevate/node_modules/react-native-gesture-handler/android/src/main/java/com/swmansion/gesturehandler/core/PanGestureHandler.kt:256:7 Class 'kotlin.Unit' was compiled with an incompatible version of Kotlin. The actual metadata version is 2.1.0, but the compiler version 1.9.0 can read versions up to 2.0.0.
The class is loaded from /Users/wilson.shakya/.gradle/caches/modules-2/files-2.1/org.jetbrains.kotlin/kotlin-stdlib/2.1.0/85f8b81009cda5890e54ba67d64b5e599c645020/kotlin-stdlib-2.1.0.jar!/kotlin/Unit.class
e: file:///Users/wilson.shakya/Documents/GitHub/AppVerse/Elevate/node_modules/react-native-gesture-handler/android/src/main/java/com/swmansion/gesturehandler/core/PanGestureHandler.kt:257:7 Class 'kotlin.Unit' was compiled with an incompatible version of Kotlin. The actual metadata version is 2.1.0, but the compiler version 1.9.0 can read versions up to 2.0.0.
The class is loaded from /Users/wilson.shakya/.gradle/caches/modules-2/files-2.1/org.jetbrains.kotlin/kotlin-stdlib/2.1.0/85f8b81009cda5890e54ba67d64b5e599c645020/kotlin-stdlib-2.1.0.jar!/kotlin/Unit.class
e: file:///Users/wilson.shakya/Documents/GitHub/AppVerse/Elevate/node_modules/react-native-gesture-handler/android/src/main/java/com/swmansion/gesturehandler/core/PanGestureHandler.kt:259:5 Class 'kotlin.Unit' was compiled with an incompatible version of Kotlin. The actual metadata version is 2.1.0, but the compiler version 1.9.0 can read versions up to 2.0.0.
The class is loaded from /Users/wilson.shakya/.gradle/caches/modules-2/files-2.1/org.jetbrains.kotlin/kotlin-stdlib/2.1.0/85f8b81009cda5890e54ba67d64b5e599c645020/kotlin-stdlib-2.1.0.jar!/kotlin/Unit.class
e: file:///Users/wilson.shakya/Documents/GitHub/AppVerse/Elevate/node_modules/react-native-gesture-handler/android/src/main/java/com/swmansion/gesturehandler/core/PanGestureHandler.kt:260:7 Class 'kotlin.Unit' was compiled with an incompatible version of Kotlin. The actual metadata version is 2.1.0, but the compiler version 1.9.0 can read versions up to 2.0.0.
The class is loaded from /Users/wilson.shakya/.gradle/caches/modules-2/files-2.1/org.jetbrains.kotlin/kotlin-stdlib/2.1.0/85f8b81009cda5890e54ba67d64b5e599c645020/kotlin-stdlib-2.1.0.jar!/kotlin/Unit.class
e: file:///Users/wilson.shakya/Documents/GitHub/AppVerse/Elevate/node_modules/react-native-gesture-handler/android/src/main/java/com/swmansion/gesturehandler/core/PanGestureHandler.kt:261:9 Class 'kotlin.Unit' was compiled with an incompatible version of Kotlin. The actual metadata version is 2.1.0, but the compiler version 1.9.0 can read versions up to 2.0.0.
The class is loaded from /Users/wilson.shakya/.gradle/caches/modules-2/files-2.1/org.jetbrains.kotlin/kotlin-stdlib/2.1.0/85f8b81009cda5890e54ba67d64b5e599c645020/kotlin-stdlib-2.1.0.jar!/kotlin/Unit.class
e: file:///Users/wilson.shakya/Documents/GitHub/AppVerse/Elevate/node_modules/react-native-gesture-handler/android/src/main/java/com/swmansion/gesturehandler/core/PanGestureHandler.kt:263:9 Class 'kotlin.Unit' was compiled with an incompatible version of Kotlin. The actual metadata version is 2.1.0, but the compiler version 1.9.0 can read versions up to 2.0.0.
The class is loaded from /Users/wilson.shakya/.gradle/caches/modules-2/files-2.1/org.jetbrains.kotlin/kotlin-stdlib/2.1.0/85f8b81009cda5890e54ba67d64b5e599c645020/kotlin-stdlib-2.1.0.jar!/kotlin/Unit.class
e: file:///Users/wilson.shakya/Documents/GitHub/AppVerse/Elevate/node_modules/react-native-gesture-handler/android/src/main/java/com/swmansion/gesturehandler/core/PanGestureHandler.kt:265:12 Class 'kotlin.Unit' was compiled with an incompatible version of Kotlin. The actual metadata version is 2.1.0, but the compiler version 1.9.0 can read versions up to 2.0.0.
The class is loaded from /Users/wilson.shakya/.gradle/caches/modules-2/files-2.1/org.jetbrains.kotlin/kotlin-stdlib/2.1.0/85f8b81009cda5890e54ba67d64b5e599c645020/kotlin-stdlib-2.1.0.jar!/kotlin/Unit.class
e: file:///Users/wilson.shakya/Documents/GitHub/AppVerse/Elevate/node_modules/react-native-gesture-handler/android/src/main/java/com/swmansion/gesturehandler/core/PanGestureHandler.kt:267:7 Class 'kotlin.Unit' was compiled with an incompatible version of Kotlin. The actual metadata version is 2.1.0, but the compiler version 1.9.0 can read versions up to 2.0.0.
The class is loaded from /Users/wilson.shakya/.gradle/caches/modules-2/files-2.1/org.jetbrains.kotlin/kotlin-stdlib/2.1.0/85f8b81009cda5890e54ba67d64b5e599c645020/kotlin-stdlib-2.1.0.jar!/kotlin/Unit.class
e: file:///Users/wilson.shakya/Documents/GitHub/AppVerse/Elevate/node_modules/react-native-gesture-handler/android/src/main/java/com/swmansion/gesturehandler/core/PanGestureHandler.kt:268:9 Class 'kotlin.Unit' was compiled with an incompatible version of Kotlin. The actual metadata version is 2.1.0, but the compiler version 1.9.0 can read versions up to 2.0.0.
The class is loaded from /Users/wilson.shakya/.gradle/caches/modules-2/files-2.1/org.jetbrains.kotlin/kotlin-stdlib/2.1.0/85f8b81009cda5890e54ba67d64b5e599c645020/kotlin-stdlib-2.1.0.jar!/kotlin/Unit.class
e: file:///Users/wilson.shakya/Documents/GitHub/AppVerse/Elevate/node_modules/react-native-gesture-handler/android/src/main/java/com/swmansion/gesturehandler/core/PanGestureHandler.kt:270:9 Class 'kotlin.Unit' was compiled with an incompatible version of Kotlin. The actual metadata version is 2.1.0, but the compiler version 1.9.0 can read versions up to 2.0.0.
The class is loaded from /Users/wilson.shakya/.gradle/caches/modules-2/files-2.1/org.jetbrains.kotlin/kotlin-stdlib/2.1.0/85f8b81009cda5890e54ba67d64b5e599c645020/kotlin-stdlib-2.1.0.jar!/kotlin/Unit.class
e: file:///Users/wilson.shakya/Documents/GitHub/AppVerse/Elevate/node_modules/react-native-gesture-handler/android/src/main/java/com/swmansion/gesturehandler/core/PanGestureHandler.kt:272:12 Class 'kotlin.Unit' was compiled with an incompatible version of Kotlin. The actual metadata version is 2.1.0, but the compiler version 1.9.0 can read versions up to 2.0.0.
The class is loaded from /Users/wilson.shakya/.gradle/caches/modules-2/files-2.1/org.jetbrains.kotlin/kotlin-stdlib/2.1.0/85f8b81009cda5890e54ba67d64b5e599c645020/kotlin-stdlib-2.1.0.jar!/kotlin/Unit.class
e: file:///Users/wilson.shakya/Documents/GitHub/AppVerse/Elevate/node_modules/react-native-gesture-handler/android/src/main/java/com/swmansion/gesturehandler/core/PanGestureHandler.kt:276:7 Class 'kotlin.Unit' was compiled with an incompatible version of Kotlin. The actual metadata version is 2.1.0, but the compiler version 1.9.0 can read versions up to 2.0.0.
The class is loaded from /Users/wilson.shakya/.gradle/caches/modules-2/files-2.1/org.jetbrains.kotlin/kotlin-stdlib/2.1.0/85f8b81009cda5890e54ba67d64b5e599c645020/kotlin-stdlib-2.1.0.jar!/kotlin/Unit.class
e: file:///Users/wilson.shakya/Documents/GitHub/AppVerse/Elevate/node_modules/react-native-gesture-handler/android/src/main/java/com/swmansion/gesturehandler/core/PanGestureHandler.kt:278:7 Class 'kotlin.Unit' was compiled with an incompatible version of Kotlin. The actual metadata version is 2.1.0, but the compiler version 1.9.0 can read versions up to 2.0.0.
The class is loaded from /Users/wilson.shakya/.gradle/caches/modules-2/files-2.1/org.jetbrains.kotlin/kotlin-stdlib/2.1.0/85f8b81009cda5890e54ba67d64b5e599c645020/kotlin-stdlib-2.1.0.jar!/kotlin/Unit.class
e: file:///Users/wilson.shakya/Documents/GitHub/AppVerse/Elevate/node_modules/react-native-gesture-handler/android/src/main/java/com/swmansion/gesturehandler/core/PanGestureHandler.kt:279:9 Class 'kotlin.Unit' was compiled with an incompatible version of Kotlin. The actual metadata version is 2.1.0, but the compiler version 1.9.0 can read versions up to 2.0.0.
The class is loaded from /Users/wilson.shakya/.gradle/caches/modules-2/files-2.1/org.jetbrains.kotlin/kotlin-stdlib/2.1.0/85f8b81009cda5890e54ba67d64b5e599c645020/kotlin-stdlib-2.1.0.jar!/kotlin/Unit.class
e: file:///Users/wilson.shakya/Documents/GitHub/AppVerse/Elevate/node_modules/react-native-gesture-handler/android/src/main/java/com/swmansion/gesturehandler/core/PanGestureHandler.kt:281:9 Class 'kotlin.Unit' was compiled with an incompatible version of Kotlin. The actual metadata version is 2.1.0, but the compiler version 1.9.0 can read versions up to 2.0.0.
The class is loaded from /Users/wilson.shakya/.gradle/caches/modules-2/files-2.1/org.jetbrains.kotlin/kotlin-stdlib/2.1.0/85f8b81009cda5890e54ba67d64b5e599c645020/kotlin-stdlib-2.1.0.jar!/kotlin/Unit.class
e: file:///Users/wilson.shakya/Documents/GitHub/AppVerse/Elevate/node_modules/react-native-gesture-handler/android/src/main/java/com/swmansion/gesturehandler/core/PanGestureHandler.kt:289:7 Class 'kotlin.Unit' was compiled with an incompatible version of Kotlin. The actual metadata version is 2.1.0, but the compiler version 1.9.0 can read versions up to 2.0.0.
The class is loaded from /Users/wilson.shakya/.gradle/caches/modules-2/files-2.1/org.jetbrains.kotlin/kotlin-stdlib/2.1.0/85f8b81009cda5890e54ba67d64b5e599c645020/kotlin-stdlib-2.1.0.jar!/kotlin/Unit.class
e: file:///Users/wilson.shakya/Documents/GitHub/AppVerse/Elevate/node_modules/react-native-gesture-handler/android/src/main/java/com/swmansion/gesturehandler/core/PanGestureHandler.kt:291:11 Class 'kotlin.Unit' was compiled with an incompatible version of Kotlin. The actual metadata version is 2.1.0, but the compiler version 1.9.0 can read versions up to 2.0.0.
The class is loaded from /Users/wilson.shakya/.gradle/caches/modules-2/files-2.1/org.jetbrains.kotlin/kotlin-stdlib/2.1.0/85f8b81009cda5890e54ba67d64b5e599c645020/kotlin-stdlib-2.1.0.jar!/kotlin/Unit.class
e: file:///Users/wilson.shakya/Documents/GitHub/AppVerse/Elevate/node_modules/react-native-gesture-handler/android/src/main/java/com/swmansion/gesturehandler/core/PanGestureHandler.kt:295:14 Class 'kotlin.Unit' was compiled with an incompatible version of Kotlin. The actual metadata version is 2.1.0, but the compiler version 1.9.0 can read versions up to 2.0.0.
The class is loaded from /Users/wilson.shakya/.gradle/caches/modules-2/files-2.1/org.jetbrains.kotlin/kotlin-stdlib/2.1.0/85f8b81009cda5890e54ba67d64b5e599c645020/kotlin-stdlib-2.1.0.jar!/kotlin/Unit.class
e: file:///Users/wilson.shakya/Documents/GitHub/AppVerse/Elevate/node_modules/react-native-gesture-handler/android/src/main/java/com/swmansion/gesturehandler/core/PanGestureHandler.kt:299:14 Class 'kotlin.Unit' was compiled with an incompatible version of Kotlin. The actual metadata version is 2.1.0, but the compiler version 1.9.0 can read versions up to 2.0.0.
The class is loaded from /Users/wilson.shakya/.gradle/caches/modules-2/files-2.1/org.jetbrains.kotlin/kotlin-stdlib/2.1.0/85f8b81009cda5890e54ba67d64b5e599c645020/kotlin-stdlib-2.1.0.jar!/kotlin/Unit.class
e: file:///Users/wilson.shakya/Documents/GitHub/AppVerse/Elevate/node_modules/react-native-gesture-handler/android/src/main/java/com/swmansion/gesturehandler/core/PanGestureHandler.kt:300:22 Unresolved reference: let
e: file:///Users/wilson.shakya/Documents/GitHub/AppVerse/Elevate/node_modules/react-native-gesture-handler/android/src/main/java/com/swmansion/gesturehandler/core/PanGestureHandler.kt:301:7 Unresolved reference: it
e: file:///Users/wilson.shakya/Documents/GitHub/AppVerse/Elevate/node_modules/react-native-gesture-handler/android/src/main/java/com/swmansion/gesturehandler/core/PanGestureHandler.kt:302:7 Class 'kotlin.Unit' was compiled with an incompatible version of Kotlin. The actual metadata version is 2.1.0, but the compiler version 1.9.0 can read versions up to 2.0.0.
The class is loaded from /Users/wilson.shakya/.gradle/caches/modules-2/files-2.1/org.jetbrains.kotlin/kotlin-stdlib/2.1.0/85f8b81009cda5890e54ba67d64b5e599c645020/kotlin-stdlib-2.1.0.jar!/kotlin/Unit.class
e: file:///Users/wilson.shakya/Documents/GitHub/AppVerse/Elevate/node_modules/react-native-gesture-handler/android/src/main/java/com/swmansion/gesturehandler/core/PanGestureHandler.kt:305:5 Class 'kotlin.Unit' was compiled with an incompatible version of Kotlin. The actual metadata version is 2.1.0, but the compiler version 1.9.0 can read versions up to 2.0.0.
The class is loaded from /Users/wilson.shakya/.gradle/caches/modules-2/files-2.1/org.jetbrains.kotlin/kotlin-stdlib/2.1.0/85f8b81009cda5890e54ba67d64b5e599c645020/kotlin-stdlib-2.1.0.jar!/kotlin/Unit.class
e: file:///Users/wilson.shakya/Documents/GitHub/AppVerse/Elevate/node_modules/react-native-gesture-handler/android/src/main/java/com/swmansion/gesturehandler/core/PanGestureHandler.kt:309:5 Class 'kotlin.Unit' was compiled with an incompatible version of Kotlin. The actual metadata version is 2.1.0, but the compiler version 1.9.0 can read versions up to 2.0.0.
The class is loaded from /Users/wilson.shakya/.gradle/caches/modules-2/files-2.1/org.jetbrains.kotlin/kotlin-stdlib/2.1.0/85f8b81009cda5890e54ba67d64b5e599c645020/kotlin-stdlib-2.1.0.jar!/kotlin/Unit.class
e: file:///Users/wilson.shakya/Documents/GitHub/AppVerse/Elevate/node_modules/react-native-gesture-handler/android/src/main/java/com/swmansion/gesturehandler/core/PanGestureHandler.kt:310:5 Class 'kotlin.Unit' was compiled with an incompatible version of Kotlin. The actual metadata version is 2.1.0, but the compiler version 1.9.0 can read versions up to 2.0.0.
The class is loaded from /Users/wilson.shakya/.gradle/caches/modules-2/files-2.1/org.jetbrains.kotlin/kotlin-stdlib/2.1.0/85f8b81009cda5890e54ba67d64b5e599c645020/kotlin-stdlib-2.1.0.jar!/kotlin/Unit.class
e: file:///Users/wilson.shakya/Documents/GitHub/AppVerse/Elevate/node_modules/react-native-gesture-handler/android/src/main/java/com/swmansion/gesturehandler/core/PanGestureHandler.kt:329:13 Class 'kotlin.Unit' was compiled with an incompatible version of Kotlin. The actual metadata version is 2.1.0, but the compiler version 1.9.0 can read versions up to 2.0.0.
The class is loaded from /Users/wilson.shakya/.gradle/caches/modules-2/files-2.1/org.jetbrains.kotlin/kotlin-stdlib/2.1.0/85f8b81009cda5890e54ba67d64b5e599c645020/kotlin-stdlib-2.1.0.jar!/kotlin/Unit.class
e: file:///Users/wilson.shakya/Documents/GitHub/AppVerse/Elevate/node_modules/react-native-gesture-handler/android/src/main/java/com/swmansion/gesturehandler/core/PanGestureHandler.kt:330:17 Class 'kotlin.Unit' was compiled with an incompatible version of Kotlin. The actual metadata version is 2.1.0, but the compiler version 1.9.0 can read versions up to 2.0.0.
The class is loaded from /Users/wilson.shakya/.gradle/caches/modules-2/files-2.1/org.jetbrains.kotlin/kotlin-stdlib/2.1.0/85f8b81009cda5890e54ba67d64b5e599c645020/kotlin-stdlib-2.1.0.jar!/kotlin/Unit.class
e: file:///Users/wilson.shakya/Documents/GitHub/AppVerse/Elevate/node_modules/react-native-gesture-handler/android/src/main/java/com/swmansion/gesturehandler/core/PanGestureHandler.kt:331:13 Class 'kotlin.Unit' was compiled with an incompatible version of Kotlin. The actual metadata version is 2.1.0, but the compiler version 1.9.0 can read versions up to 2.0.0.
The class is loaded from /Users/wilson.shakya/.gradle/caches/modules-2/files-2.1/org.jetbrains.kotlin/kotlin-stdlib/2.1.0/85f8b81009cda5890e54ba67d64b5e599c645020/kotlin-stdlib-2.1.0.jar!/kotlin/Unit.class
e: file:///Users/wilson.shakya/Documents/GitHub/AppVerse/Elevate/node_modules/react-native-gesture-handler/android/src/main/java/com/swmansion/gesturehandler/core/PinchGestureHandler.kt:6:20 Unresolved reference: abs
e: file:///Users/wilson.shakya/Documents/GitHub/AppVerse/Elevate/node_modules/react-native-gesture-handler/android/src/main/java/com/swmansion/gesturehandler/core/PinchGestureHandler.kt:25:7 Class 'kotlin.Unit' was compiled with an incompatible version of Kotlin. The actual metadata version is 2.1.0, but the compiler version 1.9.0 can read versions up to 2.0.0.
The class is loaded from /Users/wilson.shakya/.gradle/caches/modules-2/files-2.1/org.jetbrains.kotlin/kotlin-stdlib/2.1.0/85f8b81009cda5890e54ba67d64b5e599c645020/kotlin-stdlib-2.1.0.jar!/kotlin/Unit.class
e: file:///Users/wilson.shakya/Documents/GitHub/AppVerse/Elevate/node_modules/react-native-gesture-handler/android/src/main/java/com/swmansion/gesturehandler/core/PinchGestureHandler.kt:29:9 Class 'kotlin.Unit' was compiled with an incompatible version of Kotlin. The actual metadata version is 2.1.0, but the compiler version 1.9.0 can read versions up to 2.0.0.
The class is loaded from /Users/wilson.shakya/.gradle/caches/modules-2/files-2.1/org.jetbrains.kotlin/kotlin-stdlib/2.1.0/85f8b81009cda5890e54ba67d64b5e599c645020/kotlin-stdlib-2.1.0.jar!/kotlin/Unit.class
e: file:///Users/wilson.shakya/Documents/GitHub/AppVerse/Elevate/node_modules/react-native-gesture-handler/android/src/main/java/com/swmansion/gesturehandler/core/PinchGestureHandler.kt:31:11 Unresolved reference: abs
e: file:///Users/wilson.shakya/Documents/GitHub/AppVerse/Elevate/node_modules/react-native-gesture-handler/android/src/main/java/com/swmansion/gesturehandler/core/PinchGestureHandler.kt:34:9 Class 'kotlin.Unit' was compiled with an incompatible version of Kotlin. The actual metadata version is 2.1.0, but the compiler version 1.9.0 can read versions up to 2.0.0.
The class is loaded from /Users/wilson.shakya/.gradle/caches/modules-2/files-2.1/org.jetbrains.kotlin/kotlin-stdlib/2.1.0/85f8b81009cda5890e54ba67d64b5e599c645020/kotlin-stdlib-2.1.0.jar!/kotlin/Unit.class
e: file:///Users/wilson.shakya/Documents/GitHub/AppVerse/Elevate/node_modules/react-native-gesture-handler/android/src/main/java/com/swmansion/gesturehandler/core/PinchGestureHandler.kt:44:7 Class 'kotlin.Unit' was compiled with an incompatible version of Kotlin. The actual metadata version is 2.1.0, but the compiler version 1.9.0 can read versions up to 2.0.0.
The class is loaded from /Users/wilson.shakya/.gradle/caches/modules-2/files-2.1/org.jetbrains.kotlin/kotlin-stdlib/2.1.0/85f8b81009cda5890e54ba67d64b5e599c645020/kotlin-stdlib-2.1.0.jar!/kotlin/Unit.class
e: file:///Users/wilson.shakya/Documents/GitHub/AppVerse/Elevate/node_modules/react-native-gesture-handler/android/src/main/java/com/swmansion/gesturehandler/core/PinchGestureHandler.kt:57:7 Class 'kotlin.Unit' was compiled with an incompatible version of Kotlin. The actual metadata version is 2.1.0, but the compiler version 1.9.0 can read versions up to 2.0.0.
The class is loaded from /Users/wilson.shakya/.gradle/caches/modules-2/files-2.1/org.jetbrains.kotlin/kotlin-stdlib/2.1.0/85f8b81009cda5890e54ba67d64b5e599c645020/kotlin-stdlib-2.1.0.jar!/kotlin/Unit.class
e: file:///Users/wilson.shakya/Documents/GitHub/AppVerse/Elevate/node_modules/react-native-gesture-handler/android/src/main/java/com/swmansion/gesturehandler/core/PinchGestureHandler.kt:58:7 Class 'kotlin.Unit' was compiled with an incompatible version of Kotlin. The actual metadata version is 2.1.0, but the compiler version 1.9.0 can read versions up to 2.0.0.
The class is loaded from /Users/wilson.shakya/.gradle/caches/modules-2/files-2.1/org.jetbrains.kotlin/kotlin-stdlib/2.1.0/85f8b81009cda5890e54ba67d64b5e599c645020/kotlin-stdlib-2.1.0.jar!/kotlin/Unit.class
e: file:///Users/wilson.shakya/Documents/GitHub/AppVerse/Elevate/node_modules/react-native-gesture-handler/android/src/main/java/com/swmansion/gesturehandler/core/PinchGestureHandler.kt:60:7 Class 'kotlin.Unit' was compiled with an incompatible version of Kotlin. The actual metadata version is 2.1.0, but the compiler version 1.9.0 can read versions up to 2.0.0.
The class is loaded from /Users/wilson.shakya/.gradle/caches/modules-2/files-2.1/org.jetbrains.kotlin/kotlin-stdlib/2.1.0/85f8b81009cda5890e54ba67d64b5e599c645020/kotlin-stdlib-2.1.0.jar!/kotlin/Unit.class
e: file:///Users/wilson.shakya/Documents/GitHub/AppVerse/Elevate/node_modules/react-native-gesture-handler/android/src/main/java/com/swmansion/gesturehandler/core/PinchGestureHandler.kt:63:12 Class 'kotlin.Unit' was compiled with an incompatible version of Kotlin. The actual metadata version is 2.1.0, but the compiler version 1.9.0 can read versions up to 2.0.0.
The class is loaded from /Users/wilson.shakya/.gradle/caches/modules-2/files-2.1/org.jetbrains.kotlin/kotlin-stdlib/2.1.0/85f8b81009cda5890e54ba67d64b5e599c645020/kotlin-stdlib-2.1.0.jar!/kotlin/Unit.class
e: file:///Users/wilson.shakya/Documents/GitHub/AppVerse/Elevate/node_modules/react-native-gesture-handler/android/src/main/java/com/swmansion/gesturehandler/core/PinchGestureHandler.kt:64:12 Class 'kotlin.Unit' was compiled with an incompatible version of Kotlin. The actual metadata version is 2.1.0, but the compiler version 1.9.0 can read versions up to 2.0.0.
The class is loaded from /Users/wilson.shakya/.gradle/caches/modules-2/files-2.1/org.jetbrains.kotlin/kotlin-stdlib/2.1.0/85f8b81009cda5890e54ba67d64b5e599c645020/kotlin-stdlib-2.1.0.jar!/kotlin/Unit.class
e: file:///Users/wilson.shakya/Documents/GitHub/AppVerse/Elevate/node_modules/react-native-gesture-handler/android/src/main/java/com/swmansion/gesturehandler/core/PinchGestureHandler.kt:66:7 Class 'kotlin.Unit' was compiled with an incompatible version of Kotlin. The actual metadata version is 2.1.0, but the compiler version 1.9.0 can read versions up to 2.0.0.
The class is loaded from /Users/wilson.shakya/.gradle/caches/modules-2/files-2.1/org.jetbrains.kotlin/kotlin-stdlib/2.1.0/85f8b81009cda5890e54ba67d64b5e599c645020/kotlin-stdlib-2.1.0.jar!/kotlin/Unit.class
e: file:///Users/wilson.shakya/Documents/GitHub/AppVerse/Elevate/node_modules/react-native-gesture-handler/android/src/main/java/com/swmansion/gesturehandler/core/PinchGestureHandler.kt:69:27 Unresolved reference: let
e: file:///Users/wilson.shakya/Documents/GitHub/AppVerse/Elevate/node_modules/react-native-gesture-handler/android/src/main/java/com/swmansion/gesturehandler/core/PinchGestureHandler.kt:70:41 Unresolved reference: it
e: file:///Users/wilson.shakya/Documents/GitHub/AppVerse/Elevate/node_modules/react-native-gesture-handler/android/src/main/java/com/swmansion/gesturehandler/core/PinchGestureHandler.kt:70:52 Unresolved reference: it
e: file:///Users/wilson.shakya/Documents/GitHub/AppVerse/Elevate/node_modules/react-native-gesture-handler/android/src/main/java/com/swmansion/gesturehandler/core/PinchGestureHandler.kt:71:12 Class 'kotlin.Unit' was compiled with an incompatible version of Kotlin. The actual metadata version is 2.1.0, but the compiler version 1.9.0 can read versions up to 2.0.0.
The class is loaded from /Users/wilson.shakya/.gradle/caches/modules-2/files-2.1/org.jetbrains.kotlin/kotlin-stdlib/2.1.0/85f8b81009cda5890e54ba67d64b5e599c645020/kotlin-stdlib-2.1.0.jar!/kotlin/Unit.class
e: file:///Users/wilson.shakya/Documents/GitHub/AppVerse/Elevate/node_modules/react-native-gesture-handler/android/src/main/java/com/swmansion/gesturehandler/core/PinchGestureHandler.kt:72:12 Class 'kotlin.Unit' was compiled with an incompatible version of Kotlin. The actual metadata version is 2.1.0, but the compiler version 1.9.0 can read versions up to 2.0.0.
The class is loaded from /Users/wilson.shakya/.gradle/caches/modules-2/files-2.1/org.jetbrains.kotlin/kotlin-stdlib/2.1.0/85f8b81009cda5890e54ba67d64b5e599c645020/kotlin-stdlib-2.1.0.jar!/kotlin/Unit.class
e: file:///Users/wilson.shakya/Documents/GitHub/AppVerse/Elevate/node_modules/react-native-gesture-handler/android/src/main/java/com/swmansion/gesturehandler/core/PinchGestureHandler.kt:76:7 Class 'kotlin.Unit' was compiled with an incompatible version of Kotlin. The actual metadata version is 2.1.0, but the compiler version 1.9.0 can read versions up to 2.0.0.
The class is loaded from /Users/wilson.shakya/.gradle/caches/modules-2/files-2.1/org.jetbrains.kotlin/kotlin-stdlib/2.1.0/85f8b81009cda5890e54ba67d64b5e599c645020/kotlin-stdlib-2.1.0.jar!/kotlin/Unit.class
e: file:///Users/wilson.shakya/Documents/GitHub/AppVerse/Elevate/node_modules/react-native-gesture-handler/android/src/main/java/com/swmansion/gesturehandler/core/PinchGestureHandler.kt:77:9 Class 'kotlin.Unit' was compiled with an incompatible version of Kotlin. The actual metadata version is 2.1.0, but the compiler version 1.9.0 can read versions up to 2.0.0.
The class is loaded from /Users/wilson.shakya/.gradle/caches/modules-2/files-2.1/org.jetbrains.kotlin/kotlin-stdlib/2.1.0/85f8b81009cda5890e54ba67d64b5e599c645020/kotlin-stdlib-2.1.0.jar!/kotlin/Unit.class
e: file:///Users/wilson.shakya/Documents/GitHub/AppVerse/Elevate/node_modules/react-native-gesture-handler/android/src/main/java/com/swmansion/gesturehandler/core/PinchGestureHandler.kt:79:9 Class 'kotlin.Unit' was compiled with an incompatible version of Kotlin. The actual metadata version is 2.1.0, but the compiler version 1.9.0 can read versions up to 2.0.0.
The class is loaded from /Users/wilson.shakya/.gradle/caches/modules-2/files-2.1/org.jetbrains.kotlin/kotlin-stdlib/2.1.0/85f8b81009cda5890e54ba67d64b5e599c645020/kotlin-stdlib-2.1.0.jar!/kotlin/Unit.class
e: file:///Users/wilson.shakya/Documents/GitHub/AppVerse/Elevate/node_modules/react-native-gesture-handler/android/src/main/java/com/swmansion/gesturehandler/core/PinchGestureHandler.kt:87:7 Class 'kotlin.Unit' was compiled with an incompatible version of Kotlin. The actual metadata version is 2.1.0, but the compiler version 1.9.0 can read versions up to 2.0.0.
The class is loaded from /Users/wilson.shakya/.gradle/caches/modules-2/files-2.1/org.jetbrains.kotlin/kotlin-stdlib/2.1.0/85f8b81009cda5890e54ba67d64b5e599c645020/kotlin-stdlib-2.1.0.jar!/kotlin/Unit.class
e: file:///Users/wilson.shakya/Documents/GitHub/AppVerse/Elevate/node_modules/react-native-gesture-handler/android/src/main/java/com/swmansion/gesturehandler/core/PinchGestureHandler.kt:89:11 Class 'kotlin.Unit' was compiled with an incompatible version of Kotlin. The actual metadata version is 2.1.0, but the compiler version 1.9.0 can read versions up to 2.0.0.
The class is loaded from /Users/wilson.shakya/.gradle/caches/modules-2/files-2.1/org.jetbrains.kotlin/kotlin-stdlib/2.1.0/85f8b81009cda5890e54ba67d64b5e599c645020/kotlin-stdlib-2.1.0.jar!/kotlin/Unit.class
e: file:///Users/wilson.shakya/Documents/GitHub/AppVerse/Elevate/node_modules/react-native-gesture-handler/android/src/main/java/com/swmansion/gesturehandler/core/PinchGestureHandler.kt:93:5 Class 'kotlin.Unit' was compiled with an incompatible version of Kotlin. The actual metadata version is 2.1.0, but the compiler version 1.9.0 can read versions up to 2.0.0.
The class is loaded from /Users/wilson.shakya/.gradle/caches/modules-2/files-2.1/org.jetbrains.kotlin/kotlin-stdlib/2.1.0/85f8b81009cda5890e54ba67d64b5e599c645020/kotlin-stdlib-2.1.0.jar!/kotlin/Unit.class
e: file:///Users/wilson.shakya/Documents/GitHub/AppVerse/Elevate/node_modules/react-native-gesture-handler/android/src/main/java/com/swmansion/gesturehandler/core/PinchGestureHandler.kt:94:5 Class 'kotlin.Unit' was compiled with an incompatible version of Kotlin. The actual metadata version is 2.1.0, but the compiler version 1.9.0 can read versions up to 2.0.0.
The class is loaded from /Users/wilson.shakya/.gradle/caches/modules-2/files-2.1/org.jetbrains.kotlin/kotlin-stdlib/2.1.0/85f8b81009cda5890e54ba67d64b5e599c645020/kotlin-stdlib-2.1.0.jar!/kotlin/Unit.class
e: file:///Users/wilson.shakya/Documents/GitHub/AppVerse/Elevate/node_modules/react-native-gesture-handler/android/src/main/java/com/swmansion/gesturehandler/core/PinchGestureHandler.kt:95:5 Class 'kotlin.Unit' was compiled with an incompatible version of Kotlin. The actual metadata version is 2.1.0, but the compiler version 1.9.0 can read versions up to 2.0.0.
The class is loaded from /Users/wilson.shakya/.gradle/caches/modules-2/files-2.1/org.jetbrains.kotlin/kotlin-stdlib/2.1.0/85f8b81009cda5890e54ba67d64b5e599c645020/kotlin-stdlib-2.1.0.jar!/kotlin/Unit.class
e: file:///Users/wilson.shakya/Documents/GitHub/AppVerse/Elevate/node_modules/react-native-gesture-handler/android/src/main/java/com/swmansion/gesturehandler/core/PinchGestureHandler.kt:96:5 Class 'kotlin.Unit' was compiled with an incompatible version of Kotlin. The actual metadata version is 2.1.0, but the compiler version 1.9.0 can read versions up to 2.0.0.
The class is loaded from /Users/wilson.shakya/.gradle/caches/modules-2/files-2.1/org.jetbrains.kotlin/kotlin-stdlib/2.1.0/85f8b81009cda5890e54ba67d64b5e599c645020/kotlin-stdlib-2.1.0.jar!/kotlin/Unit.class
e: file:///Users/wilson.shakya/Documents/GitHub/AppVerse/Elevate/node_modules/react-native-gesture-handler/android/src/main/java/com/swmansion/gesturehandler/core/PinchGestureHandler.kt:100:5 Class 'kotlin.Unit' was compiled with an incompatible version of Kotlin. The actual metadata version is 2.1.0, but the compiler version 1.9.0 can read versions up to 2.0.0.
The class is loaded from /Users/wilson.shakya/.gradle/caches/modules-2/files-2.1/org.jetbrains.kotlin/kotlin-stdlib/2.1.0/85f8b81009cda5890e54ba67d64b5e599c645020/kotlin-stdlib-2.1.0.jar!/kotlin/Unit.class
e: file:///Users/wilson.shakya/Documents/GitHub/AppVerse/Elevate/node_modules/react-native-gesture-handler/android/src/main/java/com/swmansion/gesturehandler/core/PinchGestureHandler.kt:101:5 Class 'kotlin.Unit' was compiled with an incompatible version of Kotlin. The actual metadata version is 2.1.0, but the compiler version 1.9.0 can read versions up to 2.0.0.
The class is loaded from /Users/wilson.shakya/.gradle/caches/modules-2/files-2.1/org.jetbrains.kotlin/kotlin-stdlib/2.1.0/85f8b81009cda5890e54ba67d64b5e599c645020/kotlin-stdlib-2.1.0.jar!/kotlin/Unit.class
e: file:///Users/wilson.shakya/Documents/GitHub/AppVerse/Elevate/node_modules/react-native-gesture-handler/android/src/main/java/com/swmansion/gesturehandler/core/RotationGestureDetector.kt:4:20 Unresolved reference: atan2
e: file:///Users/wilson.shakya/Documents/GitHub/AppVerse/Elevate/node_modules/react-native-gesture-handler/android/src/main/java/com/swmansion/gesturehandler/core/RotationGestureDetector.kt:56:5 Class 'kotlin.Unit' was compiled with an incompatible version of Kotlin. The actual metadata version is 2.1.0, but the compiler version 1.9.0 can read versions up to 2.0.0.
The class is loaded from /Users/wilson.shakya/.gradle/caches/modules-2/files-2.1/org.jetbrains.kotlin/kotlin-stdlib/2.1.0/85f8b81009cda5890e54ba67d64b5e599c645020/kotlin-stdlib-2.1.0.jar!/kotlin/Unit.class
e: file:///Users/wilson.shakya/Documents/GitHub/AppVerse/Elevate/node_modules/react-native-gesture-handler/android/src/main/java/com/swmansion/gesturehandler/core/RotationGestureDetector.kt:57:5 Class 'kotlin.Unit' was compiled with an incompatible version of Kotlin. The actual metadata version is 2.1.0, but the compiler version 1.9.0 can read versions up to 2.0.0.
The class is loaded from /Users/wilson.shakya/.gradle/caches/modules-2/files-2.1/org.jetbrains.kotlin/kotlin-stdlib/2.1.0/85f8b81009cda5890e54ba67d64b5e599c645020/kotlin-stdlib-2.1.0.jar!/kotlin/Unit.class
e: file:///Users/wilson.shakya/Documents/GitHub/AppVerse/Elevate/node_modules/react-native-gesture-handler/android/src/main/java/com/swmansion/gesturehandler/core/RotationGestureDetector.kt:74:5 Class 'kotlin.Unit' was compiled with an incompatible version of Kotlin. The actual metadata version is 2.1.0, but the compiler version 1.9.0 can read versions up to 2.0.0.
The class is loaded from /Users/wilson.shakya/.gradle/caches/modules-2/files-2.1/org.jetbrains.kotlin/kotlin-stdlib/2.1.0/85f8b81009cda5890e54ba67d64b5e599c645020/kotlin-stdlib-2.1.0.jar!/kotlin/Unit.class
e: file:///Users/wilson.shakya/Documents/GitHub/AppVerse/Elevate/node_modules/react-native-gesture-handler/android/src/main/java/com/swmansion/gesturehandler/core/RotationGestureDetector.kt:75:5 Class 'kotlin.Unit' was compiled with an incompatible version of Kotlin. The actual metadata version is 2.1.0, but the compiler version 1.9.0 can read versions up to 2.0.0.
The class is loaded from /Users/wilson.shakya/.gradle/caches/modules-2/files-2.1/org.jetbrains.kotlin/kotlin-stdlib/2.1.0/85f8b81009cda5890e54ba67d64b5e599c645020/kotlin-stdlib-2.1.0.jar!/kotlin/Unit.class
e: file:///Users/wilson.shakya/Documents/GitHub/AppVerse/Elevate/node_modules/react-native-gesture-handler/android/src/main/java/com/swmansion/gesturehandler/core/RotationGestureDetector.kt:78:18 Unresolved reference: atan2
e: file:///Users/wilson.shakya/Documents/GitHub/AppVerse/Elevate/node_modules/react-native-gesture-handler/android/src/main/java/com/swmansion/gesturehandler/core/RotationGestureDetector.kt:80:5 Class 'kotlin.Unit' was compiled with an incompatible version of Kotlin. The actual metadata version is 2.1.0, but the compiler version 1.9.0 can read versions up to 2.0.0.
The class is loaded from /Users/wilson.shakya/.gradle/caches/modules-2/files-2.1/org.jetbrains.kotlin/kotlin-stdlib/2.1.0/85f8b81009cda5890e54ba67d64b5e599c645020/kotlin-stdlib-2.1.0.jar!/kotlin/Unit.class
e: file:///Users/wilson.shakya/Documents/GitHub/AppVerse/Elevate/node_modules/react-native-gesture-handler/android/src/main/java/com/swmansion/gesturehandler/core/RotationGestureDetector.kt:82:5 Class 'kotlin.Unit' was compiled with an incompatible version of Kotlin. The actual metadata version is 2.1.0, but the compiler version 1.9.0 can read versions up to 2.0.0.
The class is loaded from /Users/wilson.shakya/.gradle/caches/modules-2/files-2.1/org.jetbrains.kotlin/kotlin-stdlib/2.1.0/85f8b81009cda5890e54ba67d64b5e599c645020/kotlin-stdlib-2.1.0.jar!/kotlin/Unit.class
e: file:///Users/wilson.shakya/Documents/GitHub/AppVerse/Elevate/node_modules/react-native-gesture-handler/android/src/main/java/com/swmansion/gesturehandler/core/RotationGestureDetector.kt:82:34 Unresolved reference: isNaN
e: file:///Users/wilson.shakya/Documents/GitHub/AppVerse/Elevate/node_modules/react-native-gesture-handler/android/src/main/java/com/swmansion/gesturehandler/core/RotationGestureDetector.kt:84:26 Overload resolution ambiguity: 
public final operator fun minus(other: Byte): Double defined in kotlin.Double
public final operator fun minus(other: Double): Double defined in kotlin.Double
public final operator fun minus(other: Float): Double defined in kotlin.Double
public final operator fun minus(other: Int): Double defined in kotlin.Double
public final operator fun minus(other: Long): Double defined in kotlin.Double
public final operator fun minus(other: Short): Double defined in kotlin.Double
e: file:///Users/wilson.shakya/Documents/GitHub/AppVerse/Elevate/node_modules/react-native-gesture-handler/android/src/main/java/com/swmansion/gesturehandler/core/RotationGestureDetector.kt:86:5 Class 'kotlin.Unit' was compiled with an incompatible version of Kotlin. The actual metadata version is 2.1.0, but the compiler version 1.9.0 can read versions up to 2.0.0.
The class is loaded from /Users/wilson.shakya/.gradle/caches/modules-2/files-2.1/org.jetbrains.kotlin/kotlin-stdlib/2.1.0/85f8b81009cda5890e54ba67d64b5e599c645020/kotlin-stdlib-2.1.0.jar!/kotlin/Unit.class
e: file:///Users/wilson.shakya/Documents/GitHub/AppVerse/Elevate/node_modules/react-native-gesture-handler/android/src/main/java/com/swmansion/gesturehandler/core/RotationGestureDetector.kt:87:5 Class 'kotlin.Unit' was compiled with an incompatible version of Kotlin. The actual metadata version is 2.1.0, but the compiler version 1.9.0 can read versions up to 2.0.0.
The class is loaded from /Users/wilson.shakya/.gradle/caches/modules-2/files-2.1/org.jetbrains.kotlin/kotlin-stdlib/2.1.0/85f8b81009cda5890e54ba67d64b5e599c645020/kotlin-stdlib-2.1.0.jar!/kotlin/Unit.class
e: file:///Users/wilson.shakya/Documents/GitHub/AppVerse/Elevate/node_modules/react-native-gesture-handler/android/src/main/java/com/swmansion/gesturehandler/core/RotationGestureDetector.kt:88:7 Class 'kotlin.Unit' was compiled with an incompatible version of Kotlin. The actual metadata version is 2.1.0, but the compiler version 1.9.0 can read versions up to 2.0.0.
The class is loaded from /Users/wilson.shakya/.gradle/caches/modules-2/files-2.1/org.jetbrains.kotlin/kotlin-stdlib/2.1.0/85f8b81009cda5890e54ba67d64b5e599c645020/kotlin-stdlib-2.1.0.jar!/kotlin/Unit.class
e: file:///Users/wilson.shakya/Documents/GitHub/AppVerse/Elevate/node_modules/react-native-gesture-handler/android/src/main/java/com/swmansion/gesturehandler/core/RotationGestureDetector.kt:90:7 Class 'kotlin.Unit' was compiled with an incompatible version of Kotlin. The actual metadata version is 2.1.0, but the compiler version 1.9.0 can read versions up to 2.0.0.
The class is loaded from /Users/wilson.shakya/.gradle/caches/modules-2/files-2.1/org.jetbrains.kotlin/kotlin-stdlib/2.1.0/85f8b81009cda5890e54ba67d64b5e599c645020/kotlin-stdlib-2.1.0.jar!/kotlin/Unit.class
e: file:///Users/wilson.shakya/Documents/GitHub/AppVerse/Elevate/node_modules/react-native-gesture-handler/android/src/main/java/com/swmansion/gesturehandler/core/RotationGestureDetector.kt:92:5 Class 'kotlin.Unit' was compiled with an incompatible version of Kotlin. The actual metadata version is 2.1.0, but the compiler version 1.9.0 can read versions up to 2.0.0.
The class is loaded from /Users/wilson.shakya/.gradle/caches/modules-2/files-2.1/org.jetbrains.kotlin/kotlin-stdlib/2.1.0/85f8b81009cda5890e54ba67d64b5e599c645020/kotlin-stdlib-2.1.0.jar!/kotlin/Unit.class
e: file:///Users/wilson.shakya/Documents/GitHub/AppVerse/Elevate/node_modules/react-native-gesture-handler/android/src/main/java/com/swmansion/gesturehandler/core/RotationGestureDetector.kt:93:7 Class 'kotlin.Unit' was compiled with an incompatible version of Kotlin. The actual metadata version is 2.1.0, but the compiler version 1.9.0 can read versions up to 2.0.0.
The class is loaded from /Users/wilson.shakya/.gradle/caches/modules-2/files-2.1/org.jetbrains.kotlin/kotlin-stdlib/2.1.0/85f8b81009cda5890e54ba67d64b5e599c645020/kotlin-stdlib-2.1.0.jar!/kotlin/Unit.class
e: file:///Users/wilson.shakya/Documents/GitHub/AppVerse/Elevate/node_modules/react-native-gesture-handler/android/src/main/java/com/swmansion/gesturehandler/core/RotationGestureDetector.kt:95:7 Class 'kotlin.Unit' was compiled with an incompatible version of Kotlin. The actual metadata version is 2.1.0, but the compiler version 1.9.0 can read versions up to 2.0.0.
The class is loaded from /Users/wilson.shakya/.gradle/caches/modules-2/files-2.1/org.jetbrains.kotlin/kotlin-stdlib/2.1.0/85f8b81009cda5890e54ba67d64b5e599c645020/kotlin-stdlib-2.1.0.jar!/kotlin/Unit.class
e: file:///Users/wilson.shakya/Documents/GitHub/AppVerse/Elevate/node_modules/react-native-gesture-handler/android/src/main/java/com/swmansion/gesturehandler/core/RotationGestureDetector.kt:111:5 Class 'kotlin.Unit' was compiled with an incompatible version of Kotlin. The actual metadata version is 2.1.0, but the compiler version 1.9.0 can read versions up to 2.0.0.
The class is loaded from /Users/wilson.shakya/.gradle/caches/modules-2/files-2.1/org.jetbrains.kotlin/kotlin-stdlib/2.1.0/85f8b81009cda5890e54ba67d64b5e599c645020/kotlin-stdlib-2.1.0.jar!/kotlin/Unit.class
e: file:///Users/wilson.shakya/Documents/GitHub/AppVerse/Elevate/node_modules/react-native-gesture-handler/android/src/main/java/com/swmansion/gesturehandler/core/RotationGestureDetector.kt:115:5 Class 'kotlin.Unit' was compiled with an incompatible version of Kotlin. The actual metadata version is 2.1.0, but the compiler version 1.9.0 can read versions up to 2.0.0.
The class is loaded from /Users/wilson.shakya/.gradle/caches/modules-2/files-2.1/org.jetbrains.kotlin/kotlin-stdlib/2.1.0/85f8b81009cda5890e54ba67d64b5e599c645020/kotlin-stdlib-2.1.0.jar!/kotlin/Unit.class
e: file:///Users/wilson.shakya/Documents/GitHub/AppVerse/Elevate/node_modules/react-native-gesture-handler/android/src/main/java/com/swmansion/gesturehandler/core/RotationGestureDetector.kt:116:5 Class 'kotlin.Unit' was compiled with an incompatible version of Kotlin. The actual metadata version is 2.1.0, but the compiler version 1.9.0 can read versions up to 2.0.0.
The class is loaded from /Users/wilson.shakya/.gradle/caches/modules-2/files-2.1/org.jetbrains.kotlin/kotlin-stdlib/2.1.0/85f8b81009cda5890e54ba67d64b5e599c645020/kotlin-stdlib-2.1.0.jar!/kotlin/Unit.class
e: file:///Users/wilson.shakya/Documents/GitHub/AppVerse/Elevate/node_modules/react-native-gesture-handler/android/src/main/java/com/swmansion/gesturehandler/core/RotationGestureDetector.kt:121:7 Class 'kotlin.Unit' was compiled with an incompatible version of Kotlin. The actual metadata version is 2.1.0, but the compiler version 1.9.0 can read versions up to 2.0.0.
The class is loaded from /Users/wilson.shakya/.gradle/caches/modules-2/files-2.1/org.jetbrains.kotlin/kotlin-stdlib/2.1.0/85f8b81009cda5890e54ba67d64b5e599c645020/kotlin-stdlib-2.1.0.jar!/kotlin/Unit.class
e: file:///Users/wilson.shakya/Documents/GitHub/AppVerse/Elevate/node_modules/react-native-gesture-handler/android/src/main/java/com/swmansion/gesturehandler/core/RotationGestureDetector.kt:122:7 Class 'kotlin.Unit' was compiled with an incompatible version of Kotlin. The actual metadata version is 2.1.0, but the compiler version 1.9.0 can read versions up to 2.0.0.
The class is loaded from /Users/wilson.shakya/.gradle/caches/modules-2/files-2.1/org.jetbrains.kotlin/kotlin-stdlib/2.1.0/85f8b81009cda5890e54ba67d64b5e599c645020/kotlin-stdlib-2.1.0.jar!/kotlin/Unit.class
e: file:///Users/wilson.shakya/Documents/GitHub/AppVerse/Elevate/node_modules/react-native-gesture-handler/android/src/main/java/com/swmansion/gesturehandler/core/RotationGestureDetector.kt:123:24 Class 'kotlin.Unit' was compiled with an incompatible version of Kotlin. The actual metadata version is 2.1.0, but the compiler version 1.9.0 can read versions up to 2.0.0.
The class is loaded from /Users/wilson.shakya/.gradle/caches/modules-2/files-2.1/org.jetbrains.kotlin/kotlin-stdlib/2.1.0/85f8b81009cda5890e54ba67d64b5e599c645020/kotlin-stdlib-2.1.0.jar!/kotlin/Unit.class
e: file:///Users/wilson.shakya/Documents/GitHub/AppVerse/Elevate/node_modules/react-native-gesture-handler/android/src/main/java/com/swmansion/gesturehandler/core/RotationGestureDetector.kt:128:5 Class 'kotlin.Unit' was compiled with an incompatible version of Kotlin. The actual metadata version is 2.1.0, but the compiler version 1.9.0 can read versions up to 2.0.0.
The class is loaded from /Users/wilson.shakya/.gradle/caches/modules-2/files-2.1/org.jetbrains.kotlin/kotlin-stdlib/2.1.0/85f8b81009cda5890e54ba67d64b5e599c645020/kotlin-stdlib-2.1.0.jar!/kotlin/Unit.class
e: file:///Users/wilson.shakya/Documents/GitHub/AppVerse/Elevate/node_modules/react-native-gesture-handler/android/src/main/java/com/swmansion/gesturehandler/core/RotationGestureDetector.kt:130:9 Class 'kotlin.Unit' was compiled with an incompatible version of Kotlin. The actual metadata version is 2.1.0, but the compiler version 1.9.0 can read versions up to 2.0.0.
The class is loaded from /Users/wilson.shakya/.gradle/caches/modules-2/files-2.1/org.jetbrains.kotlin/kotlin-stdlib/2.1.0/85f8b81009cda5890e54ba67d64b5e599c645020/kotlin-stdlib-2.1.0.jar!/kotlin/Unit.class
e: file:///Users/wilson.shakya/Documents/GitHub/AppVerse/Elevate/node_modules/react-native-gesture-handler/android/src/main/java/com/swmansion/gesturehandler/core/RotationGestureDetector.kt:131:9 Class 'kotlin.Unit' was compiled with an incompatible version of Kotlin. The actual metadata version is 2.1.0, but the compiler version 1.9.0 can read versions up to 2.0.0.
The class is loaded from /Users/wilson.shakya/.gradle/caches/modules-2/files-2.1/org.jetbrains.kotlin/kotlin-stdlib/2.1.0/85f8b81009cda5890e54ba67d64b5e599c645020/kotlin-stdlib-2.1.0.jar!/kotlin/Unit.class
e: file:///Users/wilson.shakya/Documents/GitHub/AppVerse/Elevate/node_modules/react-native-gesture-handler/android/src/main/java/com/swmansion/gesturehandler/core/RotationGestureDetector.kt:132:9 Class 'kotlin.Unit' was compiled with an incompatible version of Kotlin. The actual metadata version is 2.1.0, but the compiler version 1.9.0 can read versions up to 2.0.0.
The class is loaded from /Users/wilson.shakya/.gradle/caches/modules-2/files-2.1/org.jetbrains.kotlin/kotlin-stdlib/2.1.0/85f8b81009cda5890e54ba67d64b5e599c645020/kotlin-stdlib-2.1.0.jar!/kotlin/Unit.class
e: file:///Users/wilson.shakya/Documents/GitHub/AppVerse/Elevate/node_modules/react-native-gesture-handler/android/src/main/java/com/swmansion/gesturehandler/core/RotationGestureDetector.kt:136:11 Class 'kotlin.Unit' was compiled with an incompatible version of Kotlin. The actual metadata version is 2.1.0, but the compiler version 1.9.0 can read versions up to 2.0.0.
The class is loaded from /Users/wilson.shakya/.gradle/caches/modules-2/files-2.1/org.jetbrains.kotlin/kotlin-stdlib/2.1.0/85f8b81009cda5890e54ba67d64b5e599c645020/kotlin-stdlib-2.1.0.jar!/kotlin/Unit.class
e: file:///Users/wilson.shakya/Documents/GitHub/AppVerse/Elevate/node_modules/react-native-gesture-handler/android/src/main/java/com/swmansion/gesturehandler/core/RotationGestureDetector.kt:137:11 Class 'kotlin.Unit' was compiled with an incompatible version of Kotlin. The actual metadata version is 2.1.0, but the compiler version 1.9.0 can read versions up to 2.0.0.
The class is loaded from /Users/wilson.shakya/.gradle/caches/modules-2/files-2.1/org.jetbrains.kotlin/kotlin-stdlib/2.1.0/85f8b81009cda5890e54ba67d64b5e599c645020/kotlin-stdlib-2.1.0.jar!/kotlin/Unit.class
e: file:///Users/wilson.shakya/Documents/GitHub/AppVerse/Elevate/node_modules/react-native-gesture-handler/android/src/main/java/com/swmansion/gesturehandler/core/RotationGestureDetector.kt:140:11 Class 'kotlin.Unit' was compiled with an incompatible version of Kotlin. The actual metadata version is 2.1.0, but the compiler version 1.9.0 can read versions up to 2.0.0.
The class is loaded from /Users/wilson.shakya/.gradle/caches/modules-2/files-2.1/org.jetbrains.kotlin/kotlin-stdlib/2.1.0/85f8b81009cda5890e54ba67d64b5e599c645020/kotlin-stdlib-2.1.0.jar!/kotlin/Unit.class
e: file:///Users/wilson.shakya/Documents/GitHub/AppVerse/Elevate/node_modules/react-native-gesture-handler/android/src/main/java/com/swmansion/gesturehandler/core/RotationGestureDetector.kt:141:11 Class 'kotlin.Unit' was compiled with an incompatible version of Kotlin. The actual metadata version is 2.1.0, but the compiler version 1.9.0 can read versions up to 2.0.0.
The class is loaded from /Users/wilson.shakya/.gradle/caches/modules-2/files-2.1/org.jetbrains.kotlin/kotlin-stdlib/2.1.0/85f8b81009cda5890e54ba67d64b5e599c645020/kotlin-stdlib-2.1.0.jar!/kotlin/Unit.class
e: file:///Users/wilson.shakya/Documents/GitHub/AppVerse/Elevate/node_modules/react-native-gesture-handler/android/src/main/java/com/swmansion/gesturehandler/core/RotationGestureDetector.kt:142:11 Class 'kotlin.Unit' was compiled with an incompatible version of Kotlin. The actual metadata version is 2.1.0, but the compiler version 1.9.0 can read versions up to 2.0.0.
The class is loaded from /Users/wilson.shakya/.gradle/caches/modules-2/files-2.1/org.jetbrains.kotlin/kotlin-stdlib/2.1.0/85f8b81009cda5890e54ba67d64b5e599c645020/kotlin-stdlib-2.1.0.jar!/kotlin/Unit.class
e: file:///Users/wilson.shakya/Documents/GitHub/AppVerse/Elevate/node_modules/react-native-gesture-handler/android/src/main/java/com/swmansion/gesturehandler/core/RotationGestureDetector.kt:147:9 Class 'kotlin.Unit' was compiled with an incompatible version of Kotlin. The actual metadata version is 2.1.0, but the compiler version 1.9.0 can read versions up to 2.0.0.
The class is loaded from /Users/wilson.shakya/.gradle/caches/modules-2/files-2.1/org.jetbrains.kotlin/kotlin-stdlib/2.1.0/85f8b81009cda5890e54ba67d64b5e599c645020/kotlin-stdlib-2.1.0.jar!/kotlin/Unit.class
e: file:///Users/wilson.shakya/Documents/GitHub/AppVerse/Elevate/node_modules/react-native-gesture-handler/android/src/main/java/com/swmansion/gesturehandler/core/RotationGestureDetector.kt:154:9 Class 'kotlin.Unit' was compiled with an incompatible version of Kotlin. The actual metadata version is 2.1.0, but the compiler version 1.9.0 can read versions up to 2.0.0.
The class is loaded from /Users/wilson.shakya/.gradle/caches/modules-2/files-2.1/org.jetbrains.kotlin/kotlin-stdlib/2.1.0/85f8b81009cda5890e54ba67d64b5e599c645020/kotlin-stdlib-2.1.0.jar!/kotlin/Unit.class
e: file:///Users/wilson.shakya/Documents/GitHub/AppVerse/Elevate/node_modules/react-native-gesture-handler/android/src/main/java/com/swmansion/gesturehandler/core/RotationGestureDetector.kt:155:11 Class 'kotlin.Unit' was compiled with an incompatible version of Kotlin. The actual metadata version is 2.1.0, but the compiler version 1.9.0 can read versions up to 2.0.0.
The class is loaded from /Users/wilson.shakya/.gradle/caches/modules-2/files-2.1/org.jetbrains.kotlin/kotlin-stdlib/2.1.0/85f8b81009cda5890e54ba67d64b5e599c645020/kotlin-stdlib-2.1.0.jar!/kotlin/Unit.class
e: file:///Users/wilson.shakya/Documents/GitHub/AppVerse/Elevate/node_modules/react-native-gesture-handler/android/src/main/java/com/swmansion/gesturehandler/core/RotationGestureDetector.kt:156:11 Class 'kotlin.Unit' was compiled with an incompatible version of Kotlin. The actual metadata version is 2.1.0, but the compiler version 1.9.0 can read versions up to 2.0.0.
The class is loaded from /Users/wilson.shakya/.gradle/caches/modules-2/files-2.1/org.jetbrains.kotlin/kotlin-stdlib/2.1.0/85f8b81009cda5890e54ba67d64b5e599c645020/kotlin-stdlib-2.1.0.jar!/kotlin/Unit.class
e: file:///Users/wilson.shakya/Documents/GitHub/AppVerse/Elevate/node_modules/react-native-gesture-handler/android/src/main/java/com/swmansion/gesturehandler/core/RotationGestureDetector.kt:157:11 Class 'kotlin.Unit' was compiled with an incompatible version of Kotlin. The actual metadata version is 2.1.0, but the compiler version 1.9.0 can read versions up to 2.0.0.
The class is loaded from /Users/wilson.shakya/.gradle/caches/modules-2/files-2.1/org.jetbrains.kotlin/kotlin-stdlib/2.1.0/85f8b81009cda5890e54ba67d64b5e599c645020/kotlin-stdlib-2.1.0.jar!/kotlin/Unit.class
e: file:///Users/wilson.shakya/Documents/GitHub/AppVerse/Elevate/node_modules/react-native-gesture-handler/android/src/main/java/com/swmansion/gesturehandler/core/RotationGestureDetector.kt:159:11 Class 'kotlin.Unit' was compiled with an incompatible version of Kotlin. The actual metadata version is 2.1.0, but the compiler version 1.9.0 can read versions up to 2.0.0.
The class is loaded from /Users/wilson.shakya/.gradle/caches/modules-2/files-2.1/org.jetbrains.kotlin/kotlin-stdlib/2.1.0/85f8b81009cda5890e54ba67d64b5e599c645020/kotlin-stdlib-2.1.0.jar!/kotlin/Unit.class
e: file:///Users/wilson.shakya/Documents/GitHub/AppVerse/Elevate/node_modules/react-native-gesture-handler/android/src/main/java/com/swmansion/gesturehandler/core/RotationGestureDetector.kt:160:11 Class 'kotlin.Unit' was compiled with an incompatible version of Kotlin. The actual metadata version is 2.1.0, but the compiler version 1.9.0 can read versions up to 2.0.0.
The class is loaded from /Users/wilson.shakya/.gradle/caches/modules-2/files-2.1/org.jetbrains.kotlin/kotlin-stdlib/2.1.0/85f8b81009cda5890e54ba67d64b5e599c645020/kotlin-stdlib-2.1.0.jar!/kotlin/Unit.class
e: file:///Users/wilson.shakya/Documents/GitHub/AppVerse/Elevate/node_modules/react-native-gesture-handler/android/src/main/java/com/swmansion/gesturehandler/core/RotationGestureDetector.kt:163:32 Class 'kotlin.Unit' was compiled with an incompatible version of Kotlin. The actual metadata version is 2.1.0, but the compiler version 1.9.0 can read versions up to 2.0.0.
The class is loaded from /Users/wilson.shakya/.gradle/caches/modules-2/files-2.1/org.jetbrains.kotlin/kotlin-stdlib/2.1.0/85f8b81009cda5890e54ba67d64b5e599c645020/kotlin-stdlib-2.1.0.jar!/kotlin/Unit.class
e: file:///Users/wilson.shakya/Documents/GitHub/AppVerse/Elevate/node_modules/react-native-gesture-handler/android/src/main/java/com/swmansion/gesturehandler/core/RotationGestureHandler.kt:6:20 Unresolved reference: abs
e: file:///Users/wilson.shakya/Documents/GitHub/AppVerse/Elevate/node_modules/react-native-gesture-handler/android/src/main/java/com/swmansion/gesturehandler/core/RotationGestureHandler.kt:26:7 Class 'kotlin.Unit' was compiled with an incompatible version of Kotlin. The actual metadata version is 2.1.0, but the compiler version 1.9.0 can read versions up to 2.0.0.
The class is loaded from /Users/wilson.shakya/.gradle/caches/modules-2/files-2.1/org.jetbrains.kotlin/kotlin-stdlib/2.1.0/85f8b81009cda5890e54ba67d64b5e599c645020/kotlin-stdlib-2.1.0.jar!/kotlin/Unit.class
e: file:///Users/wilson.shakya/Documents/GitHub/AppVerse/Elevate/node_modules/react-native-gesture-handler/android/src/main/java/com/swmansion/gesturehandler/core/RotationGestureHandler.kt:29:9 Class 'kotlin.Unit' was compiled with an incompatible version of Kotlin. The actual metadata version is 2.1.0, but the compiler version 1.9.0 can read versions up to 2.0.0.
The class is loaded from /Users/wilson.shakya/.gradle/caches/modules-2/files-2.1/org.jetbrains.kotlin/kotlin-stdlib/2.1.0/85f8b81009cda5890e54ba67d64b5e599c645020/kotlin-stdlib-2.1.0.jar!/kotlin/Unit.class
e: file:///Users/wilson.shakya/Documents/GitHub/AppVerse/Elevate/node_modules/react-native-gesture-handler/android/src/main/java/com/swmansion/gesturehandler/core/RotationGestureHandler.kt:31:11 Unresolved reference: abs
e: file:///Users/wilson.shakya/Documents/GitHub/AppVerse/Elevate/node_modules/react-native-gesture-handler/android/src/main/java/com/swmansion/gesturehandler/core/RotationGestureHandler.kt:32:9 Class 'kotlin.Unit' was compiled with an incompatible version of Kotlin. The actual metadata version is 2.1.0, but the compiler version 1.9.0 can read versions up to 2.0.0.
The class is loaded from /Users/wilson.shakya/.gradle/caches/modules-2/files-2.1/org.jetbrains.kotlin/kotlin-stdlib/2.1.0/85f8b81009cda5890e54ba67d64b5e599c645020/kotlin-stdlib-2.1.0.jar!/kotlin/Unit.class
e: file:///Users/wilson.shakya/Documents/GitHub/AppVerse/Elevate/node_modules/react-native-gesture-handler/android/src/main/java/com/swmansion/gesturehandler/core/RotationGestureHandler.kt:40:7 Class 'kotlin.Unit' was compiled with an incompatible version of Kotlin. The actual metadata version is 2.1.0, but the compiler version 1.9.0 can read versions up to 2.0.0.
The class is loaded from /Users/wilson.shakya/.gradle/caches/modules-2/files-2.1/org.jetbrains.kotlin/kotlin-stdlib/2.1.0/85f8b81009cda5890e54ba67d64b5e599c645020/kotlin-stdlib-2.1.0.jar!/kotlin/Unit.class
e: file:///Users/wilson.shakya/Documents/GitHub/AppVerse/Elevate/node_modules/react-native-gesture-handler/android/src/main/java/com/swmansion/gesturehandler/core/RotationGestureHandler.kt:46:7 Class 'kotlin.Unit' was compiled with an incompatible version of Kotlin. The actual metadata version is 2.1.0, but the compiler version 1.9.0 can read versions up to 2.0.0.
The class is loaded from /Users/wilson.shakya/.gradle/caches/modules-2/files-2.1/org.jetbrains.kotlin/kotlin-stdlib/2.1.0/85f8b81009cda5890e54ba67d64b5e599c645020/kotlin-stdlib-2.1.0.jar!/kotlin/Unit.class
e: file:///Users/wilson.shakya/Documents/GitHub/AppVerse/Elevate/node_modules/react-native-gesture-handler/android/src/main/java/com/swmansion/gesturehandler/core/RotationGestureHandler.kt:47:7 Class 'kotlin.Unit' was compiled with an incompatible version of Kotlin. The actual metadata version is 2.1.0, but the compiler version 1.9.0 can read versions up to 2.0.0.
The class is loaded from /Users/wilson.shakya/.gradle/caches/modules-2/files-2.1/org.jetbrains.kotlin/kotlin-stdlib/2.1.0/85f8b81009cda5890e54ba67d64b5e599c645020/kotlin-stdlib-2.1.0.jar!/kotlin/Unit.class
e: file:///Users/wilson.shakya/Documents/GitHub/AppVerse/Elevate/node_modules/react-native-gesture-handler/android/src/main/java/com/swmansion/gesturehandler/core/RotationGestureHandler.kt:50:12 Class 'kotlin.Unit' was compiled with an incompatible version of Kotlin. The actual metadata version is 2.1.0, but the compiler version 1.9.0 can read versions up to 2.0.0.
The class is loaded from /Users/wilson.shakya/.gradle/caches/modules-2/files-2.1/org.jetbrains.kotlin/kotlin-stdlib/2.1.0/85f8b81009cda5890e54ba67d64b5e599c645020/kotlin-stdlib-2.1.0.jar!/kotlin/Unit.class
e: file:///Users/wilson.shakya/Documents/GitHub/AppVerse/Elevate/node_modules/react-native-gesture-handler/android/src/main/java/com/swmansion/gesturehandler/core/RotationGestureHandler.kt:51:12 Class 'kotlin.Unit' was compiled with an incompatible version of Kotlin. The actual metadata version is 2.1.0, but the compiler version 1.9.0 can read versions up to 2.0.0.
The class is loaded from /Users/wilson.shakya/.gradle/caches/modules-2/files-2.1/org.jetbrains.kotlin/kotlin-stdlib/2.1.0/85f8b81009cda5890e54ba67d64b5e599c645020/kotlin-stdlib-2.1.0.jar!/kotlin/Unit.class
e: file:///Users/wilson.shakya/Documents/GitHub/AppVerse/Elevate/node_modules/react-native-gesture-handler/android/src/main/java/com/swmansion/gesturehandler/core/RotationGestureHandler.kt:53:7 Class 'kotlin.Unit' was compiled with an incompatible version of Kotlin. The actual metadata version is 2.1.0, but the compiler version 1.9.0 can read versions up to 2.0.0.
The class is loaded from /Users/wilson.shakya/.gradle/caches/modules-2/files-2.1/org.jetbrains.kotlin/kotlin-stdlib/2.1.0/85f8b81009cda5890e54ba67d64b5e599c645020/kotlin-stdlib-2.1.0.jar!/kotlin/Unit.class
e: file:///Users/wilson.shakya/Documents/GitHub/AppVerse/Elevate/node_modules/react-native-gesture-handler/android/src/main/java/com/swmansion/gesturehandler/core/RotationGestureHandler.kt:56:30 Unresolved reference: let
e: file:///Users/wilson.shakya/Documents/GitHub/AppVerse/Elevate/node_modules/react-native-gesture-handler/android/src/main/java/com/swmansion/gesturehandler/core/RotationGestureHandler.kt:57:41 Unresolved reference: it
e: file:///Users/wilson.shakya/Documents/GitHub/AppVerse/Elevate/node_modules/react-native-gesture-handler/android/src/main/java/com/swmansion/gesturehandler/core/RotationGestureHandler.kt:57:53 Unresolved reference: it
e: file:///Users/wilson.shakya/Documents/GitHub/AppVerse/Elevate/node_modules/react-native-gesture-handler/android/src/main/java/com/swmansion/gesturehandler/core/RotationGestureHandler.kt:58:7 Class 'kotlin.Unit' was compiled with an incompatible version of Kotlin. The actual metadata version is 2.1.0, but the compiler version 1.9.0 can read versions up to 2.0.0.
The class is loaded from /Users/wilson.shakya/.gradle/caches/modules-2/files-2.1/org.jetbrains.kotlin/kotlin-stdlib/2.1.0/85f8b81009cda5890e54ba67d64b5e599c645020/kotlin-stdlib-2.1.0.jar!/kotlin/Unit.class
e: file:///Users/wilson.shakya/Documents/GitHub/AppVerse/Elevate/node_modules/react-native-gesture-handler/android/src/main/java/com/swmansion/gesturehandler/core/RotationGestureHandler.kt:59:7 Class 'kotlin.Unit' was compiled with an incompatible version of Kotlin. The actual metadata version is 2.1.0, but the compiler version 1.9.0 can read versions up to 2.0.0.
The class is loaded from /Users/wilson.shakya/.gradle/caches/modules-2/files-2.1/org.jetbrains.kotlin/kotlin-stdlib/2.1.0/85f8b81009cda5890e54ba67d64b5e599c645020/kotlin-stdlib-2.1.0.jar!/kotlin/Unit.class
e: file:///Users/wilson.shakya/Documents/GitHub/AppVerse/Elevate/node_modules/react-native-gesture-handler/android/src/main/java/com/swmansion/gesturehandler/core/RotationGestureHandler.kt:62:7 Class 'kotlin.Unit' was compiled with an incompatible version of Kotlin. The actual metadata version is 2.1.0, but the compiler version 1.9.0 can read versions up to 2.0.0.
The class is loaded from /Users/wilson.shakya/.gradle/caches/modules-2/files-2.1/org.jetbrains.kotlin/kotlin-stdlib/2.1.0/85f8b81009cda5890e54ba67d64b5e599c645020/kotlin-stdlib-2.1.0.jar!/kotlin/Unit.class
e: file:///Users/wilson.shakya/Documents/GitHub/AppVerse/Elevate/node_modules/react-native-gesture-handler/android/src/main/java/com/swmansion/gesturehandler/core/RotationGestureHandler.kt:63:9 Class 'kotlin.Unit' was compiled with an incompatible version of Kotlin. The actual metadata version is 2.1.0, but the compiler version 1.9.0 can read versions up to 2.0.0.
The class is loaded from /Users/wilson.shakya/.gradle/caches/modules-2/files-2.1/org.jetbrains.kotlin/kotlin-stdlib/2.1.0/85f8b81009cda5890e54ba67d64b5e599c645020/kotlin-stdlib-2.1.0.jar!/kotlin/Unit.class
e: file:///Users/wilson.shakya/Documents/GitHub/AppVerse/Elevate/node_modules/react-native-gesture-handler/android/src/main/java/com/swmansion/gesturehandler/core/RotationGestureHandler.kt:65:9 Class 'kotlin.Unit' was compiled with an incompatible version of Kotlin. The actual metadata version is 2.1.0, but the compiler version 1.9.0 can read versions up to 2.0.0.
The class is loaded from /Users/wilson.shakya/.gradle/caches/modules-2/files-2.1/org.jetbrains.kotlin/kotlin-stdlib/2.1.0/85f8b81009cda5890e54ba67d64b5e599c645020/kotlin-stdlib-2.1.0.jar!/kotlin/Unit.class
e: file:///Users/wilson.shakya/Documents/GitHub/AppVerse/Elevate/node_modules/react-native-gesture-handler/android/src/main/java/com/swmansion/gesturehandler/core/RotationGestureHandler.kt:73:7 Class 'kotlin.Unit' was compiled with an incompatible version of Kotlin. The actual metadata version is 2.1.0, but the compiler version 1.9.0 can read versions up to 2.0.0.
The class is loaded from /Users/wilson.shakya/.gradle/caches/modules-2/files-2.1/org.jetbrains.kotlin/kotlin-stdlib/2.1.0/85f8b81009cda5890e54ba67d64b5e599c645020/kotlin-stdlib-2.1.0.jar!/kotlin/Unit.class
e: file:///Users/wilson.shakya/Documents/GitHub/AppVerse/Elevate/node_modules/react-native-gesture-handler/android/src/main/java/com/swmansion/gesturehandler/core/RotationGestureHandler.kt:75:11 Class 'kotlin.Unit' was compiled with an incompatible version of Kotlin. The actual metadata version is 2.1.0, but the compiler version 1.9.0 can read versions up to 2.0.0.
The class is loaded from /Users/wilson.shakya/.gradle/caches/modules-2/files-2.1/org.jetbrains.kotlin/kotlin-stdlib/2.1.0/85f8b81009cda5890e54ba67d64b5e599c645020/kotlin-stdlib-2.1.0.jar!/kotlin/Unit.class
e: file:///Users/wilson.shakya/Documents/GitHub/AppVerse/Elevate/node_modules/react-native-gesture-handler/android/src/main/java/com/swmansion/gesturehandler/core/RotationGestureHandler.kt:79:5 Class 'kotlin.Unit' was compiled with an incompatible version of Kotlin. The actual metadata version is 2.1.0, but the compiler version 1.9.0 can read versions up to 2.0.0.
The class is loaded from /Users/wilson.shakya/.gradle/caches/modules-2/files-2.1/org.jetbrains.kotlin/kotlin-stdlib/2.1.0/85f8b81009cda5890e54ba67d64b5e599c645020/kotlin-stdlib-2.1.0.jar!/kotlin/Unit.class
e: file:///Users/wilson.shakya/Documents/GitHub/AppVerse/Elevate/node_modules/react-native-gesture-handler/android/src/main/java/com/swmansion/gesturehandler/core/RotationGestureHandler.kt:80:5 Class 'kotlin.Unit' was compiled with an incompatible version of Kotlin. The actual metadata version is 2.1.0, but the compiler version 1.9.0 can read versions up to 2.0.0.
The class is loaded from /Users/wilson.shakya/.gradle/caches/modules-2/files-2.1/org.jetbrains.kotlin/kotlin-stdlib/2.1.0/85f8b81009cda5890e54ba67d64b5e599c645020/kotlin-stdlib-2.1.0.jar!/kotlin/Unit.class
e: file:///Users/wilson.shakya/Documents/GitHub/AppVerse/Elevate/node_modules/react-native-gesture-handler/android/src/main/java/com/swmansion/gesturehandler/core/RotationGestureHandler.kt:81:5 Class 'kotlin.Unit' was compiled with an incompatible version of Kotlin. The actual metadata version is 2.1.0, but the compiler version 1.9.0 can read versions up to 2.0.0.
The class is loaded from /Users/wilson.shakya/.gradle/caches/modules-2/files-2.1/org.jetbrains.kotlin/kotlin-stdlib/2.1.0/85f8b81009cda5890e54ba67d64b5e599c645020/kotlin-stdlib-2.1.0.jar!/kotlin/Unit.class
e: file:///Users/wilson.shakya/Documents/GitHub/AppVerse/Elevate/node_modules/react-native-gesture-handler/android/src/main/java/com/swmansion/gesturehandler/core/RotationGestureHandler.kt:82:5 Class 'kotlin.Unit' was compiled with an incompatible version of Kotlin. The actual metadata version is 2.1.0, but the compiler version 1.9.0 can read versions up to 2.0.0.
The class is loaded from /Users/wilson.shakya/.gradle/caches/modules-2/files-2.1/org.jetbrains.kotlin/kotlin-stdlib/2.1.0/85f8b81009cda5890e54ba67d64b5e599c645020/kotlin-stdlib-2.1.0.jar!/kotlin/Unit.class
e: file:///Users/wilson.shakya/Documents/GitHub/AppVerse/Elevate/node_modules/react-native-gesture-handler/android/src/main/java/com/swmansion/gesturehandler/core/RotationGestureHandler.kt:86:5 Class 'kotlin.Unit' was compiled with an incompatible version of Kotlin. The actual metadata version is 2.1.0, but the compiler version 1.9.0 can read versions up to 2.0.0.
The class is loaded from /Users/wilson.shakya/.gradle/caches/modules-2/files-2.1/org.jetbrains.kotlin/kotlin-stdlib/2.1.0/85f8b81009cda5890e54ba67d64b5e599c645020/kotlin-stdlib-2.1.0.jar!/kotlin/Unit.class
e: file:///Users/wilson.shakya/Documents/GitHub/AppVerse/Elevate/node_modules/react-native-gesture-handler/android/src/main/java/com/swmansion/gesturehandler/core/RotationGestureHandler.kt:87:5 Class 'kotlin.Unit' was compiled with an incompatible version of Kotlin. The actual metadata version is 2.1.0, but the compiler version 1.9.0 can read versions up to 2.0.0.
The class is loaded from /Users/wilson.shakya/.gradle/caches/modules-2/files-2.1/org.jetbrains.kotlin/kotlin-stdlib/2.1.0/85f8b81009cda5890e54ba67d64b5e599c645020/kotlin-stdlib-2.1.0.jar!/kotlin/Unit.class
e: file:///Users/wilson.shakya/Documents/GitHub/AppVerse/Elevate/node_modules/react-native-gesture-handler/android/src/main/java/com/swmansion/gesturehandler/core/StylusData.kt:6:20 Unresolved reference: PI
e: file:///Users/wilson.shakya/Documents/GitHub/AppVerse/Elevate/node_modules/react-native-gesture-handler/android/src/main/java/com/swmansion/gesturehandler/core/StylusData.kt:7:20 Unresolved reference: abs
e: file:///Users/wilson.shakya/Documents/GitHub/AppVerse/Elevate/node_modules/react-native-gesture-handler/android/src/main/java/com/swmansion/gesturehandler/core/StylusData.kt:8:20 Unresolved reference: atan
e: file:///Users/wilson.shakya/Documents/GitHub/AppVerse/Elevate/node_modules/react-native-gesture-handler/android/src/main/java/com/swmansion/gesturehandler/core/StylusData.kt:9:20 Unresolved reference: cos
e: file:///Users/wilson.shakya/Documents/GitHub/AppVerse/Elevate/node_modules/react-native-gesture-handler/android/src/main/java/com/swmansion/gesturehandler/core/StylusData.kt:10:20 Unresolved reference: round
e: file:///Users/wilson.shakya/Documents/GitHub/AppVerse/Elevate/node_modules/react-native-gesture-handler/android/src/main/java/com/swmansion/gesturehandler/core/StylusData.kt:11:20 Unresolved reference: sin
e: file:///Users/wilson.shakya/Documents/GitHub/AppVerse/Elevate/node_modules/react-native-gesture-handler/android/src/main/java/com/swmansion/gesturehandler/core/StylusData.kt:12:20 Unresolved reference: tan
e: file:///Users/wilson.shakya/Documents/GitHub/AppVerse/Elevate/node_modules/react-native-gesture-handler/android/src/main/java/com/swmansion/gesturehandler/core/StylusData.kt:22:50 Unresolved reference: apply
e: file:///Users/wilson.shakya/Documents/GitHub/AppVerse/Elevate/node_modules/react-native-gesture-handler/android/src/main/java/com/swmansion/gesturehandler/core/StylusData.kt:23:7 Unresolved reference: putDouble
e: file:///Users/wilson.shakya/Documents/GitHub/AppVerse/Elevate/node_modules/react-native-gesture-handler/android/src/main/java/com/swmansion/gesturehandler/core/StylusData.kt:24:7 Unresolved reference: putDouble
e: file:///Users/wilson.shakya/Documents/GitHub/AppVerse/Elevate/node_modules/react-native-gesture-handler/android/src/main/java/com/swmansion/gesturehandler/core/StylusData.kt:25:7 Unresolved reference: putDouble
e: file:///Users/wilson.shakya/Documents/GitHub/AppVerse/Elevate/node_modules/react-native-gesture-handler/android/src/main/java/com/swmansion/gesturehandler/core/StylusData.kt:26:7 Unresolved reference: putDouble
e: file:///Users/wilson.shakya/Documents/GitHub/AppVerse/Elevate/node_modules/react-native-gesture-handler/android/src/main/java/com/swmansion/gesturehandler/core/StylusData.kt:27:7 Unresolved reference: putDouble
e: file:///Users/wilson.shakya/Documents/GitHub/AppVerse/Elevate/node_modules/react-native-gesture-handler/android/src/main/java/com/swmansion/gesturehandler/core/StylusData.kt:37:78 Class 'kotlin.Pair' was compiled with an incompatible version of Kotlin. The actual metadata version is 2.1.0, but the compiler version 1.9.0 can read versions up to 2.0.0.
The class is loaded from /Users/wilson.shakya/.gradle/caches/modules-2/files-2.1/org.jetbrains.kotlin/kotlin-stdlib/2.1.0/85f8b81009cda5890e54ba67d64b5e599c645020/kotlin-stdlib-2.1.0.jar!/kotlin/Pair.class
e: file:///Users/wilson.shakya/Documents/GitHub/AppVerse/Elevate/node_modules/react-native-gesture-handler/android/src/main/java/com/swmansion/gesturehandler/core/StylusData.kt:39:28 Unresolved reference: PI
e: file:///Users/wilson.shakya/Documents/GitHub/AppVerse/Elevate/node_modules/react-native-gesture-handler/android/src/main/java/com/swmansion/gesturehandler/core/StylusData.kt:44:7 Class 'kotlin.Unit' was compiled with an incompatible version of Kotlin. The actual metadata version is 2.1.0, but the compiler version 1.9.0 can read versions up to 2.0.0.
The class is loaded from /Users/wilson.shakya/.gradle/caches/modules-2/files-2.1/org.jetbrains.kotlin/kotlin-stdlib/2.1.0/85f8b81009cda5890e54ba67d64b5e599c645020/kotlin-stdlib-2.1.0.jar!/kotlin/Unit.class
e: file:///Users/wilson.shakya/Documents/GitHub/AppVerse/Elevate/node_modules/react-native-gesture-handler/android/src/main/java/com/swmansion/gesturehandler/core/StylusData.kt:46:35 Unresolved reference: abs
e: file:///Users/wilson.shakya/Documents/GitHub/AppVerse/Elevate/node_modules/react-native-gesture-handler/android/src/main/java/com/swmansion/gesturehandler/core/StylusData.kt:46:58 Unresolved reference: PI
e: file:///Users/wilson.shakya/Documents/GitHub/AppVerse/Elevate/node_modules/react-native-gesture-handler/android/src/main/java/com/swmansion/gesturehandler/core/StylusData.kt:48:22 Unresolved reference: PI
e: file:///Users/wilson.shakya/Documents/GitHub/AppVerse/Elevate/node_modules/react-native-gesture-handler/android/src/main/java/com/swmansion/gesturehandler/core/StylusData.kt:50:13 Unresolved reference: abs
e: file:///Users/wilson.shakya/Documents/GitHub/AppVerse/Elevate/node_modules/react-native-gesture-handler/android/src/main/java/com/swmansion/gesturehandler/core/StylusData.kt:50:32 Unresolved reference: PI
e: file:///Users/wilson.shakya/Documents/GitHub/AppVerse/Elevate/node_modules/react-native-gesture-handler/android/src/main/java/com/swmansion/gesturehandler/core/StylusData.kt:52:22 Unresolved reference: PI
e: file:///Users/wilson.shakya/Documents/GitHub/AppVerse/Elevate/node_modules/react-native-gesture-handler/android/src/main/java/com/swmansion/gesturehandler/core/StylusData.kt:54:13 Unresolved reference: abs
e: file:///Users/wilson.shakya/Documents/GitHub/AppVerse/Elevate/node_modules/react-native-gesture-handler/android/src/main/java/com/swmansion/gesturehandler/core/StylusData.kt:54:32 Unresolved reference: PI
e: file:///Users/wilson.shakya/Documents/GitHub/AppVerse/Elevate/node_modules/react-native-gesture-handler/android/src/main/java/com/swmansion/gesturehandler/core/StylusData.kt:56:23 Unresolved reference: PI
e: file:///Users/wilson.shakya/Documents/GitHub/AppVerse/Elevate/node_modules/react-native-gesture-handler/android/src/main/java/com/swmansion/gesturehandler/core/StylusData.kt:58:13 Unresolved reference: abs
e: file:///Users/wilson.shakya/Documents/GitHub/AppVerse/Elevate/node_modules/react-native-gesture-handler/android/src/main/java/com/swmansion/gesturehandler/core/StylusData.kt:58:37 Unresolved reference: PI
e: file:///Users/wilson.shakya/Documents/GitHub/AppVerse/Elevate/node_modules/react-native-gesture-handler/android/src/main/java/com/swmansion/gesturehandler/core/StylusData.kt:60:23 Unresolved reference: PI
e: file:///Users/wilson.shakya/Documents/GitHub/AppVerse/Elevate/node_modules/react-native-gesture-handler/android/src/main/java/com/swmansion/gesturehandler/core/StylusData.kt:62:35 Unresolved reference: abs
e: file:///Users/wilson.shakya/Documents/GitHub/AppVerse/Elevate/node_modules/react-native-gesture-handler/android/src/main/java/com/swmansion/gesturehandler/core/StylusData.kt:62:54 Unresolved reference: PI
e: file:///Users/wilson.shakya/Documents/GitHub/AppVerse/Elevate/node_modules/react-native-gesture-handler/android/src/main/java/com/swmansion/gesturehandler/core/StylusData.kt:63:22 Unresolved reference: PI
e: file:///Users/wilson.shakya/Documents/GitHub/AppVerse/Elevate/node_modules/react-native-gesture-handler/android/src/main/java/com/swmansion/gesturehandler/core/StylusData.kt:64:22 Unresolved reference: PI
e: file:///Users/wilson.shakya/Documents/GitHub/AppVerse/Elevate/node_modules/react-native-gesture-handler/android/src/main/java/com/swmansion/gesturehandler/core/StylusData.kt:66:13 Unresolved reference: abs
e: file:///Users/wilson.shakya/Documents/GitHub/AppVerse/Elevate/node_modules/react-native-gesture-handler/android/src/main/java/com/swmansion/gesturehandler/core/StylusData.kt:66:32 Unresolved reference: PI
e: file:///Users/wilson.shakya/Documents/GitHub/AppVerse/Elevate/node_modules/react-native-gesture-handler/android/src/main/java/com/swmansion/gesturehandler/core/StylusData.kt:66:49 Unresolved reference: abs
e: file:///Users/wilson.shakya/Documents/GitHub/AppVerse/Elevate/node_modules/react-native-gesture-handler/android/src/main/java/com/swmansion/gesturehandler/core/StylusData.kt:66:68 Unresolved reference: PI
e: file:///Users/wilson.shakya/Documents/GitHub/AppVerse/Elevate/node_modules/react-native-gesture-handler/android/src/main/java/com/swmansion/gesturehandler/core/StylusData.kt:67:23 Unresolved reference: PI
e: file:///Users/wilson.shakya/Documents/GitHub/AppVerse/Elevate/node_modules/react-native-gesture-handler/android/src/main/java/com/swmansion/gesturehandler/core/StylusData.kt:68:22 Unresolved reference: PI
e: file:///Users/wilson.shakya/Documents/GitHub/AppVerse/Elevate/node_modules/react-native-gesture-handler/android/src/main/java/com/swmansion/gesturehandler/core/StylusData.kt:70:13 Unresolved reference: abs
e: file:///Users/wilson.shakya/Documents/GitHub/AppVerse/Elevate/node_modules/react-native-gesture-handler/android/src/main/java/com/swmansion/gesturehandler/core/StylusData.kt:70:32 Unresolved reference: PI
e: file:///Users/wilson.shakya/Documents/GitHub/AppVerse/Elevate/node_modules/react-native-gesture-handler/android/src/main/java/com/swmansion/gesturehandler/core/StylusData.kt:70:45 Unresolved reference: abs
e: file:///Users/wilson.shakya/Documents/GitHub/AppVerse/Elevate/node_modules/react-native-gesture-handler/android/src/main/java/com/swmansion/gesturehandler/core/StylusData.kt:70:69 Unresolved reference: PI
e: file:///Users/wilson.shakya/Documents/GitHub/AppVerse/Elevate/node_modules/react-native-gesture-handler/android/src/main/java/com/swmansion/gesturehandler/core/StylusData.kt:71:23 Unresolved reference: PI
e: file:///Users/wilson.shakya/Documents/GitHub/AppVerse/Elevate/node_modules/react-native-gesture-handler/android/src/main/java/com/swmansion/gesturehandler/core/StylusData.kt:72:23 Unresolved reference: PI
e: file:///Users/wilson.shakya/Documents/GitHub/AppVerse/Elevate/node_modules/react-native-gesture-handler/android/src/main/java/com/swmansion/gesturehandler/core/StylusData.kt:74:13 Unresolved reference: abs
e: file:///Users/wilson.shakya/Documents/GitHub/AppVerse/Elevate/node_modules/react-native-gesture-handler/android/src/main/java/com/swmansion/gesturehandler/core/StylusData.kt:74:37 Unresolved reference: PI
e: file:///Users/wilson.shakya/Documents/GitHub/AppVerse/Elevate/node_modules/react-native-gesture-handler/android/src/main/java/com/swmansion/gesturehandler/core/StylusData.kt:74:55 Unresolved reference: abs
e: file:///Users/wilson.shakya/Documents/GitHub/AppVerse/Elevate/node_modules/react-native-gesture-handler/android/src/main/java/com/swmansion/gesturehandler/core/StylusData.kt:74:78 Unresolved reference: PI
e: file:///Users/wilson.shakya/Documents/GitHub/AppVerse/Elevate/node_modules/react-native-gesture-handler/android/src/main/java/com/swmansion/gesturehandler/core/StylusData.kt:75:22 Unresolved reference: PI
e: file:///Users/wilson.shakya/Documents/GitHub/AppVerse/Elevate/node_modules/react-native-gesture-handler/android/src/main/java/com/swmansion/gesturehandler/core/StylusData.kt:76:23 Unresolved reference: PI
e: file:///Users/wilson.shakya/Documents/GitHub/AppVerse/Elevate/node_modules/react-native-gesture-handler/android/src/main/java/com/swmansion/gesturehandler/core/StylusData.kt:79:22 Unresolved reference: tan
e: file:///Users/wilson.shakya/Documents/GitHub/AppVerse/Elevate/node_modules/react-native-gesture-handler/android/src/main/java/com/swmansion/gesturehandler/core/StylusData.kt:81:20 Unresolved reference: atan
e: file:///Users/wilson.shakya/Documents/GitHub/AppVerse/Elevate/node_modules/react-native-gesture-handler/android/src/main/java/com/swmansion/gesturehandler/core/StylusData.kt:81:25 Unresolved reference: cos
e: file:///Users/wilson.shakya/Documents/GitHub/AppVerse/Elevate/node_modules/react-native-gesture-handler/android/src/main/java/com/swmansion/gesturehandler/core/StylusData.kt:82:20 Unresolved reference: atan
e: file:///Users/wilson.shakya/Documents/GitHub/AppVerse/Elevate/node_modules/react-native-gesture-handler/android/src/main/java/com/swmansion/gesturehandler/core/StylusData.kt:82:25 Unresolved reference: sin
e: file:///Users/wilson.shakya/Documents/GitHub/AppVerse/Elevate/node_modules/react-native-gesture-handler/android/src/main/java/com/swmansion/gesturehandler/core/StylusData.kt:85:19 Unresolved reference: round
e: file:///Users/wilson.shakya/Documents/GitHub/AppVerse/Elevate/node_modules/react-native-gesture-handler/android/src/main/java/com/swmansion/gesturehandler/core/StylusData.kt:85:34 Overload resolution ambiguity: 
public final operator fun times(other: Byte): Double defined in kotlin.Double
public final operator fun times(other: Double): Double defined in kotlin.Double
public final operator fun times(other: Float): Double defined in kotlin.Double
public final operator fun times(other: Int): Double defined in kotlin.Double
public final operator fun times(other: Long): Double defined in kotlin.Double
public final operator fun times(other: Short): Double defined in kotlin.Double
e: file:///Users/wilson.shakya/Documents/GitHub/AppVerse/Elevate/node_modules/react-native-gesture-handler/android/src/main/java/com/swmansion/gesturehandler/core/StylusData.kt:86:19 Unresolved reference: round
e: file:///Users/wilson.shakya/Documents/GitHub/AppVerse/Elevate/node_modules/react-native-gesture-handler/android/src/main/java/com/swmansion/gesturehandler/core/StylusData.kt:86:34 Overload resolution ambiguity: 
public final operator fun times(other: Byte): Double defined in kotlin.Double
public final operator fun times(other: Double): Double defined in kotlin.Double
public final operator fun times(other: Float): Double defined in kotlin.Double
public final operator fun times(other: Int): Double defined in kotlin.Double
public final operator fun times(other: Long): Double defined in kotlin.Double
public final operator fun times(other: Short): Double defined in kotlin.Double
e: file:///Users/wilson.shakya/Documents/GitHub/AppVerse/Elevate/node_modules/react-native-gesture-handler/android/src/main/java/com/swmansion/gesturehandler/core/StylusData.kt:88:14 Class 'kotlin.Pair' was compiled with an incompatible version of Kotlin. The actual metadata version is 2.1.0, but the compiler version 1.9.0 can read versions up to 2.0.0.
The class is loaded from /Users/wilson.shakya/.gradle/caches/modules-2/files-2.1/org.jetbrains.kotlin/kotlin-stdlib/2.1.0/85f8b81009cda5890e54ba67d64b5e599c645020/kotlin-stdlib-2.1.0.jar!/kotlin/Pair.class
e: file:///Users/wilson.shakya/Documents/GitHub/AppVerse/Elevate/node_modules/react-native-gesture-handler/android/src/main/java/com/swmansion/gesturehandler/core/StylusData.kt:93:28 Unresolved reference: PI
e: file:///Users/wilson.shakya/Documents/GitHub/AppVerse/Elevate/node_modules/react-native-gesture-handler/android/src/main/java/com/swmansion/gesturehandler/core/StylusData.kt:97:41 Unresolved reference: PI
e: file:///Users/wilson.shakya/Documents/GitHub/AppVerse/Elevate/node_modules/react-native-gesture-handler/android/src/main/java/com/swmansion/gesturehandler/core/StylusData.kt:97:57 Unresolved reference: PI
e: file:///Users/wilson.shakya/Documents/GitHub/AppVerse/Elevate/node_modules/react-native-gesture-handler/android/src/main/java/com/swmansion/gesturehandler/core/StylusData.kt:98:19 Class 'kotlin.Pair' was compiled with an incompatible version of Kotlin. The actual metadata version is 2.1.0, but the compiler version 1.9.0 can read versions up to 2.0.0.
The class is loaded from /Users/wilson.shakya/.gradle/caches/modules-2/files-2.1/org.jetbrains.kotlin/kotlin-stdlib/2.1.0/85f8b81009cda5890e54ba67d64b5e599c645020/kotlin-stdlib-2.1.0.jar!/kotlin/Pair.class
e: file:///Users/wilson.shakya/Documents/GitHub/AppVerse/Elevate/node_modules/react-native-gesture-handler/android/src/main/java/com/swmansion/gesturehandler/core/StylusData.kt:100:25 Class 'kotlin.Pair' was compiled with an incompatible version of Kotlin. The actual metadata version is 2.1.0, but the compiler version 1.9.0 can read versions up to 2.0.0.
The class is loaded from /Users/wilson.shakya/.gradle/caches/modules-2/files-2.1/org.jetbrains.kotlin/kotlin-stdlib/2.1.0/85f8b81009cda5890e54ba67d64b5e599c645020/kotlin-stdlib-2.1.0.jar!/kotlin/Pair.class
e: file:///Users/wilson.shakya/Documents/GitHub/AppVerse/Elevate/node_modules/react-native-gesture-handler/android/src/main/java/com/swmansion/gesturehandler/core/StylusData.kt:100:38 Class 'kotlin.Pair' was compiled with an incompatible version of Kotlin. The actual metadata version is 2.1.0, but the compiler version 1.9.0 can read versions up to 2.0.0.
The class is loaded from /Users/wilson.shakya/.gradle/caches/modules-2/files-2.1/org.jetbrains.kotlin/kotlin-stdlib/2.1.0/85f8b81009cda5890e54ba67d64b5e599c645020/kotlin-stdlib-2.1.0.jar!/kotlin/Pair.class
e: file:///Users/wilson.shakya/Documents/GitHub/AppVerse/Elevate/node_modules/react-native-gesture-handler/android/src/main/java/com/swmansion/gesturehandler/core/TapGestureHandler.kt:8:20 Unresolved reference: abs
e: file:///Users/wilson.shakya/Documents/GitHub/AppVerse/Elevate/node_modules/react-native-gesture-handler/android/src/main/java/com/swmansion/gesturehandler/core/TapGestureHandler.kt:27:40 Class 'kotlin.Unit' was compiled with an incompatible version of Kotlin. The actual metadata version is 2.1.0, but the compiler version 1.9.0 can read versions up to 2.0.0.
The class is loaded from /Users/wilson.shakya/.gradle/caches/modules-2/files-2.1/org.jetbrains.kotlin/kotlin-stdlib/2.1.0/85f8b81009cda5890e54ba67d64b5e599c645020/kotlin-stdlib-2.1.0.jar!/kotlin/Unit.class
e: file:///Users/wilson.shakya/Documents/GitHub/AppVerse/Elevate/node_modules/react-native-gesture-handler/android/src/main/java/com/swmansion/gesturehandler/core/TapGestureHandler.kt:34:11 Class 'kotlin.Unit' was compiled with an incompatible version of Kotlin. The actual metadata version is 2.1.0, but the compiler version 1.9.0 can read versions up to 2.0.0.
The class is loaded from /Users/wilson.shakya/.gradle/caches/modules-2/files-2.1/org.jetbrains.kotlin/kotlin-stdlib/2.1.0/85f8b81009cda5890e54ba67d64b5e599c645020/kotlin-stdlib-2.1.0.jar!/kotlin/Unit.class
e: file:///Users/wilson.shakya/Documents/GitHub/AppVerse/Elevate/node_modules/react-native-gesture-handler/android/src/main/java/com/swmansion/gesturehandler/core/TapGestureHandler.kt:35:5 Class 'kotlin.Unit' was compiled with an incompatible version of Kotlin. The actual metadata version is 2.1.0, but the compiler version 1.9.0 can read versions up to 2.0.0.
The class is loaded from /Users/wilson.shakya/.gradle/caches/modules-2/files-2.1/org.jetbrains.kotlin/kotlin-stdlib/2.1.0/85f8b81009cda5890e54ba67d64b5e599c645020/kotlin-stdlib-2.1.0.jar!/kotlin/Unit.class
e: file:///Users/wilson.shakya/Documents/GitHub/AppVerse/Elevate/node_modules/react-native-gesture-handler/android/src/main/java/com/swmansion/gesturehandler/core/TapGestureHandler.kt:36:5 Class 'kotlin.Unit' was compiled with an incompatible version of Kotlin. The actual metadata version is 2.1.0, but the compiler version 1.9.0 can read versions up to 2.0.0.
The class is loaded from /Users/wilson.shakya/.gradle/caches/modules-2/files-2.1/org.jetbrains.kotlin/kotlin-stdlib/2.1.0/85f8b81009cda5890e54ba67d64b5e599c645020/kotlin-stdlib-2.1.0.jar!/kotlin/Unit.class
e: file:///Users/wilson.shakya/Documents/GitHub/AppVerse/Elevate/node_modules/react-native-gesture-handler/android/src/main/java/com/swmansion/gesturehandler/core/TapGestureHandler.kt:37:5 Class 'kotlin.Unit' was compiled with an incompatible version of Kotlin. The actual metadata version is 2.1.0, but the compiler version 1.9.0 can read versions up to 2.0.0.
The class is loaded from /Users/wilson.shakya/.gradle/caches/modules-2/files-2.1/org.jetbrains.kotlin/kotlin-stdlib/2.1.0/85f8b81009cda5890e54ba67d64b5e599c645020/kotlin-stdlib-2.1.0.jar!/kotlin/Unit.class
e: file:///Users/wilson.shakya/Documents/GitHub/AppVerse/Elevate/node_modules/react-native-gesture-handler/android/src/main/java/com/swmansion/gesturehandler/core/TapGestureHandler.kt:38:5 Class 'kotlin.Unit' was compiled with an incompatible version of Kotlin. The actual metadata version is 2.1.0, but the compiler version 1.9.0 can read versions up to 2.0.0.
The class is loaded from /Users/wilson.shakya/.gradle/caches/modules-2/files-2.1/org.jetbrains.kotlin/kotlin-stdlib/2.1.0/85f8b81009cda5890e54ba67d64b5e599c645020/kotlin-stdlib-2.1.0.jar!/kotlin/Unit.class
e: file:///Users/wilson.shakya/Documents/GitHub/AppVerse/Elevate/node_modules/react-native-gesture-handler/android/src/main/java/com/swmansion/gesturehandler/core/TapGestureHandler.kt:39:5 Class 'kotlin.Unit' was compiled with an incompatible version of Kotlin. The actual metadata version is 2.1.0, but the compiler version 1.9.0 can read versions up to 2.0.0.
The class is loaded from /Users/wilson.shakya/.gradle/caches/modules-2/files-2.1/org.jetbrains.kotlin/kotlin-stdlib/2.1.0/85f8b81009cda5890e54ba67d64b5e599c645020/kotlin-stdlib-2.1.0.jar!/kotlin/Unit.class
e: file:///Users/wilson.shakya/Documents/GitHub/AppVerse/Elevate/node_modules/react-native-gesture-handler/android/src/main/java/com/swmansion/gesturehandler/core/TapGestureHandler.kt:40:5 Class 'kotlin.Unit' was compiled with an incompatible version of Kotlin. The actual metadata version is 2.1.0, but the compiler version 1.9.0 can read versions up to 2.0.0.
The class is loaded from /Users/wilson.shakya/.gradle/caches/modules-2/files-2.1/org.jetbrains.kotlin/kotlin-stdlib/2.1.0/85f8b81009cda5890e54ba67d64b5e599c645020/kotlin-stdlib-2.1.0.jar!/kotlin/Unit.class
e: file:///Users/wilson.shakya/Documents/GitHub/AppVerse/Elevate/node_modules/react-native-gesture-handler/android/src/main/java/com/swmansion/gesturehandler/core/TapGestureHandler.kt:41:5 Class 'kotlin.Unit' was compiled with an incompatible version of Kotlin. The actual metadata version is 2.1.0, but the compiler version 1.9.0 can read versions up to 2.0.0.
The class is loaded from /Users/wilson.shakya/.gradle/caches/modules-2/files-2.1/org.jetbrains.kotlin/kotlin-stdlib/2.1.0/85f8b81009cda5890e54ba67d64b5e599c645020/kotlin-stdlib-2.1.0.jar!/kotlin/Unit.class
e: file:///Users/wilson.shakya/Documents/GitHub/AppVerse/Elevate/node_modules/react-native-gesture-handler/android/src/main/java/com/swmansion/gesturehandler/core/TapGestureHandler.kt:44:44 Unresolved reference: apply
e: file:///Users/wilson.shakya/Documents/GitHub/AppVerse/Elevate/node_modules/react-native-gesture-handler/android/src/main/java/com/swmansion/gesturehandler/core/TapGestureHandler.kt:45:10 Class 'kotlin.Unit' was compiled with an incompatible version of Kotlin. The actual metadata version is 2.1.0, but the compiler version 1.9.0 can read versions up to 2.0.0.
The class is loaded from /Users/wilson.shakya/.gradle/caches/modules-2/files-2.1/org.jetbrains.kotlin/kotlin-stdlib/2.1.0/85f8b81009cda5890e54ba67d64b5e599c645020/kotlin-stdlib-2.1.0.jar!/kotlin/Unit.class
e: file:///Users/wilson.shakya/Documents/GitHub/AppVerse/Elevate/node_modules/react-native-gesture-handler/android/src/main/java/com/swmansion/gesturehandler/core/TapGestureHandler.kt:48:41 Unresolved reference: apply
e: file:///Users/wilson.shakya/Documents/GitHub/AppVerse/Elevate/node_modules/react-native-gesture-handler/android/src/main/java/com/swmansion/gesturehandler/core/TapGestureHandler.kt:49:10 Class 'kotlin.Unit' was compiled with an incompatible version of Kotlin. The actual metadata version is 2.1.0, but the compiler version 1.9.0 can read versions up to 2.0.0.
The class is loaded from /Users/wilson.shakya/.gradle/caches/modules-2/files-2.1/org.jetbrains.kotlin/kotlin-stdlib/2.1.0/85f8b81009cda5890e54ba67d64b5e599c645020/kotlin-stdlib-2.1.0.jar!/kotlin/Unit.class
e: file:///Users/wilson.shakya/Documents/GitHub/AppVerse/Elevate/node_modules/react-native-gesture-handler/android/src/main/java/com/swmansion/gesturehandler/core/TapGestureHandler.kt:52:47 Unresolved reference: apply
e: file:///Users/wilson.shakya/Documents/GitHub/AppVerse/Elevate/node_modules/react-native-gesture-handler/android/src/main/java/com/swmansion/gesturehandler/core/TapGestureHandler.kt:53:10 Class 'kotlin.Unit' was compiled with an incompatible version of Kotlin. The actual metadata version is 2.1.0, but the compiler version 1.9.0 can read versions up to 2.0.0.
The class is loaded from /Users/wilson.shakya/.gradle/caches/modules-2/files-2.1/org.jetbrains.kotlin/kotlin-stdlib/2.1.0/85f8b81009cda5890e54ba67d64b5e599c645020/kotlin-stdlib-2.1.0.jar!/kotlin/Unit.class
e: file:///Users/wilson.shakya/Documents/GitHub/AppVerse/Elevate/node_modules/react-native-gesture-handler/android/src/main/java/com/swmansion/gesturehandler/core/TapGestureHandler.kt:56:33 Unresolved reference: apply
e: file:///Users/wilson.shakya/Documents/GitHub/AppVerse/Elevate/node_modules/react-native-gesture-handler/android/src/main/java/com/swmansion/gesturehandler/core/TapGestureHandler.kt:57:5 Class 'kotlin.Unit' was compiled with an incompatible version of Kotlin. The actual metadata version is 2.1.0, but the compiler version 1.9.0 can read versions up to 2.0.0.
The class is loaded from /Users/wilson.shakya/.gradle/caches/modules-2/files-2.1/org.jetbrains.kotlin/kotlin-stdlib/2.1.0/85f8b81009cda5890e54ba67d64b5e599c645020/kotlin-stdlib-2.1.0.jar!/kotlin/Unit.class
e: file:///Users/wilson.shakya/Documents/GitHub/AppVerse/Elevate/node_modules/react-native-gesture-handler/android/src/main/java/com/swmansion/gesturehandler/core/TapGestureHandler.kt:60:33 Unresolved reference: apply
e: file:///Users/wilson.shakya/Documents/GitHub/AppVerse/Elevate/node_modules/react-native-gesture-handler/android/src/main/java/com/swmansion/gesturehandler/core/TapGestureHandler.kt:61:5 Class 'kotlin.Unit' was compiled with an incompatible version of Kotlin. The actual metadata version is 2.1.0, but the compiler version 1.9.0 can read versions up to 2.0.0.
The class is loaded from /Users/wilson.shakya/.gradle/caches/modules-2/files-2.1/org.jetbrains.kotlin/kotlin-stdlib/2.1.0/85f8b81009cda5890e54ba67d64b5e599c645020/kotlin-stdlib-2.1.0.jar!/kotlin/Unit.class
e: file:///Users/wilson.shakya/Documents/GitHub/AppVerse/Elevate/node_modules/react-native-gesture-handler/android/src/main/java/com/swmansion/gesturehandler/core/TapGestureHandler.kt:64:36 Unresolved reference: apply
e: file:///Users/wilson.shakya/Documents/GitHub/AppVerse/Elevate/node_modules/react-native-gesture-handler/android/src/main/java/com/swmansion/gesturehandler/core/TapGestureHandler.kt:65:5 Class 'kotlin.Unit' was compiled with an incompatible version of Kotlin. The actual metadata version is 2.1.0, but the compiler version 1.9.0 can read versions up to 2.0.0.
The class is loaded from /Users/wilson.shakya/.gradle/caches/modules-2/files-2.1/org.jetbrains.kotlin/kotlin-stdlib/2.1.0/85f8b81009cda5890e54ba67d64b5e599c645020/kotlin-stdlib-2.1.0.jar!/kotlin/Unit.class
e: file:///Users/wilson.shakya/Documents/GitHub/AppVerse/Elevate/node_modules/react-native-gesture-handler/android/src/main/java/com/swmansion/gesturehandler/core/TapGestureHandler.kt:68:58 Unresolved reference: apply
e: file:///Users/wilson.shakya/Documents/GitHub/AppVerse/Elevate/node_modules/react-native-gesture-handler/android/src/main/java/com/swmansion/gesturehandler/core/TapGestureHandler.kt:69:10 Class 'kotlin.Unit' was compiled with an incompatible version of Kotlin. The actual metadata version is 2.1.0, but the compiler version 1.9.0 can read versions up to 2.0.0.
The class is loaded from /Users/wilson.shakya/.gradle/caches/modules-2/files-2.1/org.jetbrains.kotlin/kotlin-stdlib/2.1.0/85f8b81009cda5890e54ba67d64b5e599c645020/kotlin-stdlib-2.1.0.jar!/kotlin/Unit.class
e: file:///Users/wilson.shakya/Documents/GitHub/AppVerse/Elevate/node_modules/react-native-gesture-handler/android/src/main/java/com/swmansion/gesturehandler/core/TapGestureHandler.kt:73:5 Class 'kotlin.Unit' was compiled with an incompatible version of Kotlin. The actual metadata version is 2.1.0, but the compiler version 1.9.0 can read versions up to 2.0.0.
The class is loaded from /Users/wilson.shakya/.gradle/caches/modules-2/files-2.1/org.jetbrains.kotlin/kotlin-stdlib/2.1.0/85f8b81009cda5890e54ba67d64b5e599c645020/kotlin-stdlib-2.1.0.jar!/kotlin/Unit.class
e: file:///Users/wilson.shakya/Documents/GitHub/AppVerse/Elevate/node_modules/react-native-gesture-handler/android/src/main/java/com/swmansion/gesturehandler/core/TapGestureHandler.kt:74:7 Class 'kotlin.Unit' was compiled with an incompatible version of Kotlin. The actual metadata version is 2.1.0, but the compiler version 1.9.0 can read versions up to 2.0.0.
The class is loaded from /Users/wilson.shakya/.gradle/caches/modules-2/files-2.1/org.jetbrains.kotlin/kotlin-stdlib/2.1.0/85f8b81009cda5890e54ba67d64b5e599c645020/kotlin-stdlib-2.1.0.jar!/kotlin/Unit.class
e: file:///Users/wilson.shakya/Documents/GitHub/AppVerse/Elevate/node_modules/react-native-gesture-handler/android/src/main/java/com/swmansion/gesturehandler/core/TapGestureHandler.kt:76:17 Class 'kotlin.Unit' was compiled with an incompatible version of Kotlin. The actual metadata version is 2.1.0, but the compiler version 1.9.0 can read versions up to 2.0.0.
The class is loaded from /Users/wilson.shakya/.gradle/caches/modules-2/files-2.1/org.jetbrains.kotlin/kotlin-stdlib/2.1.0/85f8b81009cda5890e54ba67d64b5e599c645020/kotlin-stdlib-2.1.0.jar!/kotlin/Unit.class
e: file:///Users/wilson.shakya/Documents/GitHub/AppVerse/Elevate/node_modules/react-native-gesture-handler/android/src/main/java/com/swmansion/gesturehandler/core/TapGestureHandler.kt:82:5 Class 'kotlin.Unit' was compiled with an incompatible version of Kotlin. The actual metadata version is 2.1.0, but the compiler version 1.9.0 can read versions up to 2.0.0.
The class is loaded from /Users/wilson.shakya/.gradle/caches/modules-2/files-2.1/org.jetbrains.kotlin/kotlin-stdlib/2.1.0/85f8b81009cda5890e54ba67d64b5e599c645020/kotlin-stdlib-2.1.0.jar!/kotlin/Unit.class
e: file:///Users/wilson.shakya/Documents/GitHub/AppVerse/Elevate/node_modules/react-native-gesture-handler/android/src/main/java/com/swmansion/gesturehandler/core/TapGestureHandler.kt:83:7 Class 'kotlin.Unit' was compiled with an incompatible version of Kotlin. The actual metadata version is 2.1.0, but the compiler version 1.9.0 can read versions up to 2.0.0.
The class is loaded from /Users/wilson.shakya/.gradle/caches/modules-2/files-2.1/org.jetbrains.kotlin/kotlin-stdlib/2.1.0/85f8b81009cda5890e54ba67d64b5e599c645020/kotlin-stdlib-2.1.0.jar!/kotlin/Unit.class
e: file:///Users/wilson.shakya/Documents/GitHub/AppVerse/Elevate/node_modules/react-native-gesture-handler/android/src/main/java/com/swmansion/gesturehandler/core/TapGestureHandler.kt:85:17 Class 'kotlin.Unit' was compiled with an incompatible version of Kotlin. The actual metadata version is 2.1.0, but the compiler version 1.9.0 can read versions up to 2.0.0.
The class is loaded from /Users/wilson.shakya/.gradle/caches/modules-2/files-2.1/org.jetbrains.kotlin/kotlin-stdlib/2.1.0/85f8b81009cda5890e54ba67d64b5e599c645020/kotlin-stdlib-2.1.0.jar!/kotlin/Unit.class
e: file:///Users/wilson.shakya/Documents/GitHub/AppVerse/Elevate/node_modules/react-native-gesture-handler/android/src/main/java/com/swmansion/gesturehandler/core/TapGestureHandler.kt:87:11 Class 'kotlin.Unit' was compiled with an incompatible version of Kotlin. The actual metadata version is 2.1.0, but the compiler version 1.9.0 can read versions up to 2.0.0.
The class is loaded from /Users/wilson.shakya/.gradle/caches/modules-2/files-2.1/org.jetbrains.kotlin/kotlin-stdlib/2.1.0/85f8b81009cda5890e54ba67d64b5e599c645020/kotlin-stdlib-2.1.0.jar!/kotlin/Unit.class
e: file:///Users/wilson.shakya/Documents/GitHub/AppVerse/Elevate/node_modules/react-native-gesture-handler/android/src/main/java/com/swmansion/gesturehandler/core/TapGestureHandler.kt:88:7 Class 'kotlin.Unit' was compiled with an incompatible version of Kotlin. The actual metadata version is 2.1.0, but the compiler version 1.9.0 can read versions up to 2.0.0.
The class is loaded from /Users/wilson.shakya/.gradle/caches/modules-2/files-2.1/org.jetbrains.kotlin/kotlin-stdlib/2.1.0/85f8b81009cda5890e54ba67d64b5e599c645020/kotlin-stdlib-2.1.0.jar!/kotlin/Unit.class
e: file:///Users/wilson.shakya/Documents/GitHub/AppVerse/Elevate/node_modules/react-native-gesture-handler/android/src/main/java/com/swmansion/gesturehandler/core/TapGestureHandler.kt:96:42 Unresolved reference: abs
e: file:///Users/wilson.shakya/Documents/GitHub/AppVerse/Elevate/node_modules/react-native-gesture-handler/android/src/main/java/com/swmansion/gesturehandler/core/TapGestureHandler.kt:100:42 Unresolved reference: abs
e: file:///Users/wilson.shakya/Documents/GitHub/AppVerse/Elevate/node_modules/react-native-gesture-handler/android/src/main/java/com/swmansion/gesturehandler/core/TapGestureHandler.kt:115:7 Class 'kotlin.Unit' was compiled with an incompatible version of Kotlin. The actual metadata version is 2.1.0, but the compiler version 1.9.0 can read versions up to 2.0.0.
The class is loaded from /Users/wilson.shakya/.gradle/caches/modules-2/files-2.1/org.jetbrains.kotlin/kotlin-stdlib/2.1.0/85f8b81009cda5890e54ba67d64b5e599c645020/kotlin-stdlib-2.1.0.jar!/kotlin/Unit.class
e: file:///Users/wilson.shakya/Documents/GitHub/AppVerse/Elevate/node_modules/react-native-gesture-handler/android/src/main/java/com/swmansion/gesturehandler/core/TapGestureHandler.kt:116:7 Class 'kotlin.Unit' was compiled with an incompatible version of Kotlin. The actual metadata version is 2.1.0, but the compiler version 1.9.0 can read versions up to 2.0.0.
The class is loaded from /Users/wilson.shakya/.gradle/caches/modules-2/files-2.1/org.jetbrains.kotlin/kotlin-stdlib/2.1.0/85f8b81009cda5890e54ba67d64b5e599c645020/kotlin-stdlib-2.1.0.jar!/kotlin/Unit.class
e: file:///Users/wilson.shakya/Documents/GitHub/AppVerse/Elevate/node_modules/react-native-gesture-handler/android/src/main/java/com/swmansion/gesturehandler/core/TapGestureHandler.kt:117:7 Class 'kotlin.Unit' was compiled with an incompatible version of Kotlin. The actual metadata version is 2.1.0, but the compiler version 1.9.0 can read versions up to 2.0.0.
The class is loaded from /Users/wilson.shakya/.gradle/caches/modules-2/files-2.1/org.jetbrains.kotlin/kotlin-stdlib/2.1.0/85f8b81009cda5890e54ba67d64b5e599c645020/kotlin-stdlib-2.1.0.jar!/kotlin/Unit.class
e: file:///Users/wilson.shakya/Documents/GitHub/AppVerse/Elevate/node_modules/react-native-gesture-handler/android/src/main/java/com/swmansion/gesturehandler/core/TapGestureHandler.kt:118:7 Class 'kotlin.Unit' was compiled with an incompatible version of Kotlin. The actual metadata version is 2.1.0, but the compiler version 1.9.0 can read versions up to 2.0.0.
The class is loaded from /Users/wilson.shakya/.gradle/caches/modules-2/files-2.1/org.jetbrains.kotlin/kotlin-stdlib/2.1.0/85f8b81009cda5890e54ba67d64b5e599c645020/kotlin-stdlib-2.1.0.jar!/kotlin/Unit.class
e: file:///Users/wilson.shakya/Documents/GitHub/AppVerse/Elevate/node_modules/react-native-gesture-handler/android/src/main/java/com/swmansion/gesturehandler/core/TapGestureHandler.kt:120:5 Class 'kotlin.Unit' was compiled with an incompatible version of Kotlin. The actual metadata version is 2.1.0, but the compiler version 1.9.0 can read versions up to 2.0.0.
The class is loaded from /Users/wilson.shakya/.gradle/caches/modules-2/files-2.1/org.jetbrains.kotlin/kotlin-stdlib/2.1.0/85f8b81009cda5890e54ba67d64b5e599c645020/kotlin-stdlib-2.1.0.jar!/kotlin/Unit.class
e: file:///Users/wilson.shakya/Documents/GitHub/AppVerse/Elevate/node_modules/react-native-gesture-handler/android/src/main/java/com/swmansion/gesturehandler/core/TapGestureHandler.kt:121:7 Class 'kotlin.Unit' was compiled with an incompatible version of Kotlin. The actual metadata version is 2.1.0, but the compiler version 1.9.0 can read versions up to 2.0.0.
The class is loaded from /Users/wilson.shakya/.gradle/caches/modules-2/files-2.1/org.jetbrains.kotlin/kotlin-stdlib/2.1.0/85f8b81009cda5890e54ba67d64b5e599c645020/kotlin-stdlib-2.1.0.jar!/kotlin/Unit.class
e: file:///Users/wilson.shakya/Documents/GitHub/AppVerse/Elevate/node_modules/react-native-gesture-handler/android/src/main/java/com/swmansion/gesturehandler/core/TapGestureHandler.kt:122:7 Class 'kotlin.Unit' was compiled with an incompatible version of Kotlin. The actual metadata version is 2.1.0, but the compiler version 1.9.0 can read versions up to 2.0.0.
The class is loaded from /Users/wilson.shakya/.gradle/caches/modules-2/files-2.1/org.jetbrains.kotlin/kotlin-stdlib/2.1.0/85f8b81009cda5890e54ba67d64b5e599c645020/kotlin-stdlib-2.1.0.jar!/kotlin/Unit.class
e: file:///Users/wilson.shakya/Documents/GitHub/AppVerse/Elevate/node_modules/react-native-gesture-handler/android/src/main/java/com/swmansion/gesturehandler/core/TapGestureHandler.kt:123:7 Class 'kotlin.Unit' was compiled with an incompatible version of Kotlin. The actual metadata version is 2.1.0, but the compiler version 1.9.0 can read versions up to 2.0.0.
The class is loaded from /Users/wilson.shakya/.gradle/caches/modules-2/files-2.1/org.jetbrains.kotlin/kotlin-stdlib/2.1.0/85f8b81009cda5890e54ba67d64b5e599c645020/kotlin-stdlib-2.1.0.jar!/kotlin/Unit.class
e: file:///Users/wilson.shakya/Documents/GitHub/AppVerse/Elevate/node_modules/react-native-gesture-handler/android/src/main/java/com/swmansion/gesturehandler/core/TapGestureHandler.kt:124:7 Class 'kotlin.Unit' was compiled with an incompatible version of Kotlin. The actual metadata version is 2.1.0, but the compiler version 1.9.0 can read versions up to 2.0.0.
The class is loaded from /Users/wilson.shakya/.gradle/caches/modules-2/files-2.1/org.jetbrains.kotlin/kotlin-stdlib/2.1.0/85f8b81009cda5890e54ba67d64b5e599c645020/kotlin-stdlib-2.1.0.jar!/kotlin/Unit.class
e: file:///Users/wilson.shakya/Documents/GitHub/AppVerse/Elevate/node_modules/react-native-gesture-handler/android/src/main/java/com/swmansion/gesturehandler/core/TapGestureHandler.kt:125:7 Class 'kotlin.Unit' was compiled with an incompatible version of Kotlin. The actual metadata version is 2.1.0, but the compiler version 1.9.0 can read versions up to 2.0.0.
The class is loaded from /Users/wilson.shakya/.gradle/caches/modules-2/files-2.1/org.jetbrains.kotlin/kotlin-stdlib/2.1.0/85f8b81009cda5890e54ba67d64b5e599c645020/kotlin-stdlib-2.1.0.jar!/kotlin/Unit.class
e: file:///Users/wilson.shakya/Documents/GitHub/AppVerse/Elevate/node_modules/react-native-gesture-handler/android/src/main/java/com/swmansion/gesturehandler/core/TapGestureHandler.kt:126:7 Class 'kotlin.Unit' was compiled with an incompatible version of Kotlin. The actual metadata version is 2.1.0, but the compiler version 1.9.0 can read versions up to 2.0.0.
The class is loaded from /Users/wilson.shakya/.gradle/caches/modules-2/files-2.1/org.jetbrains.kotlin/kotlin-stdlib/2.1.0/85f8b81009cda5890e54ba67d64b5e599c645020/kotlin-stdlib-2.1.0.jar!/kotlin/Unit.class
e: file:///Users/wilson.shakya/Documents/GitHub/AppVerse/Elevate/node_modules/react-native-gesture-handler/android/src/main/java/com/swmansion/gesturehandler/core/TapGestureHandler.kt:128:7 Class 'kotlin.Unit' was compiled with an incompatible version of Kotlin. The actual metadata version is 2.1.0, but the compiler version 1.9.0 can read versions up to 2.0.0.
The class is loaded from /Users/wilson.shakya/.gradle/caches/modules-2/files-2.1/org.jetbrains.kotlin/kotlin-stdlib/2.1.0/85f8b81009cda5890e54ba67d64b5e599c645020/kotlin-stdlib-2.1.0.jar!/kotlin/Unit.class
e: file:///Users/wilson.shakya/Documents/GitHub/AppVerse/Elevate/node_modules/react-native-gesture-handler/android/src/main/java/com/swmansion/gesturehandler/core/TapGestureHandler.kt:129:7 Class 'kotlin.Unit' was compiled with an incompatible version of Kotlin. The actual metadata version is 2.1.0, but the compiler version 1.9.0 can read versions up to 2.0.0.
The class is loaded from /Users/wilson.shakya/.gradle/caches/modules-2/files-2.1/org.jetbrains.kotlin/kotlin-stdlib/2.1.0/85f8b81009cda5890e54ba67d64b5e599c645020/kotlin-stdlib-2.1.0.jar!/kotlin/Unit.class
e: file:///Users/wilson.shakya/Documents/GitHub/AppVerse/Elevate/node_modules/react-native-gesture-handler/android/src/main/java/com/swmansion/gesturehandler/core/TapGestureHandler.kt:132:7 Class 'kotlin.Unit' was compiled with an incompatible version of Kotlin. The actual metadata version is 2.1.0, but the compiler version 1.9.0 can read versions up to 2.0.0.
The class is loaded from /Users/wilson.shakya/.gradle/caches/modules-2/files-2.1/org.jetbrains.kotlin/kotlin-stdlib/2.1.0/85f8b81009cda5890e54ba67d64b5e599c645020/kotlin-stdlib-2.1.0.jar!/kotlin/Unit.class
e: file:///Users/wilson.shakya/Documents/GitHub/AppVerse/Elevate/node_modules/react-native-gesture-handler/android/src/main/java/com/swmansion/gesturehandler/core/TapGestureHandler.kt:134:5 Class 'kotlin.Unit' was compiled with an incompatible version of Kotlin. The actual metadata version is 2.1.0, but the compiler version 1.9.0 can read versions up to 2.0.0.
The class is loaded from /Users/wilson.shakya/.gradle/caches/modules-2/files-2.1/org.jetbrains.kotlin/kotlin-stdlib/2.1.0/85f8b81009cda5890e54ba67d64b5e599c645020/kotlin-stdlib-2.1.0.jar!/kotlin/Unit.class
e: file:///Users/wilson.shakya/Documents/GitHub/AppVerse/Elevate/node_modules/react-native-gesture-handler/android/src/main/java/com/swmansion/gesturehandler/core/TapGestureHandler.kt:135:7 Class 'kotlin.Unit' was compiled with an incompatible version of Kotlin. The actual metadata version is 2.1.0, but the compiler version 1.9.0 can read versions up to 2.0.0.
The class is loaded from /Users/wilson.shakya/.gradle/caches/modules-2/files-2.1/org.jetbrains.kotlin/kotlin-stdlib/2.1.0/85f8b81009cda5890e54ba67d64b5e599c645020/kotlin-stdlib-2.1.0.jar!/kotlin/Unit.class
e: file:///Users/wilson.shakya/Documents/GitHub/AppVerse/Elevate/node_modules/react-native-gesture-handler/android/src/main/java/com/swmansion/gesturehandler/core/TapGestureHandler.kt:136:12 Class 'kotlin.Unit' was compiled with an incompatible version of Kotlin. The actual metadata version is 2.1.0, but the compiler version 1.9.0 can read versions up to 2.0.0.
The class is loaded from /Users/wilson.shakya/.gradle/caches/modules-2/files-2.1/org.jetbrains.kotlin/kotlin-stdlib/2.1.0/85f8b81009cda5890e54ba67d64b5e599c645020/kotlin-stdlib-2.1.0.jar!/kotlin/Unit.class
e: file:///Users/wilson.shakya/Documents/GitHub/AppVerse/Elevate/node_modules/react-native-gesture-handler/android/src/main/java/com/swmansion/gesturehandler/core/TapGestureHandler.kt:138:9 Class 'kotlin.Unit' was compiled with an incompatible version of Kotlin. The actual metadata version is 2.1.0, but the compiler version 1.9.0 can read versions up to 2.0.0.
The class is loaded from /Users/wilson.shakya/.gradle/caches/modules-2/files-2.1/org.jetbrains.kotlin/kotlin-stdlib/2.1.0/85f8b81009cda5890e54ba67d64b5e599c645020/kotlin-stdlib-2.1.0.jar!/kotlin/Unit.class
e: file:///Users/wilson.shakya/Documents/GitHub/AppVerse/Elevate/node_modules/react-native-gesture-handler/android/src/main/java/com/swmansion/gesturehandler/core/TapGestureHandler.kt:140:7 Class 'kotlin.Unit' was compiled with an incompatible version of Kotlin. The actual metadata version is 2.1.0, but the compiler version 1.9.0 can read versions up to 2.0.0.
The class is loaded from /Users/wilson.shakya/.gradle/caches/modules-2/files-2.1/org.jetbrains.kotlin/kotlin-stdlib/2.1.0/85f8b81009cda5890e54ba67d64b5e599c645020/kotlin-stdlib-2.1.0.jar!/kotlin/Unit.class
e: file:///Users/wilson.shakya/Documents/GitHub/AppVerse/Elevate/node_modules/react-native-gesture-handler/android/src/main/java/com/swmansion/gesturehandler/core/TapGestureHandler.kt:142:7 Class 'kotlin.Unit' was compiled with an incompatible version of Kotlin. The actual metadata version is 2.1.0, but the compiler version 1.9.0 can read versions up to 2.0.0.
The class is loaded from /Users/wilson.shakya/.gradle/caches/modules-2/files-2.1/org.jetbrains.kotlin/kotlin-stdlib/2.1.0/85f8b81009cda5890e54ba67d64b5e599c645020/kotlin-stdlib-2.1.0.jar!/kotlin/Unit.class
e: file:///Users/wilson.shakya/Documents/GitHub/AppVerse/Elevate/node_modules/react-native-gesture-handler/android/src/main/java/com/swmansion/gesturehandler/core/TapGestureHandler.kt:143:9 Class 'kotlin.Unit' was compiled with an incompatible version of Kotlin. The actual metadata version is 2.1.0, but the compiler version 1.9.0 can read versions up to 2.0.0.
The class is loaded from /Users/wilson.shakya/.gradle/caches/modules-2/files-2.1/org.jetbrains.kotlin/kotlin-stdlib/2.1.0/85f8b81009cda5890e54ba67d64b5e599c645020/kotlin-stdlib-2.1.0.jar!/kotlin/Unit.class
e: file:///Users/wilson.shakya/Documents/GitHub/AppVerse/Elevate/node_modules/react-native-gesture-handler/android/src/main/java/com/swmansion/gesturehandler/core/TapGestureHandler.kt:145:9 Class 'kotlin.Unit' was compiled with an incompatible version of Kotlin. The actual metadata version is 2.1.0, but the compiler version 1.9.0 can read versions up to 2.0.0.
The class is loaded from /Users/wilson.shakya/.gradle/caches/modules-2/files-2.1/org.jetbrains.kotlin/kotlin-stdlib/2.1.0/85f8b81009cda5890e54ba67d64b5e599c645020/kotlin-stdlib-2.1.0.jar!/kotlin/Unit.class
e: file:///Users/wilson.shakya/Documents/GitHub/AppVerse/Elevate/node_modules/react-native-gesture-handler/android/src/main/java/com/swmansion/gesturehandler/core/TapGestureHandler.kt:151:11 Class 'kotlin.Unit' was compiled with an incompatible version of Kotlin. The actual metadata version is 2.1.0, but the compiler version 1.9.0 can read versions up to 2.0.0.
The class is loaded from /Users/wilson.shakya/.gradle/caches/modules-2/files-2.1/org.jetbrains.kotlin/kotlin-stdlib/2.1.0/85f8b81009cda5890e54ba67d64b5e599c645020/kotlin-stdlib-2.1.0.jar!/kotlin/Unit.class
e: file:///Users/wilson.shakya/Documents/GitHub/AppVerse/Elevate/node_modules/react-native-gesture-handler/android/src/main/java/com/swmansion/gesturehandler/core/TapGestureHandler.kt:152:5 Class 'kotlin.Unit' was compiled with an incompatible version of Kotlin. The actual metadata version is 2.1.0, but the compiler version 1.9.0 can read versions up to 2.0.0.
The class is loaded from /Users/wilson.shakya/.gradle/caches/modules-2/files-2.1/org.jetbrains.kotlin/kotlin-stdlib/2.1.0/85f8b81009cda5890e54ba67d64b5e599c645020/kotlin-stdlib-2.1.0.jar!/kotlin/Unit.class
e: file:///Users/wilson.shakya/Documents/GitHub/AppVerse/Elevate/node_modules/react-native-gesture-handler/android/src/main/java/com/swmansion/gesturehandler/core/TapGestureHandler.kt:156:14 Class 'kotlin.Unit' was compiled with an incompatible version of Kotlin. The actual metadata version is 2.1.0, but the compiler version 1.9.0 can read versions up to 2.0.0.
The class is loaded from /Users/wilson.shakya/.gradle/caches/modules-2/files-2.1/org.jetbrains.kotlin/kotlin-stdlib/2.1.0/85f8b81009cda5890e54ba67d64b5e599c645020/kotlin-stdlib-2.1.0.jar!/kotlin/Unit.class
e: file:///Users/wilson.shakya/Documents/GitHub/AppVerse/Elevate/node_modules/react-native-gesture-handler/android/src/main/java/com/swmansion/gesturehandler/core/TapGestureHandler.kt:160:5 Class 'kotlin.Unit' was compiled with an incompatible version of Kotlin. The actual metadata version is 2.1.0, but the compiler version 1.9.0 can read versions up to 2.0.0.
The class is loaded from /Users/wilson.shakya/.gradle/caches/modules-2/files-2.1/org.jetbrains.kotlin/kotlin-stdlib/2.1.0/85f8b81009cda5890e54ba67d64b5e599c645020/kotlin-stdlib-2.1.0.jar!/kotlin/Unit.class
e: file:///Users/wilson.shakya/Documents/GitHub/AppVerse/Elevate/node_modules/react-native-gesture-handler/android/src/main/java/com/swmansion/gesturehandler/core/TapGestureHandler.kt:161:5 Class 'kotlin.Unit' was compiled with an incompatible version of Kotlin. The actual metadata version is 2.1.0, but the compiler version 1.9.0 can read versions up to 2.0.0.
The class is loaded from /Users/wilson.shakya/.gradle/caches/modules-2/files-2.1/org.jetbrains.kotlin/kotlin-stdlib/2.1.0/85f8b81009cda5890e54ba67d64b5e599c645020/kotlin-stdlib-2.1.0.jar!/kotlin/Unit.class
e: file:///Users/wilson.shakya/Documents/GitHub/AppVerse/Elevate/node_modules/react-native-gesture-handler/android/src/main/java/com/swmansion/gesturehandler/core/TapGestureHandler.kt:162:14 Class 'kotlin.Unit' was compiled with an incompatible version of Kotlin. The actual metadata version is 2.1.0, but the compiler version 1.9.0 can read versions up to 2.0.0.
The class is loaded from /Users/wilson.shakya/.gradle/caches/modules-2/files-2.1/org.jetbrains.kotlin/kotlin-stdlib/2.1.0/85f8b81009cda5890e54ba67d64b5e599c645020/kotlin-stdlib-2.1.0.jar!/kotlin/Unit.class
e: file:///Users/wilson.shakya/Documents/GitHub/AppVerse/Elevate/node_modules/react-native-gesture-handler/android/src/main/java/com/swmansion/gesturehandler/core/Vector.kt:8:20 Unresolved reference: hypot
e: file:///Users/wilson.shakya/Documents/GitHub/AppVerse/Elevate/node_modules/react-native-gesture-handler/android/src/main/java/com/swmansion/gesturehandler/core/Vector.kt:13:19 Unresolved reference: hypot
e: file:///Users/wilson.shakya/Documents/GitHub/AppVerse/Elevate/node_modules/react-native-gesture-handler/android/src/main/java/com/swmansion/gesturehandler/core/Vector.kt:18:42 Overload resolution ambiguity: 
public final operator fun div(other: Byte): Double defined in kotlin.Double
public final operator fun div(other: Double): Double defined in kotlin.Double
public final operator fun div(other: Float): Double defined in kotlin.Double
public final operator fun div(other: Int): Double defined in kotlin.Double
public final operator fun div(other: Long): Double defined in kotlin.Double
public final operator fun div(other: Short): Double defined in kotlin.Double
e: file:///Users/wilson.shakya/Documents/GitHub/AppVerse/Elevate/node_modules/react-native-gesture-handler/android/src/main/java/com/swmansion/gesturehandler/core/Vector.kt:19:42 Overload resolution ambiguity: 
public final operator fun div(other: Byte): Double defined in kotlin.Double
public final operator fun div(other: Double): Double defined in kotlin.Double
public final operator fun div(other: Float): Double defined in kotlin.Double
public final operator fun div(other: Int): Double defined in kotlin.Double
public final operator fun div(other: Long): Double defined in kotlin.Double
public final operator fun div(other: Short): Double defined in kotlin.Double
e: file:///Users/wilson.shakya/Documents/GitHub/AppVerse/Elevate/node_modules/react-native-gesture-handler/android/src/main/java/com/swmansion/gesturehandler/core/Vector.kt:58:15 Class 'kotlin.Unit' was compiled with an incompatible version of Kotlin. The actual metadata version is 2.1.0, but the compiler version 1.9.0 can read versions up to 2.0.0.
The class is loaded from /Users/wilson.shakya/.gradle/caches/modules-2/files-2.1/org.jetbrains.kotlin/kotlin-stdlib/2.1.0/85f8b81009cda5890e54ba67d64b5e599c645020/kotlin-stdlib-2.1.0.jar!/kotlin/Unit.class
e: file:///Users/wilson.shakya/Documents/GitHub/AppVerse/Elevate/node_modules/react-native-gesture-handler/android/src/main/java/com/swmansion/gesturehandler/react/Extensions.kt:10:82 Unresolved reference: java
e: file:///Users/wilson.shakya/Documents/GitHub/AppVerse/Elevate/node_modules/react-native-gesture-handler/android/src/main/java/com/swmansion/gesturehandler/react/Extensions.kt:13:11 Type mismatch: inferred type is NativeModule? but UIManagerModule? was expected
e: file:///Users/wilson.shakya/Documents/GitHub/AppVerse/Elevate/node_modules/react-native-gesture-handler/android/src/main/java/com/swmansion/gesturehandler/react/Extensions.kt:13:55 Unresolved reference: java
e: file:///Users/wilson.shakya/Documents/GitHub/AppVerse/Elevate/node_modules/react-native-gesture-handler/android/src/main/java/com/swmansion/gesturehandler/react/RNGestureHandlerButtonViewManager.kt:55:10 Class 'kotlin.Unit' was compiled with an incompatible version of Kotlin. The actual metadata version is 2.1.0, but the compiler version 1.9.0 can read versions up to 2.0.0.
The class is loaded from /Users/wilson.shakya/.gradle/caches/modules-2/files-2.1/org.jetbrains.kotlin/kotlin-stdlib/2.1.0/85f8b81009cda5890e54ba67d64b5e599c645020/kotlin-stdlib-2.1.0.jar!/kotlin/Unit.class
e: file:///Users/wilson.shakya/Documents/GitHub/AppVerse/Elevate/node_modules/react-native-gesture-handler/android/src/main/java/com/swmansion/gesturehandler/react/RNGestureHandlerButtonViewManager.kt:60:10 Class 'kotlin.Unit' was compiled with an incompatible version of Kotlin. The actual metadata version is 2.1.0, but the compiler version 1.9.0 can read versions up to 2.0.0.
The class is loaded from /Users/wilson.shakya/.gradle/caches/modules-2/files-2.1/org.jetbrains.kotlin/kotlin-stdlib/2.1.0/85f8b81009cda5890e54ba67d64b5e599c645020/kotlin-stdlib-2.1.0.jar!/kotlin/Unit.class
e: file:///Users/wilson.shakya/Documents/GitHub/AppVerse/Elevate/node_modules/react-native-gesture-handler/android/src/main/java/com/swmansion/gesturehandler/react/RNGestureHandlerButtonViewManager.kt:65:10 Class 'kotlin.Unit' was compiled with an incompatible version of Kotlin. The actual metadata version is 2.1.0, but the compiler version 1.9.0 can read versions up to 2.0.0.
The class is loaded from /Users/wilson.shakya/.gradle/caches/modules-2/files-2.1/org.jetbrains.kotlin/kotlin-stdlib/2.1.0/85f8b81009cda5890e54ba67d64b5e599c645020/kotlin-stdlib-2.1.0.jar!/kotlin/Unit.class
e: file:///Users/wilson.shakya/Documents/GitHub/AppVerse/Elevate/node_modules/react-native-gesture-handler/android/src/main/java/com/swmansion/gesturehandler/react/RNGestureHandlerButtonViewManager.kt:70:10 Class 'kotlin.Unit' was compiled with an incompatible version of Kotlin. The actual metadata version is 2.1.0, but the compiler version 1.9.0 can read versions up to 2.0.0.
The class is loaded from /Users/wilson.shakya/.gradle/caches/modules-2/files-2.1/org.jetbrains.kotlin/kotlin-stdlib/2.1.0/85f8b81009cda5890e54ba67d64b5e599c645020/kotlin-stdlib-2.1.0.jar!/kotlin/Unit.class
e: file:///Users/wilson.shakya/Documents/GitHub/AppVerse/Elevate/node_modules/react-native-gesture-handler/android/src/main/java/com/swmansion/gesturehandler/react/RNGestureHandlerButtonViewManager.kt:75:10 Class 'kotlin.Unit' was compiled with an incompatible version of Kotlin. The actual metadata version is 2.1.0, but the compiler version 1.9.0 can read versions up to 2.0.0.
The class is loaded from /Users/wilson.shakya/.gradle/caches/modules-2/files-2.1/org.jetbrains.kotlin/kotlin-stdlib/2.1.0/85f8b81009cda5890e54ba67d64b5e599c645020/kotlin-stdlib-2.1.0.jar!/kotlin/Unit.class
e: file:///Users/wilson.shakya/Documents/GitHub/AppVerse/Elevate/node_modules/react-native-gesture-handler/android/src/main/java/com/swmansion/gesturehandler/react/RNGestureHandlerButtonViewManager.kt:80:10 Class 'kotlin.Unit' was compiled with an incompatible version of Kotlin. The actual metadata version is 2.1.0, but the compiler version 1.9.0 can read versions up to 2.0.0.
The class is loaded from /Users/wilson.shakya/.gradle/caches/modules-2/files-2.1/org.jetbrains.kotlin/kotlin-stdlib/2.1.0/85f8b81009cda5890e54ba67d64b5e599c645020/kotlin-stdlib-2.1.0.jar!/kotlin/Unit.class
e: file:///Users/wilson.shakya/Documents/GitHub/AppVerse/Elevate/node_modules/react-native-gesture-handler/android/src/main/java/com/swmansion/gesturehandler/react/RNGestureHandlerButtonViewManager.kt:85:10 Class 'kotlin.Unit' was compiled with an incompatible version of Kotlin. The actual metadata version is 2.1.0, but the compiler version 1.9.0 can read versions up to 2.0.0.
The class is loaded from /Users/wilson.shakya/.gradle/caches/modules-2/files-2.1/org.jetbrains.kotlin/kotlin-stdlib/2.1.0/85f8b81009cda5890e54ba67d64b5e599c645020/kotlin-stdlib-2.1.0.jar!/kotlin/Unit.class
e: file:///Users/wilson.shakya/Documents/GitHub/AppVerse/Elevate/node_modules/react-native-gesture-handler/android/src/main/java/com/swmansion/gesturehandler/react/RNGestureHandlerButtonViewManager.kt:90:10 Class 'kotlin.Unit' was compiled with an incompatible version of Kotlin. The actual metadata version is 2.1.0, but the compiler version 1.9.0 can read versions up to 2.0.0.
The class is loaded from /Users/wilson.shakya/.gradle/caches/modules-2/files-2.1/org.jetbrains.kotlin/kotlin-stdlib/2.1.0/85f8b81009cda5890e54ba67d64b5e599c645020/kotlin-stdlib-2.1.0.jar!/kotlin/Unit.class
e: file:///Users/wilson.shakya/Documents/GitHub/AppVerse/Elevate/node_modules/react-native-gesture-handler/android/src/main/java/com/swmansion/gesturehandler/react/RNGestureHandlerButtonViewManager.kt:95:10 Class 'kotlin.Unit' was compiled with an incompatible version of Kotlin. The actual metadata version is 2.1.0, but the compiler version 1.9.0 can read versions up to 2.0.0.
The class is loaded from /Users/wilson.shakya/.gradle/caches/modules-2/files-2.1/org.jetbrains.kotlin/kotlin-stdlib/2.1.0/85f8b81009cda5890e54ba67d64b5e599c645020/kotlin-stdlib-2.1.0.jar!/kotlin/Unit.class
e: file:///Users/wilson.shakya/Documents/GitHub/AppVerse/Elevate/node_modules/react-native-gesture-handler/android/src/main/java/com/swmansion/gesturehandler/react/RNGestureHandlerButtonViewManager.kt:100:10 Class 'kotlin.Unit' was compiled with an incompatible version of Kotlin. The actual metadata version is 2.1.0, but the compiler version 1.9.0 can read versions up to 2.0.0.
The class is loaded from /Users/wilson.shakya/.gradle/caches/modules-2/files-2.1/org.jetbrains.kotlin/kotlin-stdlib/2.1.0/85f8b81009cda5890e54ba67d64b5e599c645020/kotlin-stdlib-2.1.0.jar!/kotlin/Unit.class
e: file:///Users/wilson.shakya/Documents/GitHub/AppVerse/Elevate/node_modules/react-native-gesture-handler/android/src/main/java/com/swmansion/gesturehandler/react/RNGestureHandlerButtonViewManager.kt:105:10 Class 'kotlin.Unit' was compiled with an incompatible version of Kotlin. The actual metadata version is 2.1.0, but the compiler version 1.9.0 can read versions up to 2.0.0.
The class is loaded from /Users/wilson.shakya/.gradle/caches/modules-2/files-2.1/org.jetbrains.kotlin/kotlin-stdlib/2.1.0/85f8b81009cda5890e54ba67d64b5e599c645020/kotlin-stdlib-2.1.0.jar!/kotlin/Unit.class
e: file:///Users/wilson.shakya/Documents/GitHub/AppVerse/Elevate/node_modules/react-native-gesture-handler/android/src/main/java/com/swmansion/gesturehandler/react/RNGestureHandlerButtonViewManager.kt:110:10 Class 'kotlin.Unit' was compiled with an incompatible version of Kotlin. The actual metadata version is 2.1.0, but the compiler version 1.9.0 can read versions up to 2.0.0.
The class is loaded from /Users/wilson.shakya/.gradle/caches/modules-2/files-2.1/org.jetbrains.kotlin/kotlin-stdlib/2.1.0/85f8b81009cda5890e54ba67d64b5e599c645020/kotlin-stdlib-2.1.0.jar!/kotlin/Unit.class
e: file:///Users/wilson.shakya/Documents/GitHub/AppVerse/Elevate/node_modules/react-native-gesture-handler/android/src/main/java/com/swmansion/gesturehandler/react/RNGestureHandlerButtonViewManager.kt:115:10 Class 'kotlin.Unit' was compiled with an incompatible version of Kotlin. The actual metadata version is 2.1.0, but the compiler version 1.9.0 can read versions up to 2.0.0.
The class is loaded from /Users/wilson.shakya/.gradle/caches/modules-2/files-2.1/org.jetbrains.kotlin/kotlin-stdlib/2.1.0/85f8b81009cda5890e54ba67d64b5e599c645020/kotlin-stdlib-2.1.0.jar!/kotlin/Unit.class
e: file:///Users/wilson.shakya/Documents/GitHub/AppVerse/Elevate/node_modules/react-native-gesture-handler/android/src/main/java/com/swmansion/gesturehandler/react/RNGestureHandlerButtonViewManager.kt:120:10 Class 'kotlin.Unit' was compiled with an incompatible version of Kotlin. The actual metadata version is 2.1.0, but the compiler version 1.9.0 can read versions up to 2.0.0.
The class is loaded from /Users/wilson.shakya/.gradle/caches/modules-2/files-2.1/org.jetbrains.kotlin/kotlin-stdlib/2.1.0/85f8b81009cda5890e54ba67d64b5e599c645020/kotlin-stdlib-2.1.0.jar!/kotlin/Unit.class
e: file:///Users/wilson.shakya/Documents/GitHub/AppVerse/Elevate/node_modules/react-native-gesture-handler/android/src/main/java/com/swmansion/gesturehandler/react/RNGestureHandlerButtonViewManager.kt:125:10 Class 'kotlin.Unit' was compiled with an incompatible version of Kotlin. The actual metadata version is 2.1.0, but the compiler version 1.9.0 can read versions up to 2.0.0.
The class is loaded from /Users/wilson.shakya/.gradle/caches/modules-2/files-2.1/org.jetbrains.kotlin/kotlin-stdlib/2.1.0/85f8b81009cda5890e54ba67d64b5e599c645020/kotlin-stdlib-2.1.0.jar!/kotlin/Unit.class
e: file:///Users/wilson.shakya/Documents/GitHub/AppVerse/Elevate/node_modules/react-native-gesture-handler/android/src/main/java/com/swmansion/gesturehandler/react/RNGestureHandlerButtonViewManager.kt:130:10 Class 'kotlin.Unit' was compiled with an incompatible version of Kotlin. The actual metadata version is 2.1.0, but the compiler version 1.9.0 can read versions up to 2.0.0.
The class is loaded from /Users/wilson.shakya/.gradle/caches/modules-2/files-2.1/org.jetbrains.kotlin/kotlin-stdlib/2.1.0/85f8b81009cda5890e54ba67d64b5e599c645020/kotlin-stdlib-2.1.0.jar!/kotlin/Unit.class
e: file:///Users/wilson.shakya/Documents/GitHub/AppVerse/Elevate/node_modules/react-native-gesture-handler/android/src/main/java/com/swmansion/gesturehandler/react/RNGestureHandlerButtonViewManager.kt:134:11 Class 'kotlin.Unit' was compiled with an incompatible version of Kotlin. The actual metadata version is 2.1.0, but the compiler version 1.9.0 can read versions up to 2.0.0.
The class is loaded from /Users/wilson.shakya/.gradle/caches/modules-2/files-2.1/org.jetbrains.kotlin/kotlin-stdlib/2.1.0/85f8b81009cda5890e54ba67d64b5e599c645020/kotlin-stdlib-2.1.0.jar!/kotlin/Unit.class
e: file:///Users/wilson.shakya/Documents/GitHub/AppVerse/Elevate/node_modules/react-native-gesture-handler/android/src/main/java/com/swmansion/gesturehandler/react/RNGestureHandlerButtonViewManager.kt:136:10 Class 'kotlin.Unit' was compiled with an incompatible version of Kotlin. The actual metadata version is 2.1.0, but the compiler version 1.9.0 can read versions up to 2.0.0.
The class is loaded from /Users/wilson.shakya/.gradle/caches/modules-2/files-2.1/org.jetbrains.kotlin/kotlin-stdlib/2.1.0/85f8b81009cda5890e54ba67d64b5e599c645020/kotlin-stdlib-2.1.0.jar!/kotlin/Unit.class
e: file:///Users/wilson.shakya/Documents/GitHub/AppVerse/Elevate/node_modules/react-native-gesture-handler/android/src/main/java/com/swmansion/gesturehandler/react/RNGestureHandlerButtonViewManager.kt:148:20 Class 'kotlin.Unit' was compiled with an incompatible version of Kotlin. The actual metadata version is 2.1.0, but the compiler version 1.9.0 can read versions up to 2.0.0.
The class is loaded from /Users/wilson.shakya/.gradle/caches/modules-2/files-2.1/org.jetbrains.kotlin/kotlin-stdlib/2.1.0/85f8b81009cda5890e54ba67d64b5e599c645020/kotlin-stdlib-2.1.0.jar!/kotlin/Unit.class
e: file:///Users/wilson.shakya/Documents/GitHub/AppVerse/Elevate/node_modules/react-native-gesture-handler/android/src/main/java/com/swmansion/gesturehandler/react/RNGestureHandlerButtonViewManager.kt:153:21 Class 'kotlin.Unit' was compiled with an incompatible version of Kotlin. The actual metadata version is 2.1.0, but the compiler version 1.9.0 can read versions up to 2.0.0.
The class is loaded from /Users/wilson.shakya/.gradle/caches/modules-2/files-2.1/org.jetbrains.kotlin/kotlin-stdlib/2.1.0/85f8b81009cda5890e54ba67d64b5e599c645020/kotlin-stdlib-2.1.0.jar!/kotlin/Unit.class
e: file:///Users/wilson.shakya/Documents/GitHub/AppVerse/Elevate/node_modules/react-native-gesture-handler/android/src/main/java/com/swmansion/gesturehandler/react/RNGestureHandlerButtonViewManager.kt:157:28 Class 'kotlin.Unit' was compiled with an incompatible version of Kotlin. The actual metadata version is 2.1.0, but the compiler version 1.9.0 can read versions up to 2.0.0.
The class is loaded from /Users/wilson.shakya/.gradle/caches/modules-2/files-2.1/org.jetbrains.kotlin/kotlin-stdlib/2.1.0/85f8b81009cda5890e54ba67d64b5e599c645020/kotlin-stdlib-2.1.0.jar!/kotlin/Unit.class
e: file:///Users/wilson.shakya/Documents/GitHub/AppVerse/Elevate/node_modules/react-native-gesture-handler/android/src/main/java/com/swmansion/gesturehandler/react/RNGestureHandlerButtonViewManager.kt:162:21 Class 'kotlin.Unit' was compiled with an incompatible version of Kotlin. The actual metadata version is 2.1.0, but the compiler version 1.9.0 can read versions up to 2.0.0.
The class is loaded from /Users/wilson.shakya/.gradle/caches/modules-2/files-2.1/org.jetbrains.kotlin/kotlin-stdlib/2.1.0/85f8b81009cda5890e54ba67d64b5e599c645020/kotlin-stdlib-2.1.0.jar!/kotlin/Unit.class
e: file:///Users/wilson.shakya/Documents/GitHub/AppVerse/Elevate/node_modules/react-native-gesture-handler/android/src/main/java/com/swmansion/gesturehandler/react/RNGestureHandlerButtonViewManager.kt:166:21 Class 'kotlin.Unit' was compiled with an incompatible version of Kotlin. The actual metadata version is 2.1.0, but the compiler version 1.9.0 can read versions up to 2.0.0.
The class is loaded from /Users/wilson.shakya/.gradle/caches/modules-2/files-2.1/org.jetbrains.kotlin/kotlin-stdlib/2.1.0/85f8b81009cda5890e54ba67d64b5e599c645020/kotlin-stdlib-2.1.0.jar!/kotlin/Unit.class
e: file:///Users/wilson.shakya/Documents/GitHub/AppVerse/Elevate/node_modules/react-native-gesture-handler/android/src/main/java/com/swmansion/gesturehandler/react/RNGestureHandlerButtonViewManager.kt:170:21 Class 'kotlin.Unit' was compiled with an incompatible version of Kotlin. The actual metadata version is 2.1.0, but the compiler version 1.9.0 can read versions up to 2.0.0.
The class is loaded from /Users/wilson.shakya/.gradle/caches/modules-2/files-2.1/org.jetbrains.kotlin/kotlin-stdlib/2.1.0/85f8b81009cda5890e54ba67d64b5e599c645020/kotlin-stdlib-2.1.0.jar!/kotlin/Unit.class
e: file:///Users/wilson.shakya/Documents/GitHub/AppVerse/Elevate/node_modules/react-native-gesture-handler/android/src/main/java/com/swmansion/gesturehandler/react/RNGestureHandlerButtonViewManager.kt:174:21 Class 'kotlin.Unit' was compiled with an incompatible version of Kotlin. The actual metadata version is 2.1.0, but the compiler version 1.9.0 can read versions up to 2.0.0.
The class is loaded from /Users/wilson.shakya/.gradle/caches/modules-2/files-2.1/org.jetbrains.kotlin/kotlin-stdlib/2.1.0/85f8b81009cda5890e54ba67d64b5e599c645020/kotlin-stdlib-2.1.0.jar!/kotlin/Unit.class
e: file:///Users/wilson.shakya/Documents/GitHub/AppVerse/Elevate/node_modules/react-native-gesture-handler/android/src/main/java/com/swmansion/gesturehandler/react/RNGestureHandlerButtonViewManager.kt:178:21 Class 'kotlin.Unit' was compiled with an incompatible version of Kotlin. The actual metadata version is 2.1.0, but the compiler version 1.9.0 can read versions up to 2.0.0.
The class is loaded from /Users/wilson.shakya/.gradle/caches/modules-2/files-2.1/org.jetbrains.kotlin/kotlin-stdlib/2.1.0/85f8b81009cda5890e54ba67d64b5e599c645020/kotlin-stdlib-2.1.0.jar!/kotlin/Unit.class
e: file:///Users/wilson.shakya/Documents/GitHub/AppVerse/Elevate/node_modules/react-native-gesture-handler/android/src/main/java/com/swmansion/gesturehandler/react/RNGestureHandlerButtonViewManager.kt:182:20 Class 'kotlin.Unit' was compiled with an incompatible version of Kotlin. The actual metadata version is 2.1.0, but the compiler version 1.9.0 can read versions up to 2.0.0.
The class is loaded from /Users/wilson.shakya/.gradle/caches/modules-2/files-2.1/org.jetbrains.kotlin/kotlin-stdlib/2.1.0/85f8b81009cda5890e54ba67d64b5e599c645020/kotlin-stdlib-2.1.0.jar!/kotlin/Unit.class
e: file:///Users/wilson.shakya/Documents/GitHub/AppVerse/Elevate/node_modules/react-native-gesture-handler/android/src/main/java/com/swmansion/gesturehandler/react/RNGestureHandlerButtonViewManager.kt:186:20 Class 'kotlin.Unit' was compiled with an incompatible version of Kotlin. The actual metadata version is 2.1.0, but the compiler version 1.9.0 can read versions up to 2.0.0.
The class is loaded from /Users/wilson.shakya/.gradle/caches/modules-2/files-2.1/org.jetbrains.kotlin/kotlin-stdlib/2.1.0/85f8b81009cda5890e54ba67d64b5e599c645020/kotlin-stdlib-2.1.0.jar!/kotlin/Unit.class
e: file:///Users/wilson.shakya/Documents/GitHub/AppVerse/Elevate/node_modules/react-native-gesture-handler/android/src/main/java/com/swmansion/gesturehandler/react/RNGestureHandlerButtonViewManager.kt:190:20 Class 'kotlin.Unit' was compiled with an incompatible version of Kotlin. The actual metadata version is 2.1.0, but the compiler version 1.9.0 can read versions up to 2.0.0.
The class is loaded from /Users/wilson.shakya/.gradle/caches/modules-2/files-2.1/org.jetbrains.kotlin/kotlin-stdlib/2.1.0/85f8b81009cda5890e54ba67d64b5e599c645020/kotlin-stdlib-2.1.0.jar!/kotlin/Unit.class
e: file:///Users/wilson.shakya/Documents/GitHub/AppVerse/Elevate/node_modules/react-native-gesture-handler/android/src/main/java/com/swmansion/gesturehandler/react/RNGestureHandlerButtonViewManager.kt:213:7 Class 'kotlin.Unit' was compiled with an incompatible version of Kotlin. The actual metadata version is 2.1.0, but the compiler version 1.9.0 can read versions up to 2.0.0.
The class is loaded from /Users/wilson.shakya/.gradle/caches/modules-2/files-2.1/org.jetbrains.kotlin/kotlin-stdlib/2.1.0/85f8b81009cda5890e54ba67d64b5e599c645020/kotlin-stdlib-2.1.0.jar!/kotlin/Unit.class
e: file:///Users/wilson.shakya/Documents/GitHub/AppVerse/Elevate/node_modules/react-native-gesture-handler/android/src/main/java/com/swmansion/gesturehandler/react/RNGestureHandlerButtonViewManager.kt:214:7 Class 'kotlin.Unit' was compiled with an incompatible version of Kotlin. The actual metadata version is 2.1.0, but the compiler version 1.9.0 can read versions up to 2.0.0.
The class is loaded from /Users/wilson.shakya/.gradle/caches/modules-2/files-2.1/org.jetbrains.kotlin/kotlin-stdlib/2.1.0/85f8b81009cda5890e54ba67d64b5e599c645020/kotlin-stdlib-2.1.0.jar!/kotlin/Unit.class
e: file:///Users/wilson.shakya/Documents/GitHub/AppVerse/Elevate/node_modules/react-native-gesture-handler/android/src/main/java/com/swmansion/gesturehandler/react/RNGestureHandlerButtonViewManager.kt:215:7 Class 'kotlin.Unit' was compiled with an incompatible version of Kotlin. The actual metadata version is 2.1.0, but the compiler version 1.9.0 can read versions up to 2.0.0.
The class is loaded from /Users/wilson.shakya/.gradle/caches/modules-2/files-2.1/org.jetbrains.kotlin/kotlin-stdlib/2.1.0/85f8b81009cda5890e54ba67d64b5e599c645020/kotlin-stdlib-2.1.0.jar!/kotlin/Unit.class
e: file:///Users/wilson.shakya/Documents/GitHub/AppVerse/Elevate/node_modules/react-native-gesture-handler/android/src/main/java/com/swmansion/gesturehandler/react/RNGestureHandlerButtonViewManager.kt:216:7 Class 'kotlin.Unit' was compiled with an incompatible version of Kotlin. The actual metadata version is 2.1.0, but the compiler version 1.9.0 can read versions up to 2.0.0.
The class is loaded from /Users/wilson.shakya/.gradle/caches/modules-2/files-2.1/org.jetbrains.kotlin/kotlin-stdlib/2.1.0/85f8b81009cda5890e54ba67d64b5e599c645020/kotlin-stdlib-2.1.0.jar!/kotlin/Unit.class
e: file:///Users/wilson.shakya/Documents/GitHub/AppVerse/Elevate/node_modules/react-native-gesture-handler/android/src/main/java/com/swmansion/gesturehandler/react/RNGestureHandlerButtonViewManager.kt:217:7 Class 'kotlin.Unit' was compiled with an incompatible version of Kotlin. The actual metadata version is 2.1.0, but the compiler version 1.9.0 can read versions up to 2.0.0.
The class is loaded from /Users/wilson.shakya/.gradle/caches/modules-2/files-2.1/org.jetbrains.kotlin/kotlin-stdlib/2.1.0/85f8b81009cda5890e54ba67d64b5e599c645020/kotlin-stdlib-2.1.0.jar!/kotlin/Unit.class
e: file:///Users/wilson.shakya/Documents/GitHub/AppVerse/Elevate/node_modules/react-native-gesture-handler/android/src/main/java/com/swmansion/gesturehandler/react/RNGestureHandlerButtonViewManager.kt:220:58 Class 'kotlin.Unit' was compiled with an incompatible version of Kotlin. The actual metadata version is 2.1.0, but the compiler version 1.9.0 can read versions up to 2.0.0.
The class is loaded from /Users/wilson.shakya/.gradle/caches/modules-2/files-2.1/org.jetbrains.kotlin/kotlin-stdlib/2.1.0/85f8b81009cda5890e54ba67d64b5e599c645020/kotlin-stdlib-2.1.0.jar!/kotlin/Unit.class
e: file:///Users/wilson.shakya/Documents/GitHub/AppVerse/Elevate/node_modules/react-native-gesture-handler/android/src/main/java/com/swmansion/gesturehandler/react/RNGestureHandlerButtonViewManager.kt:221:7 Class 'kotlin.Unit' was compiled with an incompatible version of Kotlin. The actual metadata version is 2.1.0, but the compiler version 1.9.0 can read versions up to 2.0.0.
The class is loaded from /Users/wilson.shakya/.gradle/caches/modules-2/files-2.1/org.jetbrains.kotlin/kotlin-stdlib/2.1.0/85f8b81009cda5890e54ba67d64b5e599c645020/kotlin-stdlib-2.1.0.jar!/kotlin/Unit.class
e: file:///Users/wilson.shakya/Documents/GitHub/AppVerse/Elevate/node_modules/react-native-gesture-handler/android/src/main/java/com/swmansion/gesturehandler/react/RNGestureHandlerButtonViewManager.kt:222:7 Class 'kotlin.Unit' was compiled with an incompatible version of Kotlin. The actual metadata version is 2.1.0, but the compiler version 1.9.0 can read versions up to 2.0.0.
The class is loaded from /Users/wilson.shakya/.gradle/caches/modules-2/files-2.1/org.jetbrains.kotlin/kotlin-stdlib/2.1.0/85f8b81009cda5890e54ba67d64b5e599c645020/kotlin-stdlib-2.1.0.jar!/kotlin/Unit.class
e: file:///Users/wilson.shakya/Documents/GitHub/AppVerse/Elevate/node_modules/react-native-gesture-handler/android/src/main/java/com/swmansion/gesturehandler/react/RNGestureHandlerButtonViewManager.kt:237:10 Unresolved reference: map
e: file:///Users/wilson.shakya/Documents/GitHub/AppVerse/Elevate/node_modules/react-native-gesture-handler/android/src/main/java/com/swmansion/gesturehandler/react/RNGestureHandlerButtonViewManager.kt:237:20 Unresolved reference: it
e: file:///Users/wilson.shakya/Documents/GitHub/AppVerse/Elevate/node_modules/react-native-gesture-handler/android/src/main/java/com/swmansion/gesturehandler/react/RNGestureHandlerButtonViewManager.kt:237:30 Unresolved reference: it
e: file:///Users/wilson.shakya/Documents/GitHub/AppVerse/Elevate/node_modules/react-native-gesture-handler/android/src/main/java/com/swmansion/gesturehandler/react/RNGestureHandlerButtonViewManager.kt:249:51 Class 'kotlin.Unit' was compiled with an incompatible version of Kotlin. The actual metadata version is 2.1.0, but the compiler version 1.9.0 can read versions up to 2.0.0.
The class is loaded from /Users/wilson.shakya/.gradle/caches/modules-2/files-2.1/org.jetbrains.kotlin/kotlin-stdlib/2.1.0/85f8b81009cda5890e54ba67d64b5e599c645020/kotlin-stdlib-2.1.0.jar!/kotlin/Unit.class
e: file:///Users/wilson.shakya/Documents/GitHub/AppVerse/Elevate/node_modules/react-native-gesture-handler/android/src/main/java/com/swmansion/gesturehandler/react/RNGestureHandlerButtonViewManager.kt:250:7 Class 'kotlin.Unit' was compiled with an incompatible version of Kotlin. The actual metadata version is 2.1.0, but the compiler version 1.9.0 can read versions up to 2.0.0.
The class is loaded from /Users/wilson.shakya/.gradle/caches/modules-2/files-2.1/org.jetbrains.kotlin/kotlin-stdlib/2.1.0/85f8b81009cda5890e54ba67d64b5e599c645020/kotlin-stdlib-2.1.0.jar!/kotlin/Unit.class
e: file:///Users/wilson.shakya/Documents/GitHub/AppVerse/Elevate/node_modules/react-native-gesture-handler/android/src/main/java/com/swmansion/gesturehandler/react/RNGestureHandlerButtonViewManager.kt:254:13 Class 'kotlin.Unit' was compiled with an incompatible version of Kotlin. The actual metadata version is 2.1.0, but the compiler version 1.9.0 can read versions up to 2.0.0.
The class is loaded from /Users/wilson.shakya/.gradle/caches/modules-2/files-2.1/org.jetbrains.kotlin/kotlin-stdlib/2.1.0/85f8b81009cda5890e54ba67d64b5e599c645020/kotlin-stdlib-2.1.0.jar!/kotlin/Unit.class
e: file:///Users/wilson.shakya/Documents/GitHub/AppVerse/Elevate/node_modules/react-native-gesture-handler/android/src/main/java/com/swmansion/gesturehandler/react/RNGestureHandlerButtonViewManager.kt:263:14 Class 'kotlin.Unit' was compiled with an incompatible version of Kotlin. The actual metadata version is 2.1.0, but the compiler version 1.9.0 can read versions up to 2.0.0.
The class is loaded from /Users/wilson.shakya/.gradle/caches/modules-2/files-2.1/org.jetbrains.kotlin/kotlin-stdlib/2.1.0/85f8b81009cda5890e54ba67d64b5e599c645020/kotlin-stdlib-2.1.0.jar!/kotlin/Unit.class
e: file:///Users/wilson.shakya/Documents/GitHub/AppVerse/Elevate/node_modules/react-native-gesture-handler/android/src/main/java/com/swmansion/gesturehandler/react/RNGestureHandlerButtonViewManager.kt:301:11 Class 'kotlin.Unit' was compiled with an incompatible version of Kotlin. The actual metadata version is 2.1.0, but the compiler version 1.9.0 can read versions up to 2.0.0.
The class is loaded from /Users/wilson.shakya/.gradle/caches/modules-2/files-2.1/org.jetbrains.kotlin/kotlin-stdlib/2.1.0/85f8b81009cda5890e54ba67d64b5e599c645020/kotlin-stdlib-2.1.0.jar!/kotlin/Unit.class
e: file:///Users/wilson.shakya/Documents/GitHub/AppVerse/Elevate/node_modules/react-native-gesture-handler/android/src/main/java/com/swmansion/gesturehandler/react/RNGestureHandlerButtonViewManager.kt:303:9 Class 'kotlin.Unit' was compiled with an incompatible version of Kotlin. The actual metadata version is 2.1.0, but the compiler version 1.9.0 can read versions up to 2.0.0.
The class is loaded from /Users/wilson.shakya/.gradle/caches/modules-2/files-2.1/org.jetbrains.kotlin/kotlin-stdlib/2.1.0/85f8b81009cda5890e54ba67d64b5e599c645020/kotlin-stdlib-2.1.0.jar!/kotlin/Unit.class
e: file:///Users/wilson.shakya/Documents/GitHub/AppVerse/Elevate/node_modules/react-native-gesture-handler/android/src/main/java/com/swmansion/gesturehandler/react/RNGestureHandlerButtonViewManager.kt:304:9 Class 'kotlin.Unit' was compiled with an incompatible version of Kotlin. The actual metadata version is 2.1.0, but the compiler version 1.9.0 can read versions up to 2.0.0.
The class is loaded from /Users/wilson.shakya/.gradle/caches/modules-2/files-2.1/org.jetbrains.kotlin/kotlin-stdlib/2.1.0/85f8b81009cda5890e54ba67d64b5e599c645020/kotlin-stdlib-2.1.0.jar!/kotlin/Unit.class
e: file:///Users/wilson.shakya/Documents/GitHub/AppVerse/Elevate/node_modules/react-native-gesture-handler/android/src/main/java/com/swmansion/gesturehandler/react/RNGestureHandlerButtonViewManager.kt:309:9 Class 'kotlin.Unit' was compiled with an incompatible version of Kotlin. The actual metadata version is 2.1.0, but the compiler version 1.9.0 can read versions up to 2.0.0.
The class is loaded from /Users/wilson.shakya/.gradle/caches/modules-2/files-2.1/org.jetbrains.kotlin/kotlin-stdlib/2.1.0/85f8b81009cda5890e54ba67d64b5e599c645020/kotlin-stdlib-2.1.0.jar!/kotlin/Unit.class
e: file:///Users/wilson.shakya/Documents/GitHub/AppVerse/Elevate/node_modules/react-native-gesture-handler/android/src/main/java/com/swmansion/gesturehandler/react/RNGestureHandlerButtonViewManager.kt:314:9 Class 'kotlin.Unit' was compiled with an incompatible version of Kotlin. The actual metadata version is 2.1.0, but the compiler version 1.9.0 can read versions up to 2.0.0.
The class is loaded from /Users/wilson.shakya/.gradle/caches/modules-2/files-2.1/org.jetbrains.kotlin/kotlin-stdlib/2.1.0/85f8b81009cda5890e54ba67d64b5e599c645020/kotlin-stdlib-2.1.0.jar!/kotlin/Unit.class
e: file:///Users/wilson.shakya/Documents/GitHub/AppVerse/Elevate/node_modules/react-native-gesture-handler/android/src/main/java/com/swmansion/gesturehandler/react/RNGestureHandlerButtonViewManager.kt:315:9 Class 'kotlin.Unit' was compiled with an incompatible version of Kotlin. The actual metadata version is 2.1.0, but the compiler version 1.9.0 can read versions up to 2.0.0.
The class is loaded from /Users/wilson.shakya/.gradle/caches/modules-2/files-2.1/org.jetbrains.kotlin/kotlin-stdlib/2.1.0/85f8b81009cda5890e54ba67d64b5e599c645020/kotlin-stdlib-2.1.0.jar!/kotlin/Unit.class
e: file:///Users/wilson.shakya/Documents/GitHub/AppVerse/Elevate/node_modules/react-native-gesture-handler/android/src/main/java/com/swmansion/gesturehandler/react/RNGestureHandlerButtonViewManager.kt:325:23 Class 'kotlin.Unit' was compiled with an incompatible version of Kotlin. The actual metadata version is 2.1.0, but the compiler version 1.9.0 can read versions up to 2.0.0.
The class is loaded from /Users/wilson.shakya/.gradle/caches/modules-2/files-2.1/org.jetbrains.kotlin/kotlin-stdlib/2.1.0/85f8b81009cda5890e54ba67d64b5e599c645020/kotlin-stdlib-2.1.0.jar!/kotlin/Unit.class
e: file:///Users/wilson.shakya/Documents/GitHub/AppVerse/Elevate/node_modules/react-native-gesture-handler/android/src/main/java/com/swmansion/gesturehandler/react/RNGestureHandlerButtonViewManager.kt:329:7 Class 'kotlin.Unit' was compiled with an incompatible version of Kotlin. The actual metadata version is 2.1.0, but the compiler version 1.9.0 can read versions up to 2.0.0.
The class is loaded from /Users/wilson.shakya/.gradle/caches/modules-2/files-2.1/org.jetbrains.kotlin/kotlin-stdlib/2.1.0/85f8b81009cda5890e54ba67d64b5e599c645020/kotlin-stdlib-2.1.0.jar!/kotlin/Unit.class
e: file:///Users/wilson.shakya/Documents/GitHub/AppVerse/Elevate/node_modules/react-native-gesture-handler/android/src/main/java/com/swmansion/gesturehandler/react/RNGestureHandlerButtonViewManager.kt:336:7 Class 'kotlin.Unit' was compiled with an incompatible version of Kotlin. The actual metadata version is 2.1.0, but the compiler version 1.9.0 can read versions up to 2.0.0.
The class is loaded from /Users/wilson.shakya/.gradle/caches/modules-2/files-2.1/org.jetbrains.kotlin/kotlin-stdlib/2.1.0/85f8b81009cda5890e54ba67d64b5e599c645020/kotlin-stdlib-2.1.0.jar!/kotlin/Unit.class
e: file:///Users/wilson.shakya/Documents/GitHub/AppVerse/Elevate/node_modules/react-native-gesture-handler/android/src/main/java/com/swmansion/gesturehandler/react/RNGestureHandlerButtonViewManager.kt:340:9 Class 'kotlin.Unit' was compiled with an incompatible version of Kotlin. The actual metadata version is 2.1.0, but the compiler version 1.9.0 can read versions up to 2.0.0.
The class is loaded from /Users/wilson.shakya/.gradle/caches/modules-2/files-2.1/org.jetbrains.kotlin/kotlin-stdlib/2.1.0/85f8b81009cda5890e54ba67d64b5e599c645020/kotlin-stdlib-2.1.0.jar!/kotlin/Unit.class
e: file:///Users/wilson.shakya/Documents/GitHub/AppVerse/Elevate/node_modules/react-native-gesture-handler/android/src/main/java/com/swmansion/gesturehandler/react/RNGestureHandlerButtonViewManager.kt:344:9 Class 'kotlin.Unit' was compiled with an incompatible version of Kotlin. The actual metadata version is 2.1.0, but the compiler version 1.9.0 can read versions up to 2.0.0.
The class is loaded from /Users/wilson.shakya/.gradle/caches/modules-2/files-2.1/org.jetbrains.kotlin/kotlin-stdlib/2.1.0/85f8b81009cda5890e54ba67d64b5e599c645020/kotlin-stdlib-2.1.0.jar!/kotlin/Unit.class
e: file:///Users/wilson.shakya/Documents/GitHub/AppVerse/Elevate/node_modules/react-native-gesture-handler/android/src/main/java/com/swmansion/gesturehandler/react/RNGestureHandlerButtonViewManager.kt:352:14 Class 'kotlin.Unit' was compiled with an incompatible version of Kotlin. The actual metadata version is 2.1.0, but the compiler version 1.9.0 can read versions up to 2.0.0.
The class is loaded from /Users/wilson.shakya/.gradle/caches/modules-2/files-2.1/org.jetbrains.kotlin/kotlin-stdlib/2.1.0/85f8b81009cda5890e54ba67d64b5e599c645020/kotlin-stdlib-2.1.0.jar!/kotlin/Unit.class
e: file:///Users/wilson.shakya/Documents/GitHub/AppVerse/Elevate/node_modules/react-native-gesture-handler/android/src/main/java/com/swmansion/gesturehandler/react/RNGestureHandlerButtonViewManager.kt:356:7 Class 'kotlin.Unit' was compiled with an incompatible version of Kotlin. The actual metadata version is 2.1.0, but the compiler version 1.9.0 can read versions up to 2.0.0.
The class is loaded from /Users/wilson.shakya/.gradle/caches/modules-2/files-2.1/org.jetbrains.kotlin/kotlin-stdlib/2.1.0/85f8b81009cda5890e54ba67d64b5e599c645020/kotlin-stdlib-2.1.0.jar!/kotlin/Unit.class
e: file:///Users/wilson.shakya/Documents/GitHub/AppVerse/Elevate/node_modules/react-native-gesture-handler/android/src/main/java/com/swmansion/gesturehandler/react/RNGestureHandlerButtonViewManager.kt:357:9 Class 'kotlin.Unit' was compiled with an incompatible version of Kotlin. The actual metadata version is 2.1.0, but the compiler version 1.9.0 can read versions up to 2.0.0.
The class is loaded from /Users/wilson.shakya/.gradle/caches/modules-2/files-2.1/org.jetbrains.kotlin/kotlin-stdlib/2.1.0/85f8b81009cda5890e54ba67d64b5e599c645020/kotlin-stdlib-2.1.0.jar!/kotlin/Unit.class
e: file:///Users/wilson.shakya/Documents/GitHub/AppVerse/Elevate/node_modules/react-native-gesture-handler/android/src/main/java/com/swmansion/gesturehandler/react/RNGestureHandlerButtonViewManager.kt:359:11 Class 'kotlin.Unit' was compiled with an incompatible version of Kotlin. The actual metadata version is 2.1.0, but the compiler version 1.9.0 can read versions up to 2.0.0.
The class is loaded from /Users/wilson.shakya/.gradle/caches/modules-2/files-2.1/org.jetbrains.kotlin/kotlin-stdlib/2.1.0/85f8b81009cda5890e54ba67d64b5e599c645020/kotlin-stdlib-2.1.0.jar!/kotlin/Unit.class
e: file:///Users/wilson.shakya/Documents/GitHub/AppVerse/Elevate/node_modules/react-native-gesture-handler/android/src/main/java/com/swmansion/gesturehandler/react/RNGestureHandlerButtonViewManager.kt:361:14 Class 'kotlin.Unit' was compiled with an incompatible version of Kotlin. The actual metadata version is 2.1.0, but the compiler version 1.9.0 can read versions up to 2.0.0.
The class is loaded from /Users/wilson.shakya/.gradle/caches/modules-2/files-2.1/org.jetbrains.kotlin/kotlin-stdlib/2.1.0/85f8b81009cda5890e54ba67d64b5e599c645020/kotlin-stdlib-2.1.0.jar!/kotlin/Unit.class
e: file:///Users/wilson.shakya/Documents/GitHub/AppVerse/Elevate/node_modules/react-native-gesture-handler/android/src/main/java/com/swmansion/gesturehandler/react/RNGestureHandlerButtonViewManager.kt:362:9 Class 'kotlin.Unit' was compiled with an incompatible version of Kotlin. The actual metadata version is 2.1.0, but the compiler version 1.9.0 can read versions up to 2.0.0.
The class is loaded from /Users/wilson.shakya/.gradle/caches/modules-2/files-2.1/org.jetbrains.kotlin/kotlin-stdlib/2.1.0/85f8b81009cda5890e54ba67d64b5e599c645020/kotlin-stdlib-2.1.0.jar!/kotlin/Unit.class
e: file:///Users/wilson.shakya/Documents/GitHub/AppVerse/Elevate/node_modules/react-native-gesture-handler/android/src/main/java/com/swmansion/gesturehandler/react/RNGestureHandlerButtonViewManager.kt:364:9 Class 'kotlin.Unit' was compiled with an incompatible version of Kotlin. The actual metadata version is 2.1.0, but the compiler version 1.9.0 can read versions up to 2.0.0.
The class is loaded from /Users/wilson.shakya/.gradle/caches/modules-2/files-2.1/org.jetbrains.kotlin/kotlin-stdlib/2.1.0/85f8b81009cda5890e54ba67d64b5e599c645020/kotlin-stdlib-2.1.0.jar!/kotlin/Unit.class
e: file:///Users/wilson.shakya/Documents/GitHub/AppVerse/Elevate/node_modules/react-native-gesture-handler/android/src/main/java/com/swmansion/gesturehandler/react/RNGestureHandlerButtonViewManager.kt:372:24 Class 'kotlin.Unit' was compiled with an incompatible version of Kotlin. The actual metadata version is 2.1.0, but the compiler version 1.9.0 can read versions up to 2.0.0.
The class is loaded from /Users/wilson.shakya/.gradle/caches/modules-2/files-2.1/org.jetbrains.kotlin/kotlin-stdlib/2.1.0/85f8b81009cda5890e54ba67d64b5e599c645020/kotlin-stdlib-2.1.0.jar!/kotlin/Unit.class
e: file:///Users/wilson.shakya/Documents/GitHub/AppVerse/Elevate/node_modules/react-native-gesture-handler/android/src/main/java/com/swmansion/gesturehandler/react/RNGestureHandlerButtonViewManager.kt:376:30 Unresolved reference: apply
e: file:///Users/wilson.shakya/Documents/GitHub/AppVerse/Elevate/node_modules/react-native-gesture-handler/android/src/main/java/com/swmansion/gesturehandler/react/RNGestureHandlerButtonViewManager.kt:377:11 Unresolved reference: style
e: file:///Users/wilson.shakya/Documents/GitHub/AppVerse/Elevate/node_modules/react-native-gesture-handler/android/src/main/java/com/swmansion/gesturehandler/react/RNGestureHandlerButtonViewManager.kt:378:11 Unresolved reference: strokeWidth
e: file:///Users/wilson.shakya/Documents/GitHub/AppVerse/Elevate/node_modules/react-native-gesture-handler/android/src/main/java/com/swmansion/gesturehandler/react/RNGestureHandlerButtonViewManager.kt:379:11 Unresolved reference: color
e: file:///Users/wilson.shakya/Documents/GitHub/AppVerse/Elevate/node_modules/react-native-gesture-handler/android/src/main/java/com/swmansion/gesturehandler/react/RNGestureHandlerButtonViewManager.kt:380:11 Unresolved reference: pathEffect
e: file:///Users/wilson.shakya/Documents/GitHub/AppVerse/Elevate/node_modules/react-native-gesture-handler/android/src/main/java/com/swmansion/gesturehandler/react/RNGestureHandlerButtonViewManager.kt:412:18 Class 'kotlin.Unit' was compiled with an incompatible version of Kotlin. The actual metadata version is 2.1.0, but the compiler version 1.9.0 can read versions up to 2.0.0.
The class is loaded from /Users/wilson.shakya/.gradle/caches/modules-2/files-2.1/org.jetbrains.kotlin/kotlin-stdlib/2.1.0/85f8b81009cda5890e54ba67d64b5e599c645020/kotlin-stdlib-2.1.0.jar!/kotlin/Unit.class
e: file:///Users/wilson.shakya/Documents/GitHub/AppVerse/Elevate/node_modules/react-native-gesture-handler/android/src/main/java/com/swmansion/gesturehandler/react/RNGestureHandlerButtonViewManager.kt:424:15 Class 'kotlin.Unit' was compiled with an incompatible version of Kotlin. The actual metadata version is 2.1.0, but the compiler version 1.9.0 can read versions up to 2.0.0.
The class is loaded from /Users/wilson.shakya/.gradle/caches/modules-2/files-2.1/org.jetbrains.kotlin/kotlin-stdlib/2.1.0/85f8b81009cda5890e54ba67d64b5e599c645020/kotlin-stdlib-2.1.0.jar!/kotlin/Unit.class
e: file:///Users/wilson.shakya/Documents/GitHub/AppVerse/Elevate/node_modules/react-native-gesture-handler/android/src/main/java/com/swmansion/gesturehandler/react/RNGestureHandlerButtonViewManager.kt:435:9 Class 'kotlin.Unit' was compiled with an incompatible version of Kotlin. The actual metadata version is 2.1.0, but the compiler version 1.9.0 can read versions up to 2.0.0.
The class is loaded from /Users/wilson.shakya/.gradle/caches/modules-2/files-2.1/org.jetbrains.kotlin/kotlin-stdlib/2.1.0/85f8b81009cda5890e54ba67d64b5e599c645020/kotlin-stdlib-2.1.0.jar!/kotlin/Unit.class
e: file:///Users/wilson.shakya/Documents/GitHub/AppVerse/Elevate/node_modules/react-native-gesture-handler/android/src/main/java/com/swmansion/gesturehandler/react/RNGestureHandlerButtonViewManager.kt:441:7 Class 'kotlin.Unit' was compiled with an incompatible version of Kotlin. The actual metadata version is 2.1.0, but the compiler version 1.9.0 can read versions up to 2.0.0.
The class is loaded from /Users/wilson.shakya/.gradle/caches/modules-2/files-2.1/org.jetbrains.kotlin/kotlin-stdlib/2.1.0/85f8b81009cda5890e54ba67d64b5e599c645020/kotlin-stdlib-2.1.0.jar!/kotlin/Unit.class
e: file:///Users/wilson.shakya/Documents/GitHub/AppVerse/Elevate/node_modules/react-native-gesture-handler/android/src/main/java/com/swmansion/gesturehandler/react/RNGestureHandlerButtonViewManager.kt:442:7 Class 'kotlin.Unit' was compiled with an incompatible version of Kotlin. The actual metadata version is 2.1.0, but the compiler version 1.9.0 can read versions up to 2.0.0.
The class is loaded from /Users/wilson.shakya/.gradle/caches/modules-2/files-2.1/org.jetbrains.kotlin/kotlin-stdlib/2.1.0/85f8b81009cda5890e54ba67d64b5e599c645020/kotlin-stdlib-2.1.0.jar!/kotlin/Unit.class
e: file:///Users/wilson.shakya/Documents/GitHub/AppVerse/Elevate/node_modules/react-native-gesture-handler/android/src/main/java/com/swmansion/gesturehandler/react/RNGestureHandlerButtonViewManager.kt:447:9 Class 'kotlin.Unit' was compiled with an incompatible version of Kotlin. The actual metadata version is 2.1.0, but the compiler version 1.9.0 can read versions up to 2.0.0.
The class is loaded from /Users/wilson.shakya/.gradle/caches/modules-2/files-2.1/org.jetbrains.kotlin/kotlin-stdlib/2.1.0/85f8b81009cda5890e54ba67d64b5e599c645020/kotlin-stdlib-2.1.0.jar!/kotlin/Unit.class
e: file:///Users/wilson.shakya/Documents/GitHub/AppVerse/Elevate/node_modules/react-native-gesture-handler/android/src/main/java/com/swmansion/gesturehandler/react/RNGestureHandlerButtonViewManager.kt:448:9 Class 'kotlin.Unit' was compiled with an incompatible version of Kotlin. The actual metadata version is 2.1.0, but the compiler version 1.9.0 can read versions up to 2.0.0.
The class is loaded from /Users/wilson.shakya/.gradle/caches/modules-2/files-2.1/org.jetbrains.kotlin/kotlin-stdlib/2.1.0/85f8b81009cda5890e54ba67d64b5e599c645020/kotlin-stdlib-2.1.0.jar!/kotlin/Unit.class
e: file:///Users/wilson.shakya/Documents/GitHub/AppVerse/Elevate/node_modules/react-native-gesture-handler/android/src/main/java/com/swmansion/gesturehandler/react/RNGestureHandlerButtonViewManager.kt:453:11 Class 'kotlin.sequences.Sequence' was compiled with an incompatible version of Kotlin. The actual metadata version is 2.1.0, but the compiler version 1.9.0 can read versions up to 2.0.0.
The class is loaded from /Users/wilson.shakya/.gradle/caches/modules-2/files-2.1/org.jetbrains.kotlin/kotlin-stdlib/2.1.0/85f8b81009cda5890e54ba67d64b5e599c645020/kotlin-stdlib-2.1.0.jar!/kotlin/sequences/Sequence.class
e: file:///Users/wilson.shakya/Documents/GitHub/AppVerse/Elevate/node_modules/react-native-gesture-handler/android/src/main/java/com/swmansion/gesturehandler/react/RNGestureHandlerButtonViewManager.kt:458:9 Class 'kotlin.Unit' was compiled with an incompatible version of Kotlin. The actual metadata version is 2.1.0, but the compiler version 1.9.0 can read versions up to 2.0.0.
The class is loaded from /Users/wilson.shakya/.gradle/caches/modules-2/files-2.1/org.jetbrains.kotlin/kotlin-stdlib/2.1.0/85f8b81009cda5890e54ba67d64b5e599c645020/kotlin-stdlib-2.1.0.jar!/kotlin/Unit.class
e: file:///Users/wilson.shakya/Documents/GitHub/AppVerse/Elevate/node_modules/react-native-gesture-handler/android/src/main/java/com/swmansion/gesturehandler/react/RNGestureHandlerButtonViewManager.kt:468:42 Class 'kotlin.sequences.Sequence' was compiled with an incompatible version of Kotlin. The actual metadata version is 2.1.0, but the compiler version 1.9.0 can read versions up to 2.0.0.
The class is loaded from /Users/wilson.shakya/.gradle/caches/modules-2/files-2.1/org.jetbrains.kotlin/kotlin-stdlib/2.1.0/85f8b81009cda5890e54ba67d64b5e599c645020/kotlin-stdlib-2.1.0.jar!/kotlin/sequences/Sequence.class
e: file:///Users/wilson.shakya/Documents/GitHub/AppVerse/Elevate/node_modules/react-native-gesture-handler/android/src/main/java/com/swmansion/gesturehandler/react/RNGestureHandlerButtonViewManager.kt:468:64 Class 'kotlin.sequences.Sequence' was compiled with an incompatible version of Kotlin. The actual metadata version is 2.1.0, but the compiler version 1.9.0 can read versions up to 2.0.0.
The class is loaded from /Users/wilson.shakya/.gradle/caches/modules-2/files-2.1/org.jetbrains.kotlin/kotlin-stdlib/2.1.0/85f8b81009cda5890e54ba67d64b5e599c645020/kotlin-stdlib-2.1.0.jar!/kotlin/sequences/Sequence.class
e: file:///Users/wilson.shakya/Documents/GitHub/AppVerse/Elevate/node_modules/react-native-gesture-handler/android/src/main/java/com/swmansion/gesturehandler/react/RNGestureHandlerButtonViewManager.kt:469:21 Class 'kotlin.sequences.Sequence' was compiled with an incompatible version of Kotlin. The actual metadata version is 2.1.0, but the compiler version 1.9.0 can read versions up to 2.0.0.
The class is loaded from /Users/wilson.shakya/.gradle/caches/modules-2/files-2.1/org.jetbrains.kotlin/kotlin-stdlib/2.1.0/85f8b81009cda5890e54ba67d64b5e599c645020/kotlin-stdlib-2.1.0.jar!/kotlin/sequences/Sequence.class
e: file:///Users/wilson.shakya/Documents/GitHub/AppVerse/Elevate/node_modules/react-native-gesture-handler/android/src/main/java/com/swmansion/gesturehandler/react/RNGestureHandlerButtonViewManager.kt:470:9 Class 'kotlin.Unit' was compiled with an incompatible version of Kotlin. The actual metadata version is 2.1.0, but the compiler version 1.9.0 can read versions up to 2.0.0.
The class is loaded from /Users/wilson.shakya/.gradle/caches/modules-2/files-2.1/org.jetbrains.kotlin/kotlin-stdlib/2.1.0/85f8b81009cda5890e54ba67d64b5e599c645020/kotlin-stdlib-2.1.0.jar!/kotlin/Unit.class
e: file:///Users/wilson.shakya/Documents/GitHub/AppVerse/Elevate/node_modules/react-native-gesture-handler/android/src/main/java/com/swmansion/gesturehandler/react/RNGestureHandlerButtonViewManager.kt:473:15 Class 'kotlin.sequences.Sequence' was compiled with an incompatible version of Kotlin. The actual metadata version is 2.1.0, but the compiler version 1.9.0 can read versions up to 2.0.0.
The class is loaded from /Users/wilson.shakya/.gradle/caches/modules-2/files-2.1/org.jetbrains.kotlin/kotlin-stdlib/2.1.0/85f8b81009cda5890e54ba67d64b5e599c645020/kotlin-stdlib-2.1.0.jar!/kotlin/sequences/Sequence.class
e: file:///Users/wilson.shakya/Documents/GitHub/AppVerse/Elevate/node_modules/react-native-gesture-handler/android/src/main/java/com/swmansion/gesturehandler/react/RNGestureHandlerButtonViewManager.kt:473:36 Class 'kotlin.sequences.Sequence' was compiled with an incompatible version of Kotlin. The actual metadata version is 2.1.0, but the compiler version 1.9.0 can read versions up to 2.0.0.
The class is loaded from /Users/wilson.shakya/.gradle/caches/modules-2/files-2.1/org.jetbrains.kotlin/kotlin-stdlib/2.1.0/85f8b81009cda5890e54ba67d64b5e599c645020/kotlin-stdlib-2.1.0.jar!/kotlin/sequences/Sequence.class
e: file:///Users/wilson.shakya/Documents/GitHub/AppVerse/Elevate/node_modules/react-native-gesture-handler/android/src/main/java/com/swmansion/gesturehandler/react/RNGestureHandlerButtonViewManager.kt:483:7 Class 'kotlin.Unit' was compiled with an incompatible version of Kotlin. The actual metadata version is 2.1.0, but the compiler version 1.9.0 can read versions up to 2.0.0.
The class is loaded from /Users/wilson.shakya/.gradle/caches/modules-2/files-2.1/org.jetbrains.kotlin/kotlin-stdlib/2.1.0/85f8b81009cda5890e54ba67d64b5e599c645020/kotlin-stdlib-2.1.0.jar!/kotlin/Unit.class
e: file:///Users/wilson.shakya/Documents/GitHub/AppVerse/Elevate/node_modules/react-native-gesture-handler/android/src/main/java/com/swmansion/gesturehandler/react/RNGestureHandlerButtonViewManager.kt:490:19 Class 'kotlin.sequences.Sequence' was compiled with an incompatible version of Kotlin. The actual metadata version is 2.1.0, but the compiler version 1.9.0 can read versions up to 2.0.0.
The class is loaded from /Users/wilson.shakya/.gradle/caches/modules-2/files-2.1/org.jetbrains.kotlin/kotlin-stdlib/2.1.0/85f8b81009cda5890e54ba67d64b5e599c645020/kotlin-stdlib-2.1.0.jar!/kotlin/sequences/Sequence.class
e: file:///Users/wilson.shakya/Documents/GitHub/AppVerse/Elevate/node_modules/react-native-gesture-handler/android/src/main/java/com/swmansion/gesturehandler/react/RNGestureHandlerButtonViewManager.kt:492:9 Class 'kotlin.Unit' was compiled with an incompatible version of Kotlin. The actual metadata version is 2.1.0, but the compiler version 1.9.0 can read versions up to 2.0.0.
The class is loaded from /Users/wilson.shakya/.gradle/caches/modules-2/files-2.1/org.jetbrains.kotlin/kotlin-stdlib/2.1.0/85f8b81009cda5890e54ba67d64b5e599c645020/kotlin-stdlib-2.1.0.jar!/kotlin/Unit.class
e: file:///Users/wilson.shakya/Documents/GitHub/AppVerse/Elevate/node_modules/react-native-gesture-handler/android/src/main/java/com/swmansion/gesturehandler/react/RNGestureHandlerButtonViewManager.kt:493:41 Class 'kotlin.Unit' was compiled with an incompatible version of Kotlin. The actual metadata version is 2.1.0, but the compiler version 1.9.0 can read versions up to 2.0.0.
The class is loaded from /Users/wilson.shakya/.gradle/caches/modules-2/files-2.1/org.jetbrains.kotlin/kotlin-stdlib/2.1.0/85f8b81009cda5890e54ba67d64b5e599c645020/kotlin-stdlib-2.1.0.jar!/kotlin/Unit.class
e: file:///Users/wilson.shakya/Documents/GitHub/AppVerse/Elevate/node_modules/react-native-gesture-handler/android/src/main/java/com/swmansion/gesturehandler/react/RNGestureHandlerButtonViewManager.kt:495:41 Class 'kotlin.Unit' was compiled with an incompatible version of Kotlin. The actual metadata version is 2.1.0, but the compiler version 1.9.0 can read versions up to 2.0.0.
The class is loaded from /Users/wilson.shakya/.gradle/caches/modules-2/files-2.1/org.jetbrains.kotlin/kotlin-stdlib/2.1.0/85f8b81009cda5890e54ba67d64b5e599c645020/kotlin-stdlib-2.1.0.jar!/kotlin/Unit.class
e: file:///Users/wilson.shakya/Documents/GitHub/AppVerse/Elevate/node_modules/react-native-gesture-handler/android/src/main/java/com/swmansion/gesturehandler/react/RNGestureHandlerButtonViewManager.kt:496:11 Class 'kotlin.Unit' was compiled with an incompatible version of Kotlin. The actual metadata version is 2.1.0, but the compiler version 1.9.0 can read versions up to 2.0.0.
The class is loaded from /Users/wilson.shakya/.gradle/caches/modules-2/files-2.1/org.jetbrains.kotlin/kotlin-stdlib/2.1.0/85f8b81009cda5890e54ba67d64b5e599c645020/kotlin-stdlib-2.1.0.jar!/kotlin/Unit.class
e: file:///Users/wilson.shakya/Documents/GitHub/AppVerse/Elevate/node_modules/react-native-gesture-handler/android/src/main/java/com/swmansion/gesturehandler/react/RNGestureHandlerButtonViewManager.kt:500:11 Class 'kotlin.Unit' was compiled with an incompatible version of Kotlin. The actual metadata version is 2.1.0, but the compiler version 1.9.0 can read versions up to 2.0.0.
The class is loaded from /Users/wilson.shakya/.gradle/caches/modules-2/files-2.1/org.jetbrains.kotlin/kotlin-stdlib/2.1.0/85f8b81009cda5890e54ba67d64b5e599c645020/kotlin-stdlib-2.1.0.jar!/kotlin/Unit.class
e: file:///Users/wilson.shakya/Documents/GitHub/AppVerse/Elevate/node_modules/react-native-gesture-handler/android/src/main/java/com/swmansion/gesturehandler/react/RNGestureHandlerButtonViewManager.kt:501:11 Class 'kotlin.Unit' was compiled with an incompatible version of Kotlin. The actual metadata version is 2.1.0, but the compiler version 1.9.0 can read versions up to 2.0.0.
The class is loaded from /Users/wilson.shakya/.gradle/caches/modules-2/files-2.1/org.jetbrains.kotlin/kotlin-stdlib/2.1.0/85f8b81009cda5890e54ba67d64b5e599c645020/kotlin-stdlib-2.1.0.jar!/kotlin/Unit.class
e: file:///Users/wilson.shakya/Documents/GitHub/AppVerse/Elevate/node_modules/react-native-gesture-handler/android/src/main/java/com/swmansion/gesturehandler/react/RNGestureHandlerButtonViewManager.kt:519:11 Class 'kotlin.Unit' was compiled with an incompatible version of Kotlin. The actual metadata version is 2.1.0, but the compiler version 1.9.0 can read versions up to 2.0.0.
The class is loaded from /Users/wilson.shakya/.gradle/caches/modules-2/files-2.1/org.jetbrains.kotlin/kotlin-stdlib/2.1.0/85f8b81009cda5890e54ba67d64b5e599c645020/kotlin-stdlib-2.1.0.jar!/kotlin/Unit.class
e: file:///Users/wilson.shakya/Documents/GitHub/AppVerse/Elevate/node_modules/react-native-gesture-handler/android/src/main/java/com/swmansion/gesturehandler/react/RNGestureHandlerButtonViewManager.kt:524:92 Class 'kotlin.sequences.Sequence' was compiled with an incompatible version of Kotlin. The actual metadata version is 2.1.0, but the compiler version 1.9.0 can read versions up to 2.0.0.
The class is loaded from /Users/wilson.shakya/.gradle/caches/modules-2/files-2.1/org.jetbrains.kotlin/kotlin-stdlib/2.1.0/85f8b81009cda5890e54ba67d64b5e599c645020/kotlin-stdlib-2.1.0.jar!/kotlin/sequences/Sequence.class
e: file:///Users/wilson.shakya/Documents/GitHub/AppVerse/Elevate/node_modules/react-native-gesture-handler/android/src/main/java/com/swmansion/gesturehandler/react/RNGestureHandlerButtonViewManager.kt:529:9 Class 'kotlin.Unit' was compiled with an incompatible version of Kotlin. The actual metadata version is 2.1.0, but the compiler version 1.9.0 can read versions up to 2.0.0.
The class is loaded from /Users/wilson.shakya/.gradle/caches/modules-2/files-2.1/org.jetbrains.kotlin/kotlin-stdlib/2.1.0/85f8b81009cda5890e54ba67d64b5e599c645020/kotlin-stdlib-2.1.0.jar!/kotlin/Unit.class
e: file:///Users/wilson.shakya/Documents/GitHub/AppVerse/Elevate/node_modules/react-native-gesture-handler/android/src/main/java/com/swmansion/gesturehandler/react/RNGestureHandlerButtonViewManager.kt:530:15 Class 'kotlin.Unit' was compiled with an incompatible version of Kotlin. The actual metadata version is 2.1.0, but the compiler version 1.9.0 can read versions up to 2.0.0.
The class is loaded from /Users/wilson.shakya/.gradle/caches/modules-2/files-2.1/org.jetbrains.kotlin/kotlin-stdlib/2.1.0/85f8b81009cda5890e54ba67d64b5e599c645020/kotlin-stdlib-2.1.0.jar!/kotlin/Unit.class
e: file:///Users/wilson.shakya/Documents/GitHub/AppVerse/Elevate/node_modules/react-native-gesture-handler/android/src/main/java/com/swmansion/gesturehandler/react/RNGestureHandlerButtonViewManager.kt:534:9 Class 'kotlin.Unit' was compiled with an incompatible version of Kotlin. The actual metadata version is 2.1.0, but the compiler version 1.9.0 can read versions up to 2.0.0.
The class is loaded from /Users/wilson.shakya/.gradle/caches/modules-2/files-2.1/org.jetbrains.kotlin/kotlin-stdlib/2.1.0/85f8b81009cda5890e54ba67d64b5e599c645020/kotlin-stdlib-2.1.0.jar!/kotlin/Unit.class
e: file:///Users/wilson.shakya/Documents/GitHub/AppVerse/Elevate/node_modules/react-native-gesture-handler/android/src/main/java/com/swmansion/gesturehandler/react/RNGestureHandlerEnabledRootView.kt:7:2 Class 'kotlin.Deprecated' was compiled with an incompatible version of Kotlin. The actual metadata version is 2.1.0, but the compiler version 1.9.0 can read versions up to 2.0.0.
The class is loaded from /Users/wilson.shakya/.gradle/caches/modules-2/files-2.1/org.jetbrains.kotlin/kotlin-stdlib/2.1.0/85f8b81009cda5890e54ba67d64b5e599c645020/kotlin-stdlib-2.1.0.jar!/kotlin/Deprecated.class
e: file:///Users/wilson.shakya/Documents/GitHub/AppVerse/Elevate/node_modules/react-native-gesture-handler/android/src/main/java/com/swmansion/gesturehandler/react/RNGestureHandlerEnabledRootView.kt:7:2 Class 'kotlin.ReplaceWith' was compiled with an incompatible version of Kotlin. The actual metadata version is 2.1.0, but the compiler version 1.9.0 can read versions up to 2.0.0.
The class is loaded from /Users/wilson.shakya/.gradle/caches/modules-2/files-2.1/org.jetbrains.kotlin/kotlin-stdlib/2.1.0/85f8b81009cda5890e54ba67d64b5e599c645020/kotlin-stdlib-2.1.0.jar!/kotlin/ReplaceWith.class
e: file:///Users/wilson.shakya/Documents/GitHub/AppVerse/Elevate/node_modules/react-native-gesture-handler/android/src/main/java/com/swmansion/gesturehandler/react/RNGestureHandlerEnabledRootView.kt:7:2 Class 'kotlin.DeprecationLevel' was compiled with an incompatible version of Kotlin. The actual metadata version is 2.1.0, but the compiler version 1.9.0 can read versions up to 2.0.0.
The class is loaded from /Users/wilson.shakya/.gradle/caches/modules-2/files-2.1/org.jetbrains.kotlin/kotlin-stdlib/2.1.0/85f8b81009cda5890e54ba67d64b5e599c645020/kotlin-stdlib-2.1.0.jar!/kotlin/DeprecationLevel.class
e: file:///Users/wilson.shakya/Documents/GitHub/AppVerse/Elevate/node_modules/react-native-gesture-handler/android/src/main/java/com/swmansion/gesturehandler/react/RNGestureHandlerEvent.kt:5:7 Class 'kotlin.Suppress' was compiled with an incompatible version of Kotlin. The actual metadata version is 2.1.0, but the compiler version 1.9.0 can read versions up to 2.0.0.
The class is loaded from /Users/wilson.shakya/.gradle/caches/modules-2/files-2.1/org.jetbrains.kotlin/kotlin-stdlib/2.1.0/85f8b81009cda5890e54ba67d64b5e599c645020/kotlin-stdlib-2.1.0.jar!/kotlin/Suppress.class
e: file:///Users/wilson.shakya/Documents/GitHub/AppVerse/Elevate/node_modules/react-native-gesture-handler/android/src/main/java/com/swmansion/gesturehandler/react/RNGestureHandlerEvent.kt:34:11 Class 'kotlin.Unit' was compiled with an incompatible version of Kotlin. The actual metadata version is 2.1.0, but the compiler version 1.9.0 can read versions up to 2.0.0.
The class is loaded from /Users/wilson.shakya/.gradle/caches/modules-2/files-2.1/org.jetbrains.kotlin/kotlin-stdlib/2.1.0/85f8b81009cda5890e54ba67d64b5e599c645020/kotlin-stdlib-2.1.0.jar!/kotlin/Unit.class
e: file:///Users/wilson.shakya/Documents/GitHub/AppVerse/Elevate/node_modules/react-native-gesture-handler/android/src/main/java/com/swmansion/gesturehandler/react/RNGestureHandlerEvent.kt:35:10 Class 'kotlin.Unit' was compiled with an incompatible version of Kotlin. The actual metadata version is 2.1.0, but the compiler version 1.9.0 can read versions up to 2.0.0.
The class is loaded from /Users/wilson.shakya/.gradle/caches/modules-2/files-2.1/org.jetbrains.kotlin/kotlin-stdlib/2.1.0/85f8b81009cda5890e54ba67d64b5e599c645020/kotlin-stdlib-2.1.0.jar!/kotlin/Unit.class
e: file:///Users/wilson.shakya/Documents/GitHub/AppVerse/Elevate/node_modules/react-native-gesture-handler/android/src/main/java/com/swmansion/gesturehandler/react/RNGestureHandlerEvent.kt:36:10 Class 'kotlin.Unit' was compiled with an incompatible version of Kotlin. The actual metadata version is 2.1.0, but the compiler version 1.9.0 can read versions up to 2.0.0.
The class is loaded from /Users/wilson.shakya/.gradle/caches/modules-2/files-2.1/org.jetbrains.kotlin/kotlin-stdlib/2.1.0/85f8b81009cda5890e54ba67d64b5e599c645020/kotlin-stdlib-2.1.0.jar!/kotlin/Unit.class
e: file:///Users/wilson.shakya/Documents/GitHub/AppVerse/Elevate/node_modules/react-native-gesture-handler/android/src/main/java/com/swmansion/gesturehandler/react/RNGestureHandlerEvent.kt:37:5 Class 'kotlin.Unit' was compiled with an incompatible version of Kotlin. The actual metadata version is 2.1.0, but the compiler version 1.9.0 can read versions up to 2.0.0.
The class is loaded from /Users/wilson.shakya/.gradle/caches/modules-2/files-2.1/org.jetbrains.kotlin/kotlin-stdlib/2.1.0/85f8b81009cda5890e54ba67d64b5e599c645020/kotlin-stdlib-2.1.0.jar!/kotlin/Unit.class
e: file:///Users/wilson.shakya/Documents/GitHub/AppVerse/Elevate/node_modules/react-native-gesture-handler/android/src/main/java/com/swmansion/gesturehandler/react/RNGestureHandlerEvent.kt:41:5 Class 'kotlin.Unit' was compiled with an incompatible version of Kotlin. The actual metadata version is 2.1.0, but the compiler version 1.9.0 can read versions up to 2.0.0.
The class is loaded from /Users/wilson.shakya/.gradle/caches/modules-2/files-2.1/org.jetbrains.kotlin/kotlin-stdlib/2.1.0/85f8b81009cda5890e54ba67d64b5e599c645020/kotlin-stdlib-2.1.0.jar!/kotlin/Unit.class
e: file:///Users/wilson.shakya/Documents/GitHub/AppVerse/Elevate/node_modules/react-native-gesture-handler/android/src/main/java/com/swmansion/gesturehandler/react/RNGestureHandlerEvent.kt:64:58 Unresolved reference: apply
e: file:///Users/wilson.shakya/Documents/GitHub/AppVerse/Elevate/node_modules/react-native-gesture-handler/android/src/main/java/com/swmansion/gesturehandler/react/RNGestureHandlerEvent.kt:65:9 Unresolved reference: init
e: file:///Users/wilson.shakya/Documents/GitHub/AppVerse/Elevate/node_modules/react-native-gesture-handler/android/src/main/java/com/swmansion/gesturehandler/react/RNGestureHandlerEvent.kt:70:44 Unresolved reference: apply
e: file:///Users/wilson.shakya/Documents/GitHub/AppVerse/Elevate/node_modules/react-native-gesture-handler/android/src/main/java/com/swmansion/gesturehandler/react/RNGestureHandlerEvent.kt:71:19 Class 'kotlin.Unit' was compiled with an incompatible version of Kotlin. The actual metadata version is 2.1.0, but the compiler version 1.9.0 can read versions up to 2.0.0.
The class is loaded from /Users/wilson.shakya/.gradle/caches/modules-2/files-2.1/org.jetbrains.kotlin/kotlin-stdlib/2.1.0/85f8b81009cda5890e54ba67d64b5e599c645020/kotlin-stdlib-2.1.0.jar!/kotlin/Unit.class
e: file:///Users/wilson.shakya/Documents/GitHub/AppVerse/Elevate/node_modules/react-native-gesture-handler/android/src/main/java/com/swmansion/gesturehandler/react/RNGestureHandlerEvent.kt:71:34 Type mismatch: inferred type is RNGestureHandlerEvent.Companion but WritableMap was expected
e: file:///Users/wilson.shakya/Documents/GitHub/AppVerse/Elevate/node_modules/react-native-gesture-handler/android/src/main/java/com/swmansion/gesturehandler/react/RNGestureHandlerInteractionManager.kt:15:22 Class 'kotlin.Unit' was compiled with an incompatible version of Kotlin. The actual metadata version is 2.1.0, but the compiler version 1.9.0 can read versions up to 2.0.0.
The class is loaded from /Users/wilson.shakya/.gradle/caches/modules-2/files-2.1/org.jetbrains.kotlin/kotlin-stdlib/2.1.0/85f8b81009cda5890e54ba67d64b5e599c645020/kotlin-stdlib-2.1.0.jar!/kotlin/Unit.class
e: file:///Users/wilson.shakya/Documents/GitHub/AppVerse/Elevate/node_modules/react-native-gesture-handler/android/src/main/java/com/swmansion/gesturehandler/react/RNGestureHandlerInteractionManager.kt:16:27 Class 'kotlin.Unit' was compiled with an incompatible version of Kotlin. The actual metadata version is 2.1.0, but the compiler version 1.9.0 can read versions up to 2.0.0.
The class is loaded from /Users/wilson.shakya/.gradle/caches/modules-2/files-2.1/org.jetbrains.kotlin/kotlin-stdlib/2.1.0/85f8b81009cda5890e54ba67d64b5e599c645020/kotlin-stdlib-2.1.0.jar!/kotlin/Unit.class
e: file:///Users/wilson.shakya/Documents/GitHub/AppVerse/Elevate/node_modules/react-native-gesture-handler/android/src/main/java/com/swmansion/gesturehandler/react/RNGestureHandlerInteractionManager.kt:21:35 Unresolved reference: also
e: file:///Users/wilson.shakya/Documents/GitHub/AppVerse/Elevate/node_modules/react-native-gesture-handler/android/src/main/java/com/swmansion/gesturehandler/react/RNGestureHandlerInteractionManager.kt:22:17 Unresolved reference: it
e: file:///Users/wilson.shakya/Documents/GitHub/AppVerse/Elevate/node_modules/react-native-gesture-handler/android/src/main/java/com/swmansion/gesturehandler/react/RNGestureHandlerInteractionManager.kt:23:9 Unresolved reference: it
e: file:///Users/wilson.shakya/Documents/GitHub/AppVerse/Elevate/node_modules/react-native-gesture-handler/android/src/main/java/com/swmansion/gesturehandler/react/RNGestureHandlerInteractionManager.kt:32:24 Class 'kotlin.Unit' was compiled with an incompatible version of Kotlin. The actual metadata version is 2.1.0, but the compiler version 1.9.0 can read versions up to 2.0.0.
The class is loaded from /Users/wilson.shakya/.gradle/caches/modules-2/files-2.1/org.jetbrains.kotlin/kotlin-stdlib/2.1.0/85f8b81009cda5890e54ba67d64b5e599c645020/kotlin-stdlib-2.1.0.jar!/kotlin/Unit.class
e: file:///Users/wilson.shakya/Documents/GitHub/AppVerse/Elevate/node_modules/react-native-gesture-handler/android/src/main/java/com/swmansion/gesturehandler/react/RNGestureHandlerInteractionManager.kt:36:29 Class 'kotlin.Unit' was compiled with an incompatible version of Kotlin. The actual metadata version is 2.1.0, but the compiler version 1.9.0 can read versions up to 2.0.0.
The class is loaded from /Users/wilson.shakya/.gradle/caches/modules-2/files-2.1/org.jetbrains.kotlin/kotlin-stdlib/2.1.0/85f8b81009cda5890e54ba67d64b5e599c645020/kotlin-stdlib-2.1.0.jar!/kotlin/Unit.class
e: file:///Users/wilson.shakya/Documents/GitHub/AppVerse/Elevate/node_modules/react-native-gesture-handler/android/src/main/java/com/swmansion/gesturehandler/react/RNGestureHandlerInteractionManager.kt:40:25 Class 'kotlin.Unit' was compiled with an incompatible version of Kotlin. The actual metadata version is 2.1.0, but the compiler version 1.9.0 can read versions up to 2.0.0.
The class is loaded from /Users/wilson.shakya/.gradle/caches/modules-2/files-2.1/org.jetbrains.kotlin/kotlin-stdlib/2.1.0/85f8b81009cda5890e54ba67d64b5e599c645020/kotlin-stdlib-2.1.0.jar!/kotlin/Unit.class
e: file:///Users/wilson.shakya/Documents/GitHub/AppVerse/Elevate/node_modules/react-native-gesture-handler/android/src/main/java/com/swmansion/gesturehandler/react/RNGestureHandlerInteractionManager.kt:45:36 Unresolved reference: any
e: file:///Users/wilson.shakya/Documents/GitHub/AppVerse/Elevate/node_modules/react-native-gesture-handler/android/src/main/java/com/swmansion/gesturehandler/react/RNGestureHandlerInteractionManager.kt:45:42 Cannot infer a type for this parameter. Please specify it explicitly.
e: file:///Users/wilson.shakya/Documents/GitHub/AppVerse/Elevate/node_modules/react-native-gesture-handler/android/src/main/java/com/swmansion/gesturehandler/react/RNGestureHandlerInteractionManager.kt:50:39 Unresolved reference: any
e: file:///Users/wilson.shakya/Documents/GitHub/AppVerse/Elevate/node_modules/react-native-gesture-handler/android/src/main/java/com/swmansion/gesturehandler/react/RNGestureHandlerInteractionManager.kt:50:45 Cannot infer a type for this parameter. Please specify it explicitly.
e: file:///Users/wilson.shakya/Documents/GitHub/AppVerse/Elevate/node_modules/react-native-gesture-handler/android/src/main/java/com/swmansion/gesturehandler/react/RNGestureHandlerInteractionManager.kt:66:43 Unresolved reference: any
e: file:///Users/wilson.shakya/Documents/GitHub/AppVerse/Elevate/node_modules/react-native-gesture-handler/android/src/main/java/com/swmansion/gesturehandler/react/RNGestureHandlerInteractionManager.kt:66:49 Cannot infer a type for this parameter. Please specify it explicitly.
e: file:///Users/wilson.shakya/Documents/GitHub/AppVerse/Elevate/node_modules/react-native-gesture-handler/android/src/main/java/com/swmansion/gesturehandler/react/RNGestureHandlerInteractionManager.kt:69:22 Class 'kotlin.Unit' was compiled with an incompatible version of Kotlin. The actual metadata version is 2.1.0, but the compiler version 1.9.0 can read versions up to 2.0.0.
The class is loaded from /Users/wilson.shakya/.gradle/caches/modules-2/files-2.1/org.jetbrains.kotlin/kotlin-stdlib/2.1.0/85f8b81009cda5890e54ba67d64b5e599c645020/kotlin-stdlib-2.1.0.jar!/kotlin/Unit.class
e: file:///Users/wilson.shakya/Documents/GitHub/AppVerse/Elevate/node_modules/react-native-gesture-handler/android/src/main/java/com/swmansion/gesturehandler/react/RNGestureHandlerInteractionManager.kt:70:27 Class 'kotlin.Unit' was compiled with an incompatible version of Kotlin. The actual metadata version is 2.1.0, but the compiler version 1.9.0 can read versions up to 2.0.0.
The class is loaded from /Users/wilson.shakya/.gradle/caches/modules-2/files-2.1/org.jetbrains.kotlin/kotlin-stdlib/2.1.0/85f8b81009cda5890e54ba67d64b5e599c645020/kotlin-stdlib-2.1.0.jar!/kotlin/Unit.class
e: file:///Users/wilson.shakya/Documents/GitHub/AppVerse/Elevate/node_modules/react-native-gesture-handler/android/src/main/java/com/swmansion/gesturehandler/react/RNGestureHandlerModule.kt:49:2 Class 'kotlin.Suppress' was compiled with an incompatible version of Kotlin. The actual metadata version is 2.1.0, but the compiler version 1.9.0 can read versions up to 2.0.0.
The class is loaded from /Users/wilson.shakya/.gradle/caches/modules-2/files-2.1/org.jetbrains.kotlin/kotlin-stdlib/2.1.0/85f8b81009cda5890e54ba67d64b5e599c645020/kotlin-stdlib-2.1.0.jar!/kotlin/Suppress.class
e: file:///Users/wilson.shakya/Documents/GitHub/AppVerse/Elevate/node_modules/react-native-gesture-handler/android/src/main/java/com/swmansion/gesturehandler/react/RNGestureHandlerModule.kt:58:15 Class 'kotlin.Unit' was compiled with an incompatible version of Kotlin. The actual metadata version is 2.1.0, but the compiler version 1.9.0 can read versions up to 2.0.0.
The class is loaded from /Users/wilson.shakya/.gradle/caches/modules-2/files-2.1/org.jetbrains.kotlin/kotlin-stdlib/2.1.0/85f8b81009cda5890e54ba67d64b5e599c645020/kotlin-stdlib-2.1.0.jar!/kotlin/Unit.class
e: file:///Users/wilson.shakya/Documents/GitHub/AppVerse/Elevate/node_modules/react-native-gesture-handler/android/src/main/java/com/swmansion/gesturehandler/react/RNGestureHandlerModule.kt:66:9 Class 'kotlin.Unit' was compiled with an incompatible version of Kotlin. The actual metadata version is 2.1.0, but the compiler version 1.9.0 can read versions up to 2.0.0.
The class is loaded from /Users/wilson.shakya/.gradle/caches/modules-2/files-2.1/org.jetbrains.kotlin/kotlin-stdlib/2.1.0/85f8b81009cda5890e54ba67d64b5e599c645020/kotlin-stdlib-2.1.0.jar!/kotlin/Unit.class
e: file:///Users/wilson.shakya/Documents/GitHub/AppVerse/Elevate/node_modules/react-native-gesture-handler/android/src/main/java/com/swmansion/gesturehandler/react/RNGestureHandlerModule.kt:69:17 Class 'kotlin.Unit' was compiled with an incompatible version of Kotlin. The actual metadata version is 2.1.0, but the compiler version 1.9.0 can read versions up to 2.0.0.
The class is loaded from /Users/wilson.shakya/.gradle/caches/modules-2/files-2.1/org.jetbrains.kotlin/kotlin-stdlib/2.1.0/85f8b81009cda5890e54ba67d64b5e599c645020/kotlin-stdlib-2.1.0.jar!/kotlin/Unit.class
e: file:///Users/wilson.shakya/Documents/GitHub/AppVerse/Elevate/node_modules/react-native-gesture-handler/android/src/main/java/com/swmansion/gesturehandler/react/RNGestureHandlerModule.kt:83:57 Unresolved reference: java
e: file:///Users/wilson.shakya/Documents/GitHub/AppVerse/Elevate/node_modules/react-native-gesture-handler/android/src/main/java/com/swmansion/gesturehandler/react/RNGestureHandlerModule.kt:91:13 Class 'kotlin.Unit' was compiled with an incompatible version of Kotlin. The actual metadata version is 2.1.0, but the compiler version 1.9.0 can read versions up to 2.0.0.
The class is loaded from /Users/wilson.shakya/.gradle/caches/modules-2/files-2.1/org.jetbrains.kotlin/kotlin-stdlib/2.1.0/85f8b81009cda5890e54ba67d64b5e599c645020/kotlin-stdlib-2.1.0.jar!/kotlin/Unit.class
e: file:///Users/wilson.shakya/Documents/GitHub/AppVerse/Elevate/node_modules/react-native-gesture-handler/android/src/main/java/com/swmansion/gesturehandler/react/RNGestureHandlerModule.kt:106:50 Unresolved reference: java
e: file:///Users/wilson.shakya/Documents/GitHub/AppVerse/Elevate/node_modules/react-native-gesture-handler/android/src/main/java/com/swmansion/gesturehandler/react/RNGestureHandlerModule.kt:114:13 Class 'kotlin.Unit' was compiled with an incompatible version of Kotlin. The actual metadata version is 2.1.0, but the compiler version 1.9.0 can read versions up to 2.0.0.
The class is loaded from /Users/wilson.shakya/.gradle/caches/modules-2/files-2.1/org.jetbrains.kotlin/kotlin-stdlib/2.1.0/85f8b81009cda5890e54ba67d64b5e599c645020/kotlin-stdlib-2.1.0.jar!/kotlin/Unit.class
e: file:///Users/wilson.shakya/Documents/GitHub/AppVerse/Elevate/node_modules/react-native-gesture-handler/android/src/main/java/com/swmansion/gesturehandler/react/RNGestureHandlerModule.kt:142:56 Unresolved reference: java
e: file:///Users/wilson.shakya/Documents/GitHub/AppVerse/Elevate/node_modules/react-native-gesture-handler/android/src/main/java/com/swmansion/gesturehandler/react/RNGestureHandlerModule.kt:150:13 Class 'kotlin.Unit' was compiled with an incompatible version of Kotlin. The actual metadata version is 2.1.0, but the compiler version 1.9.0 can read versions up to 2.0.0.
The class is loaded from /Users/wilson.shakya/.gradle/caches/modules-2/files-2.1/org.jetbrains.kotlin/kotlin-stdlib/2.1.0/85f8b81009cda5890e54ba67d64b5e599c645020/kotlin-stdlib-2.1.0.jar!/kotlin/Unit.class
e: file:///Users/wilson.shakya/Documents/GitHub/AppVerse/Elevate/node_modules/react-native-gesture-handler/android/src/main/java/com/swmansion/gesturehandler/react/RNGestureHandlerModule.kt:152:17 Class 'kotlin.Unit' was compiled with an incompatible version of Kotlin. The actual metadata version is 2.1.0, but the compiler version 1.9.0 can read versions up to 2.0.0.
The class is loaded from /Users/wilson.shakya/.gradle/caches/modules-2/files-2.1/org.jetbrains.kotlin/kotlin-stdlib/2.1.0/85f8b81009cda5890e54ba67d64b5e599c645020/kotlin-stdlib-2.1.0.jar!/kotlin/Unit.class
e: file:///Users/wilson.shakya/Documents/GitHub/AppVerse/Elevate/node_modules/react-native-gesture-handler/android/src/main/java/com/swmansion/gesturehandler/react/RNGestureHandlerModule.kt:166:50 Unresolved reference: java
e: file:///Users/wilson.shakya/Documents/GitHub/AppVerse/Elevate/node_modules/react-native-gesture-handler/android/src/main/java/com/swmansion/gesturehandler/react/RNGestureHandlerModule.kt:174:13 Class 'kotlin.Unit' was compiled with an incompatible version of Kotlin. The actual metadata version is 2.1.0, but the compiler version 1.9.0 can read versions up to 2.0.0.
The class is loaded from /Users/wilson.shakya/.gradle/caches/modules-2/files-2.1/org.jetbrains.kotlin/kotlin-stdlib/2.1.0/85f8b81009cda5890e54ba67d64b5e599c645020/kotlin-stdlib-2.1.0.jar!/kotlin/Unit.class
e: file:///Users/wilson.shakya/Documents/GitHub/AppVerse/Elevate/node_modules/react-native-gesture-handler/android/src/main/java/com/swmansion/gesturehandler/react/RNGestureHandlerModule.kt:225:7 Class 'kotlin.Unit' was compiled with an incompatible version of Kotlin. The actual metadata version is 2.1.0, but the compiler version 1.9.0 can read versions up to 2.0.0.
The class is loaded from /Users/wilson.shakya/.gradle/caches/modules-2/files-2.1/org.jetbrains.kotlin/kotlin-stdlib/2.1.0/85f8b81009cda5890e54ba67d64b5e599c645020/kotlin-stdlib-2.1.0.jar!/kotlin/Unit.class
e: file:///Users/wilson.shakya/Documents/GitHub/AppVerse/Elevate/node_modules/react-native-gesture-handler/android/src/main/java/com/swmansion/gesturehandler/react/RNGestureHandlerModule.kt:248:52 Unresolved reference: java
e: file:///Users/wilson.shakya/Documents/GitHub/AppVerse/Elevate/node_modules/react-native-gesture-handler/android/src/main/java/com/swmansion/gesturehandler/react/RNGestureHandlerModule.kt:259:52 Unresolved reference: java
e: file:///Users/wilson.shakya/Documents/GitHub/AppVerse/Elevate/node_modules/react-native-gesture-handler/android/src/main/java/com/swmansion/gesturehandler/react/RNGestureHandlerModule.kt:267:13 Class 'kotlin.Unit' was compiled with an incompatible version of Kotlin. The actual metadata version is 2.1.0, but the compiler version 1.9.0 can read versions up to 2.0.0.
The class is loaded from /Users/wilson.shakya/.gradle/caches/modules-2/files-2.1/org.jetbrains.kotlin/kotlin-stdlib/2.1.0/85f8b81009cda5890e54ba67d64b5e599c645020/kotlin-stdlib-2.1.0.jar!/kotlin/Unit.class
e: file:///Users/wilson.shakya/Documents/GitHub/AppVerse/Elevate/node_modules/react-native-gesture-handler/android/src/main/java/com/swmansion/gesturehandler/react/RNGestureHandlerModule.kt:269:17 Class 'kotlin.Unit' was compiled with an incompatible version of Kotlin. The actual metadata version is 2.1.0, but the compiler version 1.9.0 can read versions up to 2.0.0.
The class is loaded from /Users/wilson.shakya/.gradle/caches/modules-2/files-2.1/org.jetbrains.kotlin/kotlin-stdlib/2.1.0/85f8b81009cda5890e54ba67d64b5e599c645020/kotlin-stdlib-2.1.0.jar!/kotlin/Unit.class
e: file:///Users/wilson.shakya/Documents/GitHub/AppVerse/Elevate/node_modules/react-native-gesture-handler/android/src/main/java/com/swmansion/gesturehandler/react/RNGestureHandlerModule.kt:272:17 Class 'kotlin.Unit' was compiled with an incompatible version of Kotlin. The actual metadata version is 2.1.0, but the compiler version 1.9.0 can read versions up to 2.0.0.
The class is loaded from /Users/wilson.shakya/.gradle/caches/modules-2/files-2.1/org.jetbrains.kotlin/kotlin-stdlib/2.1.0/85f8b81009cda5890e54ba67d64b5e599c645020/kotlin-stdlib-2.1.0.jar!/kotlin/Unit.class
e: file:///Users/wilson.shakya/Documents/GitHub/AppVerse/Elevate/node_modules/react-native-gesture-handler/android/src/main/java/com/swmansion/gesturehandler/react/RNGestureHandlerModule.kt:280:55 Unresolved reference: java
e: file:///Users/wilson.shakya/Documents/GitHub/AppVerse/Elevate/node_modules/react-native-gesture-handler/android/src/main/java/com/swmansion/gesturehandler/react/RNGestureHandlerModule.kt:291:53 Unresolved reference: java
e: file:///Users/wilson.shakya/Documents/GitHub/AppVerse/Elevate/node_modules/react-native-gesture-handler/android/src/main/java/com/swmansion/gesturehandler/react/RNGestureHandlerModule.kt:302:52 Unresolved reference: java
e: file:///Users/wilson.shakya/Documents/GitHub/AppVerse/Elevate/node_modules/react-native-gesture-handler/android/src/main/java/com/swmansion/gesturehandler/react/RNGestureHandlerModule.kt:314:35 Class 'kotlin.Unit' was compiled with an incompatible version of Kotlin. The actual metadata version is 2.1.0, but the compiler version 1.9.0 can read versions up to 2.0.0.
The class is loaded from /Users/wilson.shakya/.gradle/caches/modules-2/files-2.1/org.jetbrains.kotlin/kotlin-stdlib/2.1.0/85f8b81009cda5890e54ba67d64b5e599c645020/kotlin-stdlib-2.1.0.jar!/kotlin/Unit.class
e: file:///Users/wilson.shakya/Documents/GitHub/AppVerse/Elevate/node_modules/react-native-gesture-handler/android/src/main/java/com/swmansion/gesturehandler/react/RNGestureHandlerModule.kt:318:35 Class 'kotlin.Unit' was compiled with an incompatible version of Kotlin. The actual metadata version is 2.1.0, but the compiler version 1.9.0 can read versions up to 2.0.0.
The class is loaded from /Users/wilson.shakya/.gradle/caches/modules-2/files-2.1/org.jetbrains.kotlin/kotlin-stdlib/2.1.0/85f8b81009cda5890e54ba67d64b5e599c645020/kotlin-stdlib-2.1.0.jar!/kotlin/Unit.class
e: file:///Users/wilson.shakya/Documents/GitHub/AppVerse/Elevate/node_modules/react-native-gesture-handler/android/src/main/java/com/swmansion/gesturehandler/react/RNGestureHandlerModule.kt:322:35 Class 'kotlin.Unit' was compiled with an incompatible version of Kotlin. The actual metadata version is 2.1.0, but the compiler version 1.9.0 can read versions up to 2.0.0.
The class is loaded from /Users/wilson.shakya/.gradle/caches/modules-2/files-2.1/org.jetbrains.kotlin/kotlin-stdlib/2.1.0/85f8b81009cda5890e54ba67d64b5e599c645020/kotlin-stdlib-2.1.0.jar!/kotlin/Unit.class
e: file:///Users/wilson.shakya/Documents/GitHub/AppVerse/Elevate/node_modules/react-native-gesture-handler/android/src/main/java/com/swmansion/gesturehandler/react/RNGestureHandlerModule.kt:338:64 Unresolved reference: ArrayList
e: file:///Users/wilson.shakya/Documents/GitHub/AppVerse/Elevate/node_modules/react-native-gesture-handler/android/src/main/java/com/swmansion/gesturehandler/react/RNGestureHandlerModule.kt:342:4 Class 'kotlin.Suppress' was compiled with an incompatible version of Kotlin. The actual metadata version is 2.1.0, but the compiler version 1.9.0 can read versions up to 2.0.0.
The class is loaded from /Users/wilson.shakya/.gradle/caches/modules-2/files-2.1/org.jetbrains.kotlin/kotlin-stdlib/2.1.0/85f8b81009cda5890e54ba67d64b5e599c645020/kotlin-stdlib-2.1.0.jar!/kotlin/Suppress.class
e: file:///Users/wilson.shakya/Documents/GitHub/AppVerse/Elevate/node_modules/react-native-gesture-handler/android/src/main/java/com/swmansion/gesturehandler/react/RNGestureHandlerModule.kt:357:70 Unresolved reference: apply
e: file:///Users/wilson.shakya/Documents/GitHub/AppVerse/Elevate/node_modules/react-native-gesture-handler/android/src/main/java/com/swmansion/gesturehandler/react/RNGestureHandlerModule.kt:358:11 Unresolved reference: tag
e: file:///Users/wilson.shakya/Documents/GitHub/AppVerse/Elevate/node_modules/react-native-gesture-handler/android/src/main/java/com/swmansion/gesturehandler/react/RNGestureHandlerModule.kt:359:11 Unresolved reference: setOnTouchEventListener
e: file:///Users/wilson.shakya/Documents/GitHub/AppVerse/Elevate/node_modules/react-native-gesture-handler/android/src/main/java/com/swmansion/gesturehandler/react/RNGestureHandlerModule.kt:361:18 Class 'kotlin.Unit' was compiled with an incompatible version of Kotlin. The actual metadata version is 2.1.0, but the compiler version 1.9.0 can read versions up to 2.0.0.
The class is loaded from /Users/wilson.shakya/.gradle/caches/modules-2/files-2.1/org.jetbrains.kotlin/kotlin-stdlib/2.1.0/85f8b81009cda5890e54ba67d64b5e599c645020/kotlin-stdlib-2.1.0.jar!/kotlin/Unit.class
e: file:///Users/wilson.shakya/Documents/GitHub/AppVerse/Elevate/node_modules/react-native-gesture-handler/android/src/main/java/com/swmansion/gesturehandler/react/RNGestureHandlerModule.kt:362:28 Class 'kotlin.Unit' was compiled with an incompatible version of Kotlin. The actual metadata version is 2.1.0, but the compiler version 1.9.0 can read versions up to 2.0.0.
The class is loaded from /Users/wilson.shakya/.gradle/caches/modules-2/files-2.1/org.jetbrains.kotlin/kotlin-stdlib/2.1.0/85f8b81009cda5890e54ba67d64b5e599c645020/kotlin-stdlib-2.1.0.jar!/kotlin/Unit.class
e: file:///Users/wilson.shakya/Documents/GitHub/AppVerse/Elevate/node_modules/react-native-gesture-handler/android/src/main/java/com/swmansion/gesturehandler/react/RNGestureHandlerModule.kt:363:24 Class 'kotlin.Unit' was compiled with an incompatible version of Kotlin. The actual metadata version is 2.1.0, but the compiler version 1.9.0 can read versions up to 2.0.0.
The class is loaded from /Users/wilson.shakya/.gradle/caches/modules-2/files-2.1/org.jetbrains.kotlin/kotlin-stdlib/2.1.0/85f8b81009cda5890e54ba67d64b5e599c645020/kotlin-stdlib-2.1.0.jar!/kotlin/Unit.class
e: file:///Users/wilson.shakya/Documents/GitHub/AppVerse/Elevate/node_modules/react-native-gesture-handler/android/src/main/java/com/swmansion/gesturehandler/react/RNGestureHandlerModule.kt:378:5 Class 'kotlin.Unit' was compiled with an incompatible version of Kotlin. The actual metadata version is 2.1.0, but the compiler version 1.9.0 can read versions up to 2.0.0.
The class is loaded from /Users/wilson.shakya/.gradle/caches/modules-2/files-2.1/org.jetbrains.kotlin/kotlin-stdlib/2.1.0/85f8b81009cda5890e54ba67d64b5e599c645020/kotlin-stdlib-2.1.0.jar!/kotlin/Unit.class
e: file:///Users/wilson.shakya/Documents/GitHub/AppVerse/Elevate/node_modules/react-native-gesture-handler/android/src/main/java/com/swmansion/gesturehandler/react/RNGestureHandlerModule.kt:395:4 Class 'kotlin.Suppress' was compiled with an incompatible version of Kotlin. The actual metadata version is 2.1.0, but the compiler version 1.9.0 can read versions up to 2.0.0.
The class is loaded from /Users/wilson.shakya/.gradle/caches/modules-2/files-2.1/org.jetbrains.kotlin/kotlin-stdlib/2.1.0/85f8b81009cda5890e54ba67d64b5e599c645020/kotlin-stdlib-2.1.0.jar!/kotlin/Suppress.class
e: file:///Users/wilson.shakya/Documents/GitHub/AppVerse/Elevate/node_modules/react-native-gesture-handler/android/src/main/java/com/swmansion/gesturehandler/react/RNGestureHandlerModule.kt:401:28 Class 'kotlin.Unit' was compiled with an incompatible version of Kotlin. The actual metadata version is 2.1.0, but the compiler version 1.9.0 can read versions up to 2.0.0.
The class is loaded from /Users/wilson.shakya/.gradle/caches/modules-2/files-2.1/org.jetbrains.kotlin/kotlin-stdlib/2.1.0/85f8b81009cda5890e54ba67d64b5e599c645020/kotlin-stdlib-2.1.0.jar!/kotlin/Unit.class
e: file:///Users/wilson.shakya/Documents/GitHub/AppVerse/Elevate/node_modules/react-native-gesture-handler/android/src/main/java/com/swmansion/gesturehandler/react/RNGestureHandlerModule.kt:402:28 Class 'kotlin.Unit' was compiled with an incompatible version of Kotlin. The actual metadata version is 2.1.0, but the compiler version 1.9.0 can read versions up to 2.0.0.
The class is loaded from /Users/wilson.shakya/.gradle/caches/modules-2/files-2.1/org.jetbrains.kotlin/kotlin-stdlib/2.1.0/85f8b81009cda5890e54ba67d64b5e599c645020/kotlin-stdlib-2.1.0.jar!/kotlin/Unit.class
e: file:///Users/wilson.shakya/Documents/GitHub/AppVerse/Elevate/node_modules/react-native-gesture-handler/android/src/main/java/com/swmansion/gesturehandler/react/RNGestureHandlerModule.kt:403:17 Class 'kotlin.Unit' was compiled with an incompatible version of Kotlin. The actual metadata version is 2.1.0, but the compiler version 1.9.0 can read versions up to 2.0.0.
The class is loaded from /Users/wilson.shakya/.gradle/caches/modules-2/files-2.1/org.jetbrains.kotlin/kotlin-stdlib/2.1.0/85f8b81009cda5890e54ba67d64b5e599c645020/kotlin-stdlib-2.1.0.jar!/kotlin/Unit.class
e: file:///Users/wilson.shakya/Documents/GitHub/AppVerse/Elevate/node_modules/react-native-gesture-handler/android/src/main/java/com/swmansion/gesturehandler/react/RNGestureHandlerModule.kt:412:5 Class 'kotlin.Unit' was compiled with an incompatible version of Kotlin. The actual metadata version is 2.1.0, but the compiler version 1.9.0 can read versions up to 2.0.0.
The class is loaded from /Users/wilson.shakya/.gradle/caches/modules-2/files-2.1/org.jetbrains.kotlin/kotlin-stdlib/2.1.0/85f8b81009cda5890e54ba67d64b5e599c645020/kotlin-stdlib-2.1.0.jar!/kotlin/Unit.class
e: file:///Users/wilson.shakya/Documents/GitHub/AppVerse/Elevate/node_modules/react-native-gesture-handler/android/src/main/java/com/swmansion/gesturehandler/react/RNGestureHandlerModule.kt:418:24 Class 'kotlin.Unit' was compiled with an incompatible version of Kotlin. The actual metadata version is 2.1.0, but the compiler version 1.9.0 can read versions up to 2.0.0.
The class is loaded from /Users/wilson.shakya/.gradle/caches/modules-2/files-2.1/org.jetbrains.kotlin/kotlin-stdlib/2.1.0/85f8b81009cda5890e54ba67d64b5e599c645020/kotlin-stdlib-2.1.0.jar!/kotlin/Unit.class
e: file:///Users/wilson.shakya/Documents/GitHub/AppVerse/Elevate/node_modules/react-native-gesture-handler/android/src/main/java/com/swmansion/gesturehandler/react/RNGestureHandlerModule.kt:419:14 Class 'kotlin.Unit' was compiled with an incompatible version of Kotlin. The actual metadata version is 2.1.0, but the compiler version 1.9.0 can read versions up to 2.0.0.
The class is loaded from /Users/wilson.shakya/.gradle/caches/modules-2/files-2.1/org.jetbrains.kotlin/kotlin-stdlib/2.1.0/85f8b81009cda5890e54ba67d64b5e599c645020/kotlin-stdlib-2.1.0.jar!/kotlin/Unit.class
e: file:///Users/wilson.shakya/Documents/GitHub/AppVerse/Elevate/node_modules/react-native-gesture-handler/android/src/main/java/com/swmansion/gesturehandler/react/RNGestureHandlerModule.kt:426:15 Class 'kotlin.Unit' was compiled with an incompatible version of Kotlin. The actual metadata version is 2.1.0, but the compiler version 1.9.0 can read versions up to 2.0.0.
The class is loaded from /Users/wilson.shakya/.gradle/caches/modules-2/files-2.1/org.jetbrains.kotlin/kotlin-stdlib/2.1.0/85f8b81009cda5890e54ba67d64b5e599c645020/kotlin-stdlib-2.1.0.jar!/kotlin/Unit.class
e: file:///Users/wilson.shakya/Documents/GitHub/AppVerse/Elevate/node_modules/react-native-gesture-handler/android/src/main/java/com/swmansion/gesturehandler/react/RNGestureHandlerModule.kt:438:38 Unresolved reference: let
e: file:///Users/wilson.shakya/Documents/GitHub/AppVerse/Elevate/node_modules/react-native-gesture-handler/android/src/main/java/com/swmansion/gesturehandler/react/RNGestureHandlerModule.kt:438:44 Cannot infer a type for this parameter. Please specify it explicitly.
e: file:///Users/wilson.shakya/Documents/GitHub/AppVerse/Elevate/node_modules/react-native-gesture-handler/android/src/main/java/com/swmansion/gesturehandler/react/RNGestureHandlerModule.kt:439:7 'when' expression must be exhaustive, add necessary 'else' branch
e: file:///Users/wilson.shakya/Documents/GitHub/AppVerse/Elevate/node_modules/react-native-gesture-handler/android/src/main/java/com/swmansion/gesturehandler/react/RNGestureHandlerModule.kt:455:9 Class 'kotlin.Unit' was compiled with an incompatible version of Kotlin. The actual metadata version is 2.1.0, but the compiler version 1.9.0 can read versions up to 2.0.0.
The class is loaded from /Users/wilson.shakya/.gradle/caches/modules-2/files-2.1/org.jetbrains.kotlin/kotlin-stdlib/2.1.0/85f8b81009cda5890e54ba67d64b5e599c645020/kotlin-stdlib-2.1.0.jar!/kotlin/Unit.class
e: file:///Users/wilson.shakya/Documents/GitHub/AppVerse/Elevate/node_modules/react-native-gesture-handler/android/src/main/java/com/swmansion/gesturehandler/react/RNGestureHandlerModule.kt:467:12 Unresolved reference: mapOf
e: file:///Users/wilson.shakya/Documents/GitHub/AppVerse/Elevate/node_modules/react-native-gesture-handler/android/src/main/java/com/swmansion/gesturehandler/react/RNGestureHandlerModule.kt:468:15 Unresolved reference: to
e: file:///Users/wilson.shakya/Documents/GitHub/AppVerse/Elevate/node_modules/react-native-gesture-handler/android/src/main/java/com/swmansion/gesturehandler/react/RNGestureHandlerModule.kt:468:18 Unresolved reference: mapOf
e: file:///Users/wilson.shakya/Documents/GitHub/AppVerse/Elevate/node_modules/react-native-gesture-handler/android/src/main/java/com/swmansion/gesturehandler/react/RNGestureHandlerModule.kt:469:24 Unresolved reference: to
e: file:///Users/wilson.shakya/Documents/GitHub/AppVerse/Elevate/node_modules/react-native-gesture-handler/android/src/main/java/com/swmansion/gesturehandler/react/RNGestureHandlerModule.kt:470:17 Unresolved reference: to
e: file:///Users/wilson.shakya/Documents/GitHub/AppVerse/Elevate/node_modules/react-native-gesture-handler/android/src/main/java/com/swmansion/gesturehandler/react/RNGestureHandlerModule.kt:471:18 Unresolved reference: to
e: file:///Users/wilson.shakya/Documents/GitHub/AppVerse/Elevate/node_modules/react-native-gesture-handler/android/src/main/java/com/swmansion/gesturehandler/react/RNGestureHandlerModule.kt:472:21 Unresolved reference: to
e: file:///Users/wilson.shakya/Documents/GitHub/AppVerse/Elevate/node_modules/react-native-gesture-handler/android/src/main/java/com/swmansion/gesturehandler/react/RNGestureHandlerModule.kt:473:18 Unresolved reference: to
e: file:///Users/wilson.shakya/Documents/GitHub/AppVerse/Elevate/node_modules/react-native-gesture-handler/android/src/main/java/com/swmansion/gesturehandler/react/RNGestureHandlerModule.kt:474:15 Unresolved reference: to
e: file:///Users/wilson.shakya/Documents/GitHub/AppVerse/Elevate/node_modules/react-native-gesture-handler/android/src/main/java/com/swmansion/gesturehandler/react/RNGestureHandlerModule.kt:476:19 Unresolved reference: to
e: file:///Users/wilson.shakya/Documents/GitHub/AppVerse/Elevate/node_modules/react-native-gesture-handler/android/src/main/java/com/swmansion/gesturehandler/react/RNGestureHandlerModule.kt:476:22 Unresolved reference: mapOf
e: file:///Users/wilson.shakya/Documents/GitHub/AppVerse/Elevate/node_modules/react-native-gesture-handler/android/src/main/java/com/swmansion/gesturehandler/react/RNGestureHandlerModule.kt:477:17 Unresolved reference: to
e: file:///Users/wilson.shakya/Documents/GitHub/AppVerse/Elevate/node_modules/react-native-gesture-handler/android/src/main/java/com/swmansion/gesturehandler/react/RNGestureHandlerModule.kt:478:16 Unresolved reference: to
e: file:///Users/wilson.shakya/Documents/GitHub/AppVerse/Elevate/node_modules/react-native-gesture-handler/android/src/main/java/com/swmansion/gesturehandler/react/RNGestureHandlerModule.kt:479:14 Unresolved reference: to
e: file:///Users/wilson.shakya/Documents/GitHub/AppVerse/Elevate/node_modules/react-native-gesture-handler/android/src/main/java/com/swmansion/gesturehandler/react/RNGestureHandlerModule.kt:480:16 Unresolved reference: to
e: file:///Users/wilson.shakya/Documents/GitHub/AppVerse/Elevate/node_modules/react-native-gesture-handler/android/src/main/java/com/swmansion/gesturehandler/react/RNGestureHandlerModule.kt:486:14 Class 'kotlin.Unit' was compiled with an incompatible version of Kotlin. The actual metadata version is 2.1.0, but the compiler version 1.9.0 can read versions up to 2.0.0.
The class is loaded from /Users/wilson.shakya/.gradle/caches/modules-2/files-2.1/org.jetbrains.kotlin/kotlin-stdlib/2.1.0/85f8b81009cda5890e54ba67d64b5e599c645020/kotlin-stdlib-2.1.0.jar!/kotlin/Unit.class
e: file:///Users/wilson.shakya/Documents/GitHub/AppVerse/Elevate/node_modules/react-native-gesture-handler/android/src/main/java/com/swmansion/gesturehandler/react/RNGestureHandlerModule.kt:487:24 Class 'kotlin.Unit' was compiled with an incompatible version of Kotlin. The actual metadata version is 2.1.0, but the compiler version 1.9.0 can read versions up to 2.0.0.
The class is loaded from /Users/wilson.shakya/.gradle/caches/modules-2/files-2.1/org.jetbrains.kotlin/kotlin-stdlib/2.1.0/85f8b81009cda5890e54ba67d64b5e599c645020/kotlin-stdlib-2.1.0.jar!/kotlin/Unit.class
e: file:///Users/wilson.shakya/Documents/GitHub/AppVerse/Elevate/node_modules/react-native-gesture-handler/android/src/main/java/com/swmansion/gesturehandler/react/RNGestureHandlerModule.kt:488:5 Unresolved reference: synchronized
e: file:///Users/wilson.shakya/Documents/GitHub/AppVerse/Elevate/node_modules/react-native-gesture-handler/android/src/main/java/com/swmansion/gesturehandler/react/RNGestureHandlerModule.kt:489:20 Unresolved reference: isNotEmpty
e: file:///Users/wilson.shakya/Documents/GitHub/AppVerse/Elevate/node_modules/react-native-gesture-handler/android/src/main/java/com/swmansion/gesturehandler/react/RNGestureHandlerModule.kt:492:14 Class 'kotlin.Unit' was compiled with an incompatible version of Kotlin. The actual metadata version is 2.1.0, but the compiler version 1.9.0 can read versions up to 2.0.0.
The class is loaded from /Users/wilson.shakya/.gradle/caches/modules-2/files-2.1/org.jetbrains.kotlin/kotlin-stdlib/2.1.0/85f8b81009cda5890e54ba67d64b5e599c645020/kotlin-stdlib-2.1.0.jar!/kotlin/Unit.class
e: file:///Users/wilson.shakya/Documents/GitHub/AppVerse/Elevate/node_modules/react-native-gesture-handler/android/src/main/java/com/swmansion/gesturehandler/react/RNGestureHandlerModule.kt:498:11 Class 'kotlin.Unit' was compiled with an incompatible version of Kotlin. The actual metadata version is 2.1.0, but the compiler version 1.9.0 can read versions up to 2.0.0.
The class is loaded from /Users/wilson.shakya/.gradle/caches/modules-2/files-2.1/org.jetbrains.kotlin/kotlin-stdlib/2.1.0/85f8b81009cda5890e54ba67d64b5e599c645020/kotlin-stdlib-2.1.0.jar!/kotlin/Unit.class
e: file:///Users/wilson.shakya/Documents/GitHub/AppVerse/Elevate/node_modules/react-native-gesture-handler/android/src/main/java/com/swmansion/gesturehandler/react/RNGestureHandlerModule.kt:502:5 Unresolved reference: synchronized
e: file:///Users/wilson.shakya/Documents/GitHub/AppVerse/Elevate/node_modules/react-native-gesture-handler/android/src/main/java/com/swmansion/gesturehandler/react/RNGestureHandlerModule.kt:511:5 Unresolved reference: synchronized
e: file:///Users/wilson.shakya/Documents/GitHub/AppVerse/Elevate/node_modules/react-native-gesture-handler/android/src/main/java/com/swmansion/gesturehandler/react/RNGestureHandlerModule.kt:521:5 Unresolved reference: synchronized
e: file:///Users/wilson.shakya/Documents/GitHub/AppVerse/Elevate/node_modules/react-native-gesture-handler/android/src/main/java/com/swmansion/gesturehandler/react/RNGestureHandlerModule.kt:522:7 'return' is not allowed here
e: file:///Users/wilson.shakya/Documents/GitHub/AppVerse/Elevate/node_modules/react-native-gesture-handler/android/src/main/java/com/swmansion/gesturehandler/react/RNGestureHandlerModule.kt:522:20 Unresolved reference: firstOrNull
e: file:///Users/wilson.shakya/Documents/GitHub/AppVerse/Elevate/node_modules/react-native-gesture-handler/android/src/main/java/com/swmansion/gesturehandler/react/RNGestureHandlerModule.kt:523:9 Unresolved reference: it
e: file:///Users/wilson.shakya/Documents/GitHub/AppVerse/Elevate/node_modules/react-native-gesture-handler/android/src/main/java/com/swmansion/gesturehandler/react/RNGestureHandlerModule.kt:523:41 Unresolved reference: it
e: file:///Users/wilson.shakya/Documents/GitHub/AppVerse/Elevate/node_modules/react-native-gesture-handler/android/src/main/java/com/swmansion/gesturehandler/react/RNGestureHandlerModule.kt:526:3 A 'return' expression required in a function with a block body ('{...}')
e: file:///Users/wilson.shakya/Documents/GitHub/AppVerse/Elevate/node_modules/react-native-gesture-handler/android/src/main/java/com/swmansion/gesturehandler/react/RNGestureHandlerModule.kt:528:4 Class 'kotlin.Suppress' was compiled with an incompatible version of Kotlin. The actual metadata version is 2.1.0, but the compiler version 1.9.0 can read versions up to 2.0.0.
The class is loaded from /Users/wilson.shakya/.gradle/caches/modules-2/files-2.1/org.jetbrains.kotlin/kotlin-stdlib/2.1.0/85f8b81009cda5890e54ba67d64b5e599c645020/kotlin-stdlib-2.1.0.jar!/kotlin/Suppress.class
e: file:///Users/wilson.shakya/Documents/GitHub/AppVerse/Elevate/node_modules/react-native-gesture-handler/android/src/main/java/com/swmansion/gesturehandler/react/RNGestureHandlerModule.kt:530:22 Unresolved reference: firstOrNull
e: file:///Users/wilson.shakya/Documents/GitHub/AppVerse/Elevate/node_modules/react-native-gesture-handler/android/src/main/java/com/swmansion/gesturehandler/react/RNGestureHandlerModule.kt:530:36 Unresolved reference: it
e: file:///Users/wilson.shakya/Documents/GitHub/AppVerse/Elevate/node_modules/react-native-gesture-handler/android/src/main/java/com/swmansion/gesturehandler/react/RNGestureHandlerModule.kt:530:55 Unresolved reference: javaClass
e: file:///Users/wilson.shakya/Documents/GitHub/AppVerse/Elevate/node_modules/react-native-gesture-handler/android/src/main/java/com/swmansion/gesturehandler/react/RNGestureHandlerModule.kt:542:7 Class 'kotlin.Unit' was compiled with an incompatible version of Kotlin. The actual metadata version is 2.1.0, but the compiler version 1.9.0 can read versions up to 2.0.0.
The class is loaded from /Users/wilson.shakya/.gradle/caches/modules-2/files-2.1/org.jetbrains.kotlin/kotlin-stdlib/2.1.0/85f8b81009cda5890e54ba67d64b5e599c645020/kotlin-stdlib-2.1.0.jar!/kotlin/Unit.class
e: file:///Users/wilson.shakya/Documents/GitHub/AppVerse/Elevate/node_modules/react-native-gesture-handler/android/src/main/java/com/swmansion/gesturehandler/react/RNGestureHandlerModule.kt:545:9 Class 'kotlin.Unit' was compiled with an incompatible version of Kotlin. The actual metadata version is 2.1.0, but the compiler version 1.9.0 can read versions up to 2.0.0.
The class is loaded from /Users/wilson.shakya/.gradle/caches/modules-2/files-2.1/org.jetbrains.kotlin/kotlin-stdlib/2.1.0/85f8b81009cda5890e54ba67d64b5e599c645020/kotlin-stdlib-2.1.0.jar!/kotlin/Unit.class
e: file:///Users/wilson.shakya/Documents/GitHub/AppVerse/Elevate/node_modules/react-native-gesture-handler/android/src/main/java/com/swmansion/gesturehandler/react/RNGestureHandlerModule.kt:546:14 Class 'kotlin.Unit' was compiled with an incompatible version of Kotlin. The actual metadata version is 2.1.0, but the compiler version 1.9.0 can read versions up to 2.0.0.
The class is loaded from /Users/wilson.shakya/.gradle/caches/modules-2/files-2.1/org.jetbrains.kotlin/kotlin-stdlib/2.1.0/85f8b81009cda5890e54ba67d64b5e599c645020/kotlin-stdlib-2.1.0.jar!/kotlin/Unit.class
e: file:///Users/wilson.shakya/Documents/GitHub/AppVerse/Elevate/node_modules/react-native-gesture-handler/android/src/main/java/com/swmansion/gesturehandler/react/RNGestureHandlerModule.kt:553:9 Class 'kotlin.Unit' was compiled with an incompatible version of Kotlin. The actual metadata version is 2.1.0, but the compiler version 1.9.0 can read versions up to 2.0.0.
The class is loaded from /Users/wilson.shakya/.gradle/caches/modules-2/files-2.1/org.jetbrains.kotlin/kotlin-stdlib/2.1.0/85f8b81009cda5890e54ba67d64b5e599c645020/kotlin-stdlib-2.1.0.jar!/kotlin/Unit.class
e: file:///Users/wilson.shakya/Documents/GitHub/AppVerse/Elevate/node_modules/react-native-gesture-handler/android/src/main/java/com/swmansion/gesturehandler/react/RNGestureHandlerModule.kt:554:14 Class 'kotlin.Unit' was compiled with an incompatible version of Kotlin. The actual metadata version is 2.1.0, but the compiler version 1.9.0 can read versions up to 2.0.0.
The class is loaded from /Users/wilson.shakya/.gradle/caches/modules-2/files-2.1/org.jetbrains.kotlin/kotlin-stdlib/2.1.0/85f8b81009cda5890e54ba67d64b5e599c645020/kotlin-stdlib-2.1.0.jar!/kotlin/Unit.class
e: file:///Users/wilson.shakya/Documents/GitHub/AppVerse/Elevate/node_modules/react-native-gesture-handler/android/src/main/java/com/swmansion/gesturehandler/react/RNGestureHandlerModule.kt:556:9 Class 'kotlin.Unit' was compiled with an incompatible version of Kotlin. The actual metadata version is 2.1.0, but the compiler version 1.9.0 can read versions up to 2.0.0.
The class is loaded from /Users/wilson.shakya/.gradle/caches/modules-2/files-2.1/org.jetbrains.kotlin/kotlin-stdlib/2.1.0/85f8b81009cda5890e54ba67d64b5e599c645020/kotlin-stdlib-2.1.0.jar!/kotlin/Unit.class
e: file:///Users/wilson.shakya/Documents/GitHub/AppVerse/Elevate/node_modules/react-native-gesture-handler/android/src/main/java/com/swmansion/gesturehandler/react/RNGestureHandlerModule.kt:558:11 Class 'kotlin.Unit' was compiled with an incompatible version of Kotlin. The actual metadata version is 2.1.0, but the compiler version 1.9.0 can read versions up to 2.0.0.
The class is loaded from /Users/wilson.shakya/.gradle/caches/modules-2/files-2.1/org.jetbrains.kotlin/kotlin-stdlib/2.1.0/85f8b81009cda5890e54ba67d64b5e599c645020/kotlin-stdlib-2.1.0.jar!/kotlin/Unit.class
e: file:///Users/wilson.shakya/Documents/GitHub/AppVerse/Elevate/node_modules/react-native-gesture-handler/android/src/main/java/com/swmansion/gesturehandler/react/RNGestureHandlerModule.kt:561:11 Class 'kotlin.Unit' was compiled with an incompatible version of Kotlin. The actual metadata version is 2.1.0, but the compiler version 1.9.0 can read versions up to 2.0.0.
The class is loaded from /Users/wilson.shakya/.gradle/caches/modules-2/files-2.1/org.jetbrains.kotlin/kotlin-stdlib/2.1.0/85f8b81009cda5890e54ba67d64b5e599c645020/kotlin-stdlib-2.1.0.jar!/kotlin/Unit.class
e: file:///Users/wilson.shakya/Documents/GitHub/AppVerse/Elevate/node_modules/react-native-gesture-handler/android/src/main/java/com/swmansion/gesturehandler/react/RNGestureHandlerModule.kt:566:9 Class 'kotlin.Unit' was compiled with an incompatible version of Kotlin. The actual metadata version is 2.1.0, but the compiler version 1.9.0 can read versions up to 2.0.0.
The class is loaded from /Users/wilson.shakya/.gradle/caches/modules-2/files-2.1/org.jetbrains.kotlin/kotlin-stdlib/2.1.0/85f8b81009cda5890e54ba67d64b5e599c645020/kotlin-stdlib-2.1.0.jar!/kotlin/Unit.class
e: file:///Users/wilson.shakya/Documents/GitHub/AppVerse/Elevate/node_modules/react-native-gesture-handler/android/src/main/java/com/swmansion/gesturehandler/react/RNGestureHandlerModule.kt:580:5 Class 'kotlin.Unit' was compiled with an incompatible version of Kotlin. The actual metadata version is 2.1.0, but the compiler version 1.9.0 can read versions up to 2.0.0.
The class is loaded from /Users/wilson.shakya/.gradle/caches/modules-2/files-2.1/org.jetbrains.kotlin/kotlin-stdlib/2.1.0/85f8b81009cda5890e54ba67d64b5e599c645020/kotlin-stdlib-2.1.0.jar!/kotlin/Unit.class
e: file:///Users/wilson.shakya/Documents/GitHub/AppVerse/Elevate/node_modules/react-native-gesture-handler/android/src/main/java/com/swmansion/gesturehandler/react/RNGestureHandlerModule.kt:583:7 Class 'kotlin.Unit' was compiled with an incompatible version of Kotlin. The actual metadata version is 2.1.0, but the compiler version 1.9.0 can read versions up to 2.0.0.
The class is loaded from /Users/wilson.shakya/.gradle/caches/modules-2/files-2.1/org.jetbrains.kotlin/kotlin-stdlib/2.1.0/85f8b81009cda5890e54ba67d64b5e599c645020/kotlin-stdlib-2.1.0.jar!/kotlin/Unit.class
e: file:///Users/wilson.shakya/Documents/GitHub/AppVerse/Elevate/node_modules/react-native-gesture-handler/android/src/main/java/com/swmansion/gesturehandler/react/RNGestureHandlerModule.kt:584:12 Class 'kotlin.Unit' was compiled with an incompatible version of Kotlin. The actual metadata version is 2.1.0, but the compiler version 1.9.0 can read versions up to 2.0.0.
The class is loaded from /Users/wilson.shakya/.gradle/caches/modules-2/files-2.1/org.jetbrains.kotlin/kotlin-stdlib/2.1.0/85f8b81009cda5890e54ba67d64b5e599c645020/kotlin-stdlib-2.1.0.jar!/kotlin/Unit.class
e: file:///Users/wilson.shakya/Documents/GitHub/AppVerse/Elevate/node_modules/react-native-gesture-handler/android/src/main/java/com/swmansion/gesturehandler/react/RNGestureHandlerModule.kt:588:7 Class 'kotlin.Unit' was compiled with an incompatible version of Kotlin. The actual metadata version is 2.1.0, but the compiler version 1.9.0 can read versions up to 2.0.0.
The class is loaded from /Users/wilson.shakya/.gradle/caches/modules-2/files-2.1/org.jetbrains.kotlin/kotlin-stdlib/2.1.0/85f8b81009cda5890e54ba67d64b5e599c645020/kotlin-stdlib-2.1.0.jar!/kotlin/Unit.class
e: file:///Users/wilson.shakya/Documents/GitHub/AppVerse/Elevate/node_modules/react-native-gesture-handler/android/src/main/java/com/swmansion/gesturehandler/react/RNGestureHandlerModule.kt:590:9 Class 'kotlin.Unit' was compiled with an incompatible version of Kotlin. The actual metadata version is 2.1.0, but the compiler version 1.9.0 can read versions up to 2.0.0.
The class is loaded from /Users/wilson.shakya/.gradle/caches/modules-2/files-2.1/org.jetbrains.kotlin/kotlin-stdlib/2.1.0/85f8b81009cda5890e54ba67d64b5e599c645020/kotlin-stdlib-2.1.0.jar!/kotlin/Unit.class
e: file:///Users/wilson.shakya/Documents/GitHub/AppVerse/Elevate/node_modules/react-native-gesture-handler/android/src/main/java/com/swmansion/gesturehandler/react/RNGestureHandlerModule.kt:593:9 Class 'kotlin.Unit' was compiled with an incompatible version of Kotlin. The actual metadata version is 2.1.0, but the compiler version 1.9.0 can read versions up to 2.0.0.
The class is loaded from /Users/wilson.shakya/.gradle/caches/modules-2/files-2.1/org.jetbrains.kotlin/kotlin-stdlib/2.1.0/85f8b81009cda5890e54ba67d64b5e599c645020/kotlin-stdlib-2.1.0.jar!/kotlin/Unit.class
e: file:///Users/wilson.shakya/Documents/GitHub/AppVerse/Elevate/node_modules/react-native-gesture-handler/android/src/main/java/com/swmansion/gesturehandler/react/RNGestureHandlerModule.kt:598:7 Class 'kotlin.Unit' was compiled with an incompatible version of Kotlin. The actual metadata version is 2.1.0, but the compiler version 1.9.0 can read versions up to 2.0.0.
The class is loaded from /Users/wilson.shakya/.gradle/caches/modules-2/files-2.1/org.jetbrains.kotlin/kotlin-stdlib/2.1.0/85f8b81009cda5890e54ba67d64b5e599c645020/kotlin-stdlib-2.1.0.jar!/kotlin/Unit.class
e: file:///Users/wilson.shakya/Documents/GitHub/AppVerse/Elevate/node_modules/react-native-gesture-handler/android/src/main/java/com/swmansion/gesturehandler/react/RNGestureHandlerModule.kt:612:7 Class 'kotlin.Unit' was compiled with an incompatible version of Kotlin. The actual metadata version is 2.1.0, but the compiler version 1.9.0 can read versions up to 2.0.0.
The class is loaded from /Users/wilson.shakya/.gradle/caches/modules-2/files-2.1/org.jetbrains.kotlin/kotlin-stdlib/2.1.0/85f8b81009cda5890e54ba67d64b5e599c645020/kotlin-stdlib-2.1.0.jar!/kotlin/Unit.class
e: file:///Users/wilson.shakya/Documents/GitHub/AppVerse/Elevate/node_modules/react-native-gesture-handler/android/src/main/java/com/swmansion/gesturehandler/react/RNGestureHandlerModule.kt:615:9 Class 'kotlin.Unit' was compiled with an incompatible version of Kotlin. The actual metadata version is 2.1.0, but the compiler version 1.9.0 can read versions up to 2.0.0.
The class is loaded from /Users/wilson.shakya/.gradle/caches/modules-2/files-2.1/org.jetbrains.kotlin/kotlin-stdlib/2.1.0/85f8b81009cda5890e54ba67d64b5e599c645020/kotlin-stdlib-2.1.0.jar!/kotlin/Unit.class
e: file:///Users/wilson.shakya/Documents/GitHub/AppVerse/Elevate/node_modules/react-native-gesture-handler/android/src/main/java/com/swmansion/gesturehandler/react/RNGestureHandlerModule.kt:619:9 Class 'kotlin.Unit' was compiled with an incompatible version of Kotlin. The actual metadata version is 2.1.0, but the compiler version 1.9.0 can read versions up to 2.0.0.
The class is loaded from /Users/wilson.shakya/.gradle/caches/modules-2/files-2.1/org.jetbrains.kotlin/kotlin-stdlib/2.1.0/85f8b81009cda5890e54ba67d64b5e599c645020/kotlin-stdlib-2.1.0.jar!/kotlin/Unit.class
e: file:///Users/wilson.shakya/Documents/GitHub/AppVerse/Elevate/node_modules/react-native-gesture-handler/android/src/main/java/com/swmansion/gesturehandler/react/RNGestureHandlerModule.kt:626:5 Class 'kotlin.Unit' was compiled with an incompatible version of Kotlin. The actual metadata version is 2.1.0, but the compiler version 1.9.0 can read versions up to 2.0.0.
The class is loaded from /Users/wilson.shakya/.gradle/caches/modules-2/files-2.1/org.jetbrains.kotlin/kotlin-stdlib/2.1.0/85f8b81009cda5890e54ba67d64b5e599c645020/kotlin-stdlib-2.1.0.jar!/kotlin/Unit.class
e: file:///Users/wilson.shakya/Documents/GitHub/AppVerse/Elevate/node_modules/react-native-gesture-handler/android/src/main/java/com/swmansion/gesturehandler/react/RNGestureHandlerModule.kt:628:33 Class 'kotlin.Unit' was compiled with an incompatible version of Kotlin. The actual metadata version is 2.1.0, but the compiler version 1.9.0 can read versions up to 2.0.0.
The class is loaded from /Users/wilson.shakya/.gradle/caches/modules-2/files-2.1/org.jetbrains.kotlin/kotlin-stdlib/2.1.0/85f8b81009cda5890e54ba67d64b5e599c645020/kotlin-stdlib-2.1.0.jar!/kotlin/Unit.class
e: file:///Users/wilson.shakya/Documents/GitHub/AppVerse/Elevate/node_modules/react-native-gesture-handler/android/src/main/java/com/swmansion/gesturehandler/react/RNGestureHandlerModule.kt:631:7 Class 'kotlin.Unit' was compiled with an incompatible version of Kotlin. The actual metadata version is 2.1.0, but the compiler version 1.9.0 can read versions up to 2.0.0.
The class is loaded from /Users/wilson.shakya/.gradle/caches/modules-2/files-2.1/org.jetbrains.kotlin/kotlin-stdlib/2.1.0/85f8b81009cda5890e54ba67d64b5e599c645020/kotlin-stdlib-2.1.0.jar!/kotlin/Unit.class
e: file:///Users/wilson.shakya/Documents/GitHub/AppVerse/Elevate/node_modules/react-native-gesture-handler/android/src/main/java/com/swmansion/gesturehandler/react/RNGestureHandlerModule.kt:640:29 Class 'kotlin.Unit' was compiled with an incompatible version of Kotlin. The actual metadata version is 2.1.0, but the compiler version 1.9.0 can read versions up to 2.0.0.
The class is loaded from /Users/wilson.shakya/.gradle/caches/modules-2/files-2.1/org.jetbrains.kotlin/kotlin-stdlib/2.1.0/85f8b81009cda5890e54ba67d64b5e599c645020/kotlin-stdlib-2.1.0.jar!/kotlin/Unit.class
e: file:///Users/wilson.shakya/Documents/GitHub/AppVerse/Elevate/node_modules/react-native-gesture-handler/android/src/main/java/com/swmansion/gesturehandler/react/RNGestureHandlerModule.kt:645:29 Class 'kotlin.Unit' was compiled with an incompatible version of Kotlin. The actual metadata version is 2.1.0, but the compiler version 1.9.0 can read versions up to 2.0.0.
The class is loaded from /Users/wilson.shakya/.gradle/caches/modules-2/files-2.1/org.jetbrains.kotlin/kotlin-stdlib/2.1.0/85f8b81009cda5890e54ba67d64b5e599c645020/kotlin-stdlib-2.1.0.jar!/kotlin/Unit.class
e: file:///Users/wilson.shakya/Documents/GitHub/AppVerse/Elevate/node_modules/react-native-gesture-handler/android/src/main/java/com/swmansion/gesturehandler/react/RNGestureHandlerModule.kt:650:48 Class 'kotlin.Unit' was compiled with an incompatible version of Kotlin. The actual metadata version is 2.1.0, but the compiler version 1.9.0 can read versions up to 2.0.0.
The class is loaded from /Users/wilson.shakya/.gradle/caches/modules-2/files-2.1/org.jetbrains.kotlin/kotlin-stdlib/2.1.0/85f8b81009cda5890e54ba67d64b5e599c645020/kotlin-stdlib-2.1.0.jar!/kotlin/Unit.class
e: file:///Users/wilson.shakya/Documents/GitHub/AppVerse/Elevate/node_modules/react-native-gesture-handler/android/src/main/java/com/swmansion/gesturehandler/react/RNGestureHandlerRegistry.kt:15:4 Class 'kotlin.jvm.Synchronized' was compiled with an incompatible version of Kotlin. The actual metadata version is 2.1.0, but the compiler version 1.9.0 can read versions up to 2.0.0.
The class is loaded from /Users/wilson.shakya/.gradle/caches/modules-2/files-2.1/org.jetbrains.kotlin/kotlin-stdlib/2.1.0/85f8b81009cda5890e54ba67d64b5e599c645020/kotlin-stdlib-2.1.0.jar!/kotlin/jvm/Synchronized.class
e: file:///Users/wilson.shakya/Documents/GitHub/AppVerse/Elevate/node_modules/react-native-gesture-handler/android/src/main/java/com/swmansion/gesturehandler/react/RNGestureHandlerRegistry.kt:17:14 Class 'kotlin.Unit' was compiled with an incompatible version of Kotlin. The actual metadata version is 2.1.0, but the compiler version 1.9.0 can read versions up to 2.0.0.
The class is loaded from /Users/wilson.shakya/.gradle/caches/modules-2/files-2.1/org.jetbrains.kotlin/kotlin-stdlib/2.1.0/85f8b81009cda5890e54ba67d64b5e599c645020/kotlin-stdlib-2.1.0.jar!/kotlin/Unit.class
e: file:///Users/wilson.shakya/Documents/GitHub/AppVerse/Elevate/node_modules/react-native-gesture-handler/android/src/main/java/com/swmansion/gesturehandler/react/RNGestureHandlerRegistry.kt:20:4 Class 'kotlin.jvm.Synchronized' was compiled with an incompatible version of Kotlin. The actual metadata version is 2.1.0, but the compiler version 1.9.0 can read versions up to 2.0.0.
The class is loaded from /Users/wilson.shakya/.gradle/caches/modules-2/files-2.1/org.jetbrains.kotlin/kotlin-stdlib/2.1.0/85f8b81009cda5890e54ba67d64b5e599c645020/kotlin-stdlib-2.1.0.jar!/kotlin/jvm/Synchronized.class
e: file:///Users/wilson.shakya/Documents/GitHub/AppVerse/Elevate/node_modules/react-native-gesture-handler/android/src/main/java/com/swmansion/gesturehandler/react/RNGestureHandlerRegistry.kt:25:4 Class 'kotlin.jvm.Synchronized' was compiled with an incompatible version of Kotlin. The actual metadata version is 2.1.0, but the compiler version 1.9.0 can read versions up to 2.0.0.
The class is loaded from /Users/wilson.shakya/.gradle/caches/modules-2/files-2.1/org.jetbrains.kotlin/kotlin-stdlib/2.1.0/85f8b81009cda5890e54ba67d64b5e599c645020/kotlin-stdlib-2.1.0.jar!/kotlin/jvm/Synchronized.class
e: file:///Users/wilson.shakya/Documents/GitHub/AppVerse/Elevate/node_modules/react-native-gesture-handler/android/src/main/java/com/swmansion/gesturehandler/react/RNGestureHandlerRegistry.kt:28:21 Unresolved reference: let
e: file:///Users/wilson.shakya/Documents/GitHub/AppVerse/Elevate/node_modules/react-native-gesture-handler/android/src/main/java/com/swmansion/gesturehandler/react/RNGestureHandlerRegistry.kt:29:7 Class 'kotlin.Unit' was compiled with an incompatible version of Kotlin. The actual metadata version is 2.1.0, but the compiler version 1.9.0 can read versions up to 2.0.0.
The class is loaded from /Users/wilson.shakya/.gradle/caches/modules-2/files-2.1/org.jetbrains.kotlin/kotlin-stdlib/2.1.0/85f8b81009cda5890e54ba67d64b5e599c645020/kotlin-stdlib-2.1.0.jar!/kotlin/Unit.class
e: file:///Users/wilson.shakya/Documents/GitHub/AppVerse/Elevate/node_modules/react-native-gesture-handler/android/src/main/java/com/swmansion/gesturehandler/react/RNGestureHandlerRegistry.kt:30:15 Class 'kotlin.Unit' was compiled with an incompatible version of Kotlin. The actual metadata version is 2.1.0, but the compiler version 1.9.0 can read versions up to 2.0.0.
The class is loaded from /Users/wilson.shakya/.gradle/caches/modules-2/files-2.1/org.jetbrains.kotlin/kotlin-stdlib/2.1.0/85f8b81009cda5890e54ba67d64b5e599c645020/kotlin-stdlib-2.1.0.jar!/kotlin/Unit.class
e: file:///Users/wilson.shakya/Documents/GitHub/AppVerse/Elevate/node_modules/react-native-gesture-handler/android/src/main/java/com/swmansion/gesturehandler/react/RNGestureHandlerRegistry.kt:31:7 Class 'kotlin.Unit' was compiled with an incompatible version of Kotlin. The actual metadata version is 2.1.0, but the compiler version 1.9.0 can read versions up to 2.0.0.
The class is loaded from /Users/wilson.shakya/.gradle/caches/modules-2/files-2.1/org.jetbrains.kotlin/kotlin-stdlib/2.1.0/85f8b81009cda5890e54ba67d64b5e599c645020/kotlin-stdlib-2.1.0.jar!/kotlin/Unit.class
e: file:///Users/wilson.shakya/Documents/GitHub/AppVerse/Elevate/node_modules/react-native-gesture-handler/android/src/main/java/com/swmansion/gesturehandler/react/RNGestureHandlerRegistry.kt:36:4 Class 'kotlin.jvm.Synchronized' was compiled with an incompatible version of Kotlin. The actual metadata version is 2.1.0, but the compiler version 1.9.0 can read versions up to 2.0.0.
The class is loaded from /Users/wilson.shakya/.gradle/caches/modules-2/files-2.1/org.jetbrains.kotlin/kotlin-stdlib/2.1.0/85f8b81009cda5890e54ba67d64b5e599c645020/kotlin-stdlib-2.1.0.jar!/kotlin/jvm/Synchronized.class
e: file:///Users/wilson.shakya/Documents/GitHub/AppVerse/Elevate/node_modules/react-native-gesture-handler/android/src/main/java/com/swmansion/gesturehandler/react/RNGestureHandlerRegistry.kt:38:5 Unresolved reference: check
e: file:///Users/wilson.shakya/Documents/GitHub/AppVerse/Elevate/node_modules/react-native-gesture-handler/android/src/main/java/com/swmansion/gesturehandler/react/RNGestureHandlerRegistry.kt:39:16 Class 'kotlin.Unit' was compiled with an incompatible version of Kotlin. The actual metadata version is 2.1.0, but the compiler version 1.9.0 can read versions up to 2.0.0.
The class is loaded from /Users/wilson.shakya/.gradle/caches/modules-2/files-2.1/org.jetbrains.kotlin/kotlin-stdlib/2.1.0/85f8b81009cda5890e54ba67d64b5e599c645020/kotlin-stdlib-2.1.0.jar!/kotlin/Unit.class
e: file:///Users/wilson.shakya/Documents/GitHub/AppVerse/Elevate/node_modules/react-native-gesture-handler/android/src/main/java/com/swmansion/gesturehandler/react/RNGestureHandlerRegistry.kt:41:5 Class 'kotlin.Unit' was compiled with an incompatible version of Kotlin. The actual metadata version is 2.1.0, but the compiler version 1.9.0 can read versions up to 2.0.0.
The class is loaded from /Users/wilson.shakya/.gradle/caches/modules-2/files-2.1/org.jetbrains.kotlin/kotlin-stdlib/2.1.0/85f8b81009cda5890e54ba67d64b5e599c645020/kotlin-stdlib-2.1.0.jar!/kotlin/Unit.class
e: file:///Users/wilson.shakya/Documents/GitHub/AppVerse/Elevate/node_modules/react-native-gesture-handler/android/src/main/java/com/swmansion/gesturehandler/react/RNGestureHandlerRegistry.kt:44:23 Class 'kotlin.Unit' was compiled with an incompatible version of Kotlin. The actual metadata version is 2.1.0, but the compiler version 1.9.0 can read versions up to 2.0.0.
The class is loaded from /Users/wilson.shakya/.gradle/caches/modules-2/files-2.1/org.jetbrains.kotlin/kotlin-stdlib/2.1.0/85f8b81009cda5890e54ba67d64b5e599c645020/kotlin-stdlib-2.1.0.jar!/kotlin/Unit.class
e: file:///Users/wilson.shakya/Documents/GitHub/AppVerse/Elevate/node_modules/react-native-gesture-handler/android/src/main/java/com/swmansion/gesturehandler/react/RNGestureHandlerRegistry.kt:46:7 Unresolved reference: synchronized
e: file:///Users/wilson.shakya/Documents/GitHub/AppVerse/Elevate/node_modules/react-native-gesture-handler/android/src/main/java/com/swmansion/gesturehandler/react/RNGestureHandlerRegistry.kt:52:4 Class 'kotlin.jvm.Synchronized' was compiled with an incompatible version of Kotlin. The actual metadata version is 2.1.0, but the compiler version 1.9.0 can read versions up to 2.0.0.
The class is loaded from /Users/wilson.shakya/.gradle/caches/modules-2/files-2.1/org.jetbrains.kotlin/kotlin-stdlib/2.1.0/85f8b81009cda5890e54ba67d64b5e599c645020/kotlin-stdlib-2.1.0.jar!/kotlin/jvm/Synchronized.class
e: file:///Users/wilson.shakya/Documents/GitHub/AppVerse/Elevate/node_modules/react-native-gesture-handler/android/src/main/java/com/swmansion/gesturehandler/react/RNGestureHandlerRegistry.kt:56:18 Class 'kotlin.Unit' was compiled with an incompatible version of Kotlin. The actual metadata version is 2.1.0, but the compiler version 1.9.0 can read versions up to 2.0.0.
The class is loaded from /Users/wilson.shakya/.gradle/caches/modules-2/files-2.1/org.jetbrains.kotlin/kotlin-stdlib/2.1.0/85f8b81009cda5890e54ba67d64b5e599c645020/kotlin-stdlib-2.1.0.jar!/kotlin/Unit.class
e: file:///Users/wilson.shakya/Documents/GitHub/AppVerse/Elevate/node_modules/react-native-gesture-handler/android/src/main/java/com/swmansion/gesturehandler/react/RNGestureHandlerRegistry.kt:59:9 Unresolved reference: synchronized
e: file:///Users/wilson.shakya/Documents/GitHub/AppVerse/Elevate/node_modules/react-native-gesture-handler/android/src/main/java/com/swmansion/gesturehandler/react/RNGestureHandlerRegistry.kt:64:27 Class 'kotlin.Unit' was compiled with an incompatible version of Kotlin. The actual metadata version is 2.1.0, but the compiler version 1.9.0 can read versions up to 2.0.0.
The class is loaded from /Users/wilson.shakya/.gradle/caches/modules-2/files-2.1/org.jetbrains.kotlin/kotlin-stdlib/2.1.0/85f8b81009cda5890e54ba67d64b5e599c645020/kotlin-stdlib-2.1.0.jar!/kotlin/Unit.class
e: file:///Users/wilson.shakya/Documents/GitHub/AppVerse/Elevate/node_modules/react-native-gesture-handler/android/src/main/java/com/swmansion/gesturehandler/react/RNGestureHandlerRegistry.kt:72:44 Class 'kotlin.Unit' was compiled with an incompatible version of Kotlin. The actual metadata version is 2.1.0, but the compiler version 1.9.0 can read versions up to 2.0.0.
The class is loaded from /Users/wilson.shakya/.gradle/caches/modules-2/files-2.1/org.jetbrains.kotlin/kotlin-stdlib/2.1.0/85f8b81009cda5890e54ba67d64b5e599c645020/kotlin-stdlib-2.1.0.jar!/kotlin/Unit.class
e: file:///Users/wilson.shakya/Documents/GitHub/AppVerse/Elevate/node_modules/react-native-gesture-handler/android/src/main/java/com/swmansion/gesturehandler/react/RNGestureHandlerRegistry.kt:76:4 Class 'kotlin.jvm.Synchronized' was compiled with an incompatible version of Kotlin. The actual metadata version is 2.1.0, but the compiler version 1.9.0 can read versions up to 2.0.0.
The class is loaded from /Users/wilson.shakya/.gradle/caches/modules-2/files-2.1/org.jetbrains.kotlin/kotlin-stdlib/2.1.0/85f8b81009cda5890e54ba67d64b5e599c645020/kotlin-stdlib-2.1.0.jar!/kotlin/jvm/Synchronized.class
e: file:///Users/wilson.shakya/Documents/GitHub/AppVerse/Elevate/node_modules/react-native-gesture-handler/android/src/main/java/com/swmansion/gesturehandler/react/RNGestureHandlerRegistry.kt:78:27 Unresolved reference: let
e: file:///Users/wilson.shakya/Documents/GitHub/AppVerse/Elevate/node_modules/react-native-gesture-handler/android/src/main/java/com/swmansion/gesturehandler/react/RNGestureHandlerRegistry.kt:79:7 Class 'kotlin.Unit' was compiled with an incompatible version of Kotlin. The actual metadata version is 2.1.0, but the compiler version 1.9.0 can read versions up to 2.0.0.
The class is loaded from /Users/wilson.shakya/.gradle/caches/modules-2/files-2.1/org.jetbrains.kotlin/kotlin-stdlib/2.1.0/85f8b81009cda5890e54ba67d64b5e599c645020/kotlin-stdlib-2.1.0.jar!/kotlin/Unit.class
e: file:///Users/wilson.shakya/Documents/GitHub/AppVerse/Elevate/node_modules/react-native-gesture-handler/android/src/main/java/com/swmansion/gesturehandler/react/RNGestureHandlerRegistry.kt:79:21 Unresolved reference: it
e: file:///Users/wilson.shakya/Documents/GitHub/AppVerse/Elevate/node_modules/react-native-gesture-handler/android/src/main/java/com/swmansion/gesturehandler/react/RNGestureHandlerRegistry.kt:80:16 Class 'kotlin.Unit' was compiled with an incompatible version of Kotlin. The actual metadata version is 2.1.0, but the compiler version 1.9.0 can read versions up to 2.0.0.
The class is loaded from /Users/wilson.shakya/.gradle/caches/modules-2/files-2.1/org.jetbrains.kotlin/kotlin-stdlib/2.1.0/85f8b81009cda5890e54ba67d64b5e599c645020/kotlin-stdlib-2.1.0.jar!/kotlin/Unit.class
e: file:///Users/wilson.shakya/Documents/GitHub/AppVerse/Elevate/node_modules/react-native-gesture-handler/android/src/main/java/com/swmansion/gesturehandler/react/RNGestureHandlerRegistry.kt:84:4 Class 'kotlin.jvm.Synchronized' was compiled with an incompatible version of Kotlin. The actual metadata version is 2.1.0, but the compiler version 1.9.0 can read versions up to 2.0.0.
The class is loaded from /Users/wilson.shakya/.gradle/caches/modules-2/files-2.1/org.jetbrains.kotlin/kotlin-stdlib/2.1.0/85f8b81009cda5890e54ba67d64b5e599c645020/kotlin-stdlib-2.1.0.jar!/kotlin/jvm/Synchronized.class
e: file:///Users/wilson.shakya/Documents/GitHub/AppVerse/Elevate/node_modules/react-native-gesture-handler/android/src/main/java/com/swmansion/gesturehandler/react/RNGestureHandlerRegistry.kt:86:14 Class 'kotlin.Unit' was compiled with an incompatible version of Kotlin. The actual metadata version is 2.1.0, but the compiler version 1.9.0 can read versions up to 2.0.0.
The class is loaded from /Users/wilson.shakya/.gradle/caches/modules-2/files-2.1/org.jetbrains.kotlin/kotlin-stdlib/2.1.0/85f8b81009cda5890e54ba67d64b5e599c645020/kotlin-stdlib-2.1.0.jar!/kotlin/Unit.class
e: file:///Users/wilson.shakya/Documents/GitHub/AppVerse/Elevate/node_modules/react-native-gesture-handler/android/src/main/java/com/swmansion/gesturehandler/react/RNGestureHandlerRegistry.kt:87:16 Class 'kotlin.Unit' was compiled with an incompatible version of Kotlin. The actual metadata version is 2.1.0, but the compiler version 1.9.0 can read versions up to 2.0.0.
The class is loaded from /Users/wilson.shakya/.gradle/caches/modules-2/files-2.1/org.jetbrains.kotlin/kotlin-stdlib/2.1.0/85f8b81009cda5890e54ba67d64b5e599c645020/kotlin-stdlib-2.1.0.jar!/kotlin/Unit.class
e: file:///Users/wilson.shakya/Documents/GitHub/AppVerse/Elevate/node_modules/react-native-gesture-handler/android/src/main/java/com/swmansion/gesturehandler/react/RNGestureHandlerRegistry.kt:88:21 Class 'kotlin.Unit' was compiled with an incompatible version of Kotlin. The actual metadata version is 2.1.0, but the compiler version 1.9.0 can read versions up to 2.0.0.
The class is loaded from /Users/wilson.shakya/.gradle/caches/modules-2/files-2.1/org.jetbrains.kotlin/kotlin-stdlib/2.1.0/85f8b81009cda5890e54ba67d64b5e599c645020/kotlin-stdlib-2.1.0.jar!/kotlin/Unit.class
e: file:///Users/wilson.shakya/Documents/GitHub/AppVerse/Elevate/node_modules/react-native-gesture-handler/android/src/main/java/com/swmansion/gesturehandler/react/RNGestureHandlerRegistry.kt:91:4 Class 'kotlin.jvm.Synchronized' was compiled with an incompatible version of Kotlin. The actual metadata version is 2.1.0, but the compiler version 1.9.0 can read versions up to 2.0.0.
The class is loaded from /Users/wilson.shakya/.gradle/caches/modules-2/files-2.1/org.jetbrains.kotlin/kotlin-stdlib/2.1.0/85f8b81009cda5890e54ba67d64b5e599c645020/kotlin-stdlib-2.1.0.jar!/kotlin/jvm/Synchronized.class
e: file:///Users/wilson.shakya/Documents/GitHub/AppVerse/Elevate/node_modules/react-native-gesture-handler/android/src/main/java/com/swmansion/gesturehandler/react/RNGestureHandlerRegistry.kt:96:4 Class 'kotlin.jvm.Synchronized' was compiled with an incompatible version of Kotlin. The actual metadata version is 2.1.0, but the compiler version 1.9.0 can read versions up to 2.0.0.
The class is loaded from /Users/wilson.shakya/.gradle/caches/modules-2/files-2.1/org.jetbrains.kotlin/kotlin-stdlib/2.1.0/85f8b81009cda5890e54ba67d64b5e599c645020/kotlin-stdlib-2.1.0.jar!/kotlin/jvm/Synchronized.class
e: file:///Users/wilson.shakya/Documents/GitHub/AppVerse/Elevate/node_modules/react-native-gesture-handler/android/src/main/java/com/swmansion/gesturehandler/react/RNGestureHandlerRootHelper.kt:25:18 Class 'kotlin.Unit' was compiled with an incompatible version of Kotlin. The actual metadata version is 2.1.0, but the compiler version 1.9.0 can read versions up to 2.0.0.
The class is loaded from /Users/wilson.shakya/.gradle/caches/modules-2/files-2.1/org.jetbrains.kotlin/kotlin-stdlib/2.1.0/85f8b81009cda5890e54ba67d64b5e599c645020/kotlin-stdlib-2.1.0.jar!/kotlin/Unit.class
e: file:///Users/wilson.shakya/Documents/GitHub/AppVerse/Elevate/node_modules/react-native-gesture-handler/android/src/main/java/com/swmansion/gesturehandler/react/RNGestureHandlerRootHelper.kt:27:5 Unresolved reference: check
e: file:///Users/wilson.shakya/Documents/GitHub/AppVerse/Elevate/node_modules/react-native-gesture-handler/android/src/main/java/com/swmansion/gesturehandler/react/RNGestureHandlerRootHelper.kt:28:120 Unresolved reference: java
e: file:///Users/wilson.shakya/Documents/GitHub/AppVerse/Elevate/node_modules/react-native-gesture-handler/android/src/main/java/com/swmansion/gesturehandler/react/RNGestureHandlerRootHelper.kt:29:27 Unresolved reference: registry
e: file:///Users/wilson.shakya/Documents/GitHub/AppVerse/Elevate/node_modules/react-native-gesture-handler/android/src/main/java/com/swmansion/gesturehandler/react/RNGestureHandlerRootHelper.kt:37:7 Unresolved reference: apply
e: file:///Users/wilson.shakya/Documents/GitHub/AppVerse/Elevate/node_modules/react-native-gesture-handler/android/src/main/java/com/swmansion/gesturehandler/react/RNGestureHandlerRootHelper.kt:38:7 Unresolved reference: minimumAlphaForTraversal
e: file:///Users/wilson.shakya/Documents/GitHub/AppVerse/Elevate/node_modules/react-native-gesture-handler/android/src/main/java/com/swmansion/gesturehandler/react/RNGestureHandlerRootHelper.kt:40:49 Unresolved reference: apply
e: file:///Users/wilson.shakya/Documents/GitHub/AppVerse/Elevate/node_modules/react-native-gesture-handler/android/src/main/java/com/swmansion/gesturehandler/react/RNGestureHandlerRootHelper.kt:40:57 Unresolved reference: tag
e: file:///Users/wilson.shakya/Documents/GitHub/AppVerse/Elevate/node_modules/react-native-gesture-handler/android/src/main/java/com/swmansion/gesturehandler/react/RNGestureHandlerRootHelper.kt:41:5 Unresolved reference: with
e: file:///Users/wilson.shakya/Documents/GitHub/AppVerse/Elevate/node_modules/react-native-gesture-handler/android/src/main/java/com/swmansion/gesturehandler/react/RNGestureHandlerRootHelper.kt:42:7 Unresolved reference: registerHandler
e: file:///Users/wilson.shakya/Documents/GitHub/AppVerse/Elevate/node_modules/react-native-gesture-handler/android/src/main/java/com/swmansion/gesturehandler/react/RNGestureHandlerRootHelper.kt:43:7 Unresolved reference: attachHandlerToView
e: file:///Users/wilson.shakya/Documents/GitHub/AppVerse/Elevate/node_modules/react-native-gesture-handler/android/src/main/java/com/swmansion/gesturehandler/react/RNGestureHandlerRootHelper.kt:43:43 Only safe (?.) or non-null asserted (!!.) calls are allowed on a nullable receiver of type GestureHandler<CapturedType(*)>?
e: file:///Users/wilson.shakya/Documents/GitHub/AppVerse/Elevate/node_modules/react-native-gesture-handler/android/src/main/java/com/swmansion/gesturehandler/react/RNGestureHandlerRootHelper.kt:45:12 Unresolved reference: registerRootHelper
e: file:///Users/wilson.shakya/Documents/GitHub/AppVerse/Elevate/node_modules/react-native-gesture-handler/android/src/main/java/com/swmansion/gesturehandler/react/RNGestureHandlerRootHelper.kt:53:120 Unresolved reference: java
e: file:///Users/wilson.shakya/Documents/GitHub/AppVerse/Elevate/node_modules/react-native-gesture-handler/android/src/main/java/com/swmansion/gesturehandler/react/RNGestureHandlerRootHelper.kt:54:5 Unresolved reference: with
e: file:///Users/wilson.shakya/Documents/GitHub/AppVerse/Elevate/node_modules/react-native-gesture-handler/android/src/main/java/com/swmansion/gesturehandler/react/RNGestureHandlerRootHelper.kt:55:7 Unresolved reference: registry
e: file:///Users/wilson.shakya/Documents/GitHub/AppVerse/Elevate/node_modules/react-native-gesture-handler/android/src/main/java/com/swmansion/gesturehandler/react/RNGestureHandlerRootHelper.kt:56:7 Unresolved reference: unregisterRootHelper
e: file:///Users/wilson.shakya/Documents/GitHub/AppVerse/Elevate/node_modules/react-native-gesture-handler/android/src/main/java/com/swmansion/gesturehandler/react/RNGestureHandlerRootHelper.kt:67:9 Class 'kotlin.Unit' was compiled with an incompatible version of Kotlin. The actual metadata version is 2.1.0, but the compiler version 1.9.0 can read versions up to 2.0.0.
The class is loaded from /Users/wilson.shakya/.gradle/caches/modules-2/files-2.1/org.jetbrains.kotlin/kotlin-stdlib/2.1.0/85f8b81009cda5890e54ba67d64b5e599c645020/kotlin-stdlib-2.1.0.jar!/kotlin/Unit.class
e: file:///Users/wilson.shakya/Documents/GitHub/AppVerse/Elevate/node_modules/react-native-gesture-handler/android/src/main/java/com/swmansion/gesturehandler/react/RNGestureHandlerRootHelper.kt:68:9 Class 'kotlin.Unit' was compiled with an incompatible version of Kotlin. The actual metadata version is 2.1.0, but the compiler version 1.9.0 can read versions up to 2.0.0.
The class is loaded from /Users/wilson.shakya/.gradle/caches/modules-2/files-2.1/org.jetbrains.kotlin/kotlin-stdlib/2.1.0/85f8b81009cda5890e54ba67d64b5e599c645020/kotlin-stdlib-2.1.0.jar!/kotlin/Unit.class
e: file:///Users/wilson.shakya/Documents/GitHub/AppVerse/Elevate/node_modules/react-native-gesture-handler/android/src/main/java/com/swmansion/gesturehandler/react/RNGestureHandlerRootHelper.kt:72:9 Class 'kotlin.Unit' was compiled with an incompatible version of Kotlin. The actual metadata version is 2.1.0, but the compiler version 1.9.0 can read versions up to 2.0.0.
The class is loaded from /Users/wilson.shakya/.gradle/caches/modules-2/files-2.1/org.jetbrains.kotlin/kotlin-stdlib/2.1.0/85f8b81009cda5890e54ba67d64b5e599c645020/kotlin-stdlib-2.1.0.jar!/kotlin/Unit.class
e: file:///Users/wilson.shakya/Documents/GitHub/AppVerse/Elevate/node_modules/react-native-gesture-handler/android/src/main/java/com/swmansion/gesturehandler/react/RNGestureHandlerRootHelper.kt:76:75 Class 'kotlin.Unit' was compiled with an incompatible version of Kotlin. The actual metadata version is 2.1.0, but the compiler version 1.9.0 can read versions up to 2.0.0.
The class is loaded from /Users/wilson.shakya/.gradle/caches/modules-2/files-2.1/org.jetbrains.kotlin/kotlin-stdlib/2.1.0/85f8b81009cda5890e54ba67d64b5e599c645020/kotlin-stdlib-2.1.0.jar!/kotlin/Unit.class
e: file:///Users/wilson.shakya/Documents/GitHub/AppVerse/Elevate/node_modules/react-native-gesture-handler/android/src/main/java/com/swmansion/gesturehandler/react/RNGestureHandlerRootHelper.kt:78:80 Class 'kotlin.Unit' was compiled with an incompatible version of Kotlin. The actual metadata version is 2.1.0, but the compiler version 1.9.0 can read versions up to 2.0.0.
The class is loaded from /Users/wilson.shakya/.gradle/caches/modules-2/files-2.1/org.jetbrains.kotlin/kotlin-stdlib/2.1.0/85f8b81009cda5890e54ba67d64b5e599c645020/kotlin-stdlib-2.1.0.jar!/kotlin/Unit.class
e: file:///Users/wilson.shakya/Documents/GitHub/AppVerse/Elevate/node_modules/react-native-gesture-handler/android/src/main/java/com/swmansion/gesturehandler/react/RNGestureHandlerRootHelper.kt:81:7 Class 'kotlin.Unit' was compiled with an incompatible version of Kotlin. The actual metadata version is 2.1.0, but the compiler version 1.9.0 can read versions up to 2.0.0.
The class is loaded from /Users/wilson.shakya/.gradle/caches/modules-2/files-2.1/org.jetbrains.kotlin/kotlin-stdlib/2.1.0/85f8b81009cda5890e54ba67d64b5e599c645020/kotlin-stdlib-2.1.0.jar!/kotlin/Unit.class
e: file:///Users/wilson.shakya/Documents/GitHub/AppVerse/Elevate/node_modules/react-native-gesture-handler/android/src/main/java/com/swmansion/gesturehandler/react/RNGestureHandlerRootHelper.kt:83:88 Unresolved reference: apply
e: file:///Users/wilson.shakya/Documents/GitHub/AppVerse/Elevate/node_modules/react-native-gesture-handler/android/src/main/java/com/swmansion/gesturehandler/react/RNGestureHandlerRootHelper.kt:84:9 Unresolved reference: action
e: file:///Users/wilson.shakya/Documents/GitHub/AppVerse/Elevate/node_modules/react-native-gesture-handler/android/src/main/java/com/swmansion/gesturehandler/react/RNGestureHandlerRootHelper.kt:87:18 Class 'kotlin.Unit' was compiled with an incompatible version of Kotlin. The actual metadata version is 2.1.0, but the compiler version 1.9.0 can read versions up to 2.0.0.
The class is loaded from /Users/wilson.shakya/.gradle/caches/modules-2/files-2.1/org.jetbrains.kotlin/kotlin-stdlib/2.1.0/85f8b81009cda5890e54ba67d64b5e599c645020/kotlin-stdlib-2.1.0.jar!/kotlin/Unit.class
e: file:///Users/wilson.shakya/Documents/GitHub/AppVerse/Elevate/node_modules/react-native-gesture-handler/android/src/main/java/com/swmansion/gesturehandler/react/RNGestureHandlerRootHelper.kt:99:7 Class 'kotlin.Unit' was compiled with an incompatible version of Kotlin. The actual metadata version is 2.1.0, but the compiler version 1.9.0 can read versions up to 2.0.0.
The class is loaded from /Users/wilson.shakya/.gradle/caches/modules-2/files-2.1/org.jetbrains.kotlin/kotlin-stdlib/2.1.0/85f8b81009cda5890e54ba67d64b5e599c645020/kotlin-stdlib-2.1.0.jar!/kotlin/Unit.class
e: file:///Users/wilson.shakya/Documents/GitHub/AppVerse/Elevate/node_modules/react-native-gesture-handler/android/src/main/java/com/swmansion/gesturehandler/react/RNGestureHandlerRootHelper.kt:107:5 Class 'kotlin.Unit' was compiled with an incompatible version of Kotlin. The actual metadata version is 2.1.0, but the compiler version 1.9.0 can read versions up to 2.0.0.
The class is loaded from /Users/wilson.shakya/.gradle/caches/modules-2/files-2.1/org.jetbrains.kotlin/kotlin-stdlib/2.1.0/85f8b81009cda5890e54ba67d64b5e599c645020/kotlin-stdlib-2.1.0.jar!/kotlin/Unit.class
e: file:///Users/wilson.shakya/Documents/GitHub/AppVerse/Elevate/node_modules/react-native-gesture-handler/android/src/main/java/com/swmansion/gesturehandler/react/RNGestureHandlerRootHelper.kt:109:5 Class 'kotlin.Unit' was compiled with an incompatible version of Kotlin. The actual metadata version is 2.1.0, but the compiler version 1.9.0 can read versions up to 2.0.0.
The class is loaded from /Users/wilson.shakya/.gradle/caches/modules-2/files-2.1/org.jetbrains.kotlin/kotlin-stdlib/2.1.0/85f8b81009cda5890e54ba67d64b5e599c645020/kotlin-stdlib-2.1.0.jar!/kotlin/Unit.class
e: file:///Users/wilson.shakya/Documents/GitHub/AppVerse/Elevate/node_modules/react-native-gesture-handler/android/src/main/java/com/swmansion/gesturehandler/react/RNGestureHandlerRootHelper.kt:115:23 Unresolved reference: apply
e: file:///Users/wilson.shakya/Documents/GitHub/AppVerse/Elevate/node_modules/react-native-gesture-handler/android/src/main/java/com/swmansion/gesturehandler/react/RNGestureHandlerRootHelper.kt:116:11 Unresolved reference: state
e: file:///Users/wilson.shakya/Documents/GitHub/AppVerse/Elevate/node_modules/react-native-gesture-handler/android/src/main/java/com/swmansion/gesturehandler/react/RNGestureHandlerRootHelper.kt:118:9 Unresolved reference: activate
e: file:///Users/wilson.shakya/Documents/GitHub/AppVerse/Elevate/node_modules/react-native-gesture-handler/android/src/main/java/com/swmansion/gesturehandler/react/RNGestureHandlerRootHelper.kt:119:9 Unresolved reference: end
e: file:///Users/wilson.shakya/Documents/GitHub/AppVerse/Elevate/node_modules/react-native-gesture-handler/android/src/main/java/com/swmansion/gesturehandler/react/RNGestureHandlerRootHelper.kt:125:4 Class 'kotlin.Suppress' was compiled with an incompatible version of Kotlin. The actual metadata version is 2.1.0, but the compiler version 1.9.0 can read versions up to 2.0.0.
The class is loaded from /Users/wilson.shakya/.gradle/caches/modules-2/files-2.1/org.jetbrains.kotlin/kotlin-stdlib/2.1.0/85f8b81009cda5890e54ba67d64b5e599c645020/kotlin-stdlib-2.1.0.jar!/kotlin/Suppress.class
e: file:///Users/wilson.shakya/Documents/GitHub/AppVerse/Elevate/node_modules/react-native-gesture-handler/android/src/main/java/com/swmansion/gesturehandler/react/RNGestureHandlerRootHelper.kt:129:36 Class 'kotlin.Unit' was compiled with an incompatible version of Kotlin. The actual metadata version is 2.1.0, but the compiler version 1.9.0 can read versions up to 2.0.0.
The class is loaded from /Users/wilson.shakya/.gradle/caches/modules-2/files-2.1/org.jetbrains.kotlin/kotlin-stdlib/2.1.0/85f8b81009cda5890e54ba67d64b5e599c645020/kotlin-stdlib-2.1.0.jar!/kotlin/Unit.class
e: file:///Users/wilson.shakya/Documents/GitHub/AppVerse/Elevate/node_modules/react-native-gesture-handler/android/src/main/java/com/swmansion/gesturehandler/react/RNGestureHandlerRootHelper.kt:134:19 Class 'kotlin.Unit' was compiled with an incompatible version of Kotlin. The actual metadata version is 2.1.0, but the compiler version 1.9.0 can read versions up to 2.0.0.
The class is loaded from /Users/wilson.shakya/.gradle/caches/modules-2/files-2.1/org.jetbrains.kotlin/kotlin-stdlib/2.1.0/85f8b81009cda5890e54ba67d64b5e599c645020/kotlin-stdlib-2.1.0.jar!/kotlin/Unit.class
e: file:///Users/wilson.shakya/Documents/GitHub/AppVerse/Elevate/node_modules/react-native-gesture-handler/android/src/main/java/com/swmansion/gesturehandler/react/RNGestureHandlerRootHelper.kt:140:20 Class 'kotlin.Unit' was compiled with an incompatible version of Kotlin. The actual metadata version is 2.1.0, but the compiler version 1.9.0 can read versions up to 2.0.0.
The class is loaded from /Users/wilson.shakya/.gradle/caches/modules-2/files-2.1/org.jetbrains.kotlin/kotlin-stdlib/2.1.0/85f8b81009cda5890e54ba67d64b5e599c645020/kotlin-stdlib-2.1.0.jar!/kotlin/Unit.class
e: file:///Users/wilson.shakya/Documents/GitHub/AppVerse/Elevate/node_modules/react-native-gesture-handler/android/src/main/java/com/swmansion/gesturehandler/react/RNGestureHandlerRootHelper.kt:145:7 Unresolved reference: checkNotNull
e: file:///Users/wilson.shakya/Documents/GitHub/AppVerse/Elevate/node_modules/react-native-gesture-handler/android/src/main/java/com/swmansion/gesturehandler/react/RNGestureHandlerRootView.kt:18:11 Class 'kotlin.Unit' was compiled with an incompatible version of Kotlin. The actual metadata version is 2.1.0, but the compiler version 1.9.0 can read versions up to 2.0.0.
The class is loaded from /Users/wilson.shakya/.gradle/caches/modules-2/files-2.1/org.jetbrains.kotlin/kotlin-stdlib/2.1.0/85f8b81009cda5890e54ba67d64b5e599c645020/kotlin-stdlib-2.1.0.jar!/kotlin/Unit.class
e: file:///Users/wilson.shakya/Documents/GitHub/AppVerse/Elevate/node_modules/react-native-gesture-handler/android/src/main/java/com/swmansion/gesturehandler/react/RNGestureHandlerRootView.kt:19:5 Class 'kotlin.Unit' was compiled with an incompatible version of Kotlin. The actual metadata version is 2.1.0, but the compiler version 1.9.0 can read versions up to 2.0.0.
The class is loaded from /Users/wilson.shakya/.gradle/caches/modules-2/files-2.1/org.jetbrains.kotlin/kotlin-stdlib/2.1.0/85f8b81009cda5890e54ba67d64b5e599c645020/kotlin-stdlib-2.1.0.jar!/kotlin/Unit.class
e: file:///Users/wilson.shakya/Documents/GitHub/AppVerse/Elevate/node_modules/react-native-gesture-handler/android/src/main/java/com/swmansion/gesturehandler/react/RNGestureHandlerRootView.kt:27:7 Class 'kotlin.Unit' was compiled with an incompatible version of Kotlin. The actual metadata version is 2.1.0, but the compiler version 1.9.0 can read versions up to 2.0.0.
The class is loaded from /Users/wilson.shakya/.gradle/caches/modules-2/files-2.1/org.jetbrains.kotlin/kotlin-stdlib/2.1.0/85f8b81009cda5890e54ba67d64b5e599c645020/kotlin-stdlib-2.1.0.jar!/kotlin/Unit.class
e: file:///Users/wilson.shakya/Documents/GitHub/AppVerse/Elevate/node_modules/react-native-gesture-handler/android/src/main/java/com/swmansion/gesturehandler/react/RNGestureHandlerRootView.kt:32:17 Class 'kotlin.Unit' was compiled with an incompatible version of Kotlin. The actual metadata version is 2.1.0, but the compiler version 1.9.0 can read versions up to 2.0.0.
The class is loaded from /Users/wilson.shakya/.gradle/caches/modules-2/files-2.1/org.jetbrains.kotlin/kotlin-stdlib/2.1.0/85f8b81009cda5890e54ba67d64b5e599c645020/kotlin-stdlib-2.1.0.jar!/kotlin/Unit.class
e: file:///Users/wilson.shakya/Documents/GitHub/AppVerse/Elevate/node_modules/react-native-gesture-handler/android/src/main/java/com/swmansion/gesturehandler/react/RNGestureHandlerRootView.kt:47:20 Class 'kotlin.Unit' was compiled with an incompatible version of Kotlin. The actual metadata version is 2.1.0, but the compiler version 1.9.0 can read versions up to 2.0.0.
The class is loaded from /Users/wilson.shakya/.gradle/caches/modules-2/files-2.1/org.jetbrains.kotlin/kotlin-stdlib/2.1.0/85f8b81009cda5890e54ba67d64b5e599c645020/kotlin-stdlib-2.1.0.jar!/kotlin/Unit.class
e: file:///Users/wilson.shakya/Documents/GitHub/AppVerse/Elevate/node_modules/react-native-gesture-handler/android/src/main/java/com/swmansion/gesturehandler/react/RNGestureHandlerRootView.kt:49:11 Class 'kotlin.Unit' was compiled with an incompatible version of Kotlin. The actual metadata version is 2.1.0, but the compiler version 1.9.0 can read versions up to 2.0.0.
The class is loaded from /Users/wilson.shakya/.gradle/caches/modules-2/files-2.1/org.jetbrains.kotlin/kotlin-stdlib/2.1.0/85f8b81009cda5890e54ba67d64b5e599c645020/kotlin-stdlib-2.1.0.jar!/kotlin/Unit.class
e: file:///Users/wilson.shakya/Documents/GitHub/AppVerse/Elevate/node_modules/react-native-gesture-handler/android/src/main/java/com/swmansion/gesturehandler/react/RNGestureHandlerRootView.kt:53:17 Class 'kotlin.Unit' was compiled with an incompatible version of Kotlin. The actual metadata version is 2.1.0, but the compiler version 1.9.0 can read versions up to 2.0.0.
The class is loaded from /Users/wilson.shakya/.gradle/caches/modules-2/files-2.1/org.jetbrains.kotlin/kotlin-stdlib/2.1.0/85f8b81009cda5890e54ba67d64b5e599c645020/kotlin-stdlib-2.1.0.jar!/kotlin/Unit.class
e: file:///Users/wilson.shakya/Documents/GitHub/AppVerse/Elevate/node_modules/react-native-gesture-handler/android/src/main/java/com/swmansion/gesturehandler/react/RNGestureHandlerRootView.kt:58:20 Class 'kotlin.Unit' was compiled with an incompatible version of Kotlin. The actual metadata version is 2.1.0, but the compiler version 1.9.0 can read versions up to 2.0.0.
The class is loaded from /Users/wilson.shakya/.gradle/caches/modules-2/files-2.1/org.jetbrains.kotlin/kotlin-stdlib/2.1.0/85f8b81009cda5890e54ba67d64b5e599c645020/kotlin-stdlib-2.1.0.jar!/kotlin/Unit.class
e: file:///Users/wilson.shakya/Documents/GitHub/AppVerse/Elevate/node_modules/react-native-gesture-handler/android/src/main/java/com/swmansion/gesturehandler/react/RNGestureHandlerRootView.kt:63:10 Class 'kotlin.Suppress' was compiled with an incompatible version of Kotlin. The actual metadata version is 2.1.0, but the compiler version 1.9.0 can read versions up to 2.0.0.
The class is loaded from /Users/wilson.shakya/.gradle/caches/modules-2/files-2.1/org.jetbrains.kotlin/kotlin-stdlib/2.1.0/85f8b81009cda5890e54ba67d64b5e599c645020/kotlin-stdlib-2.1.0.jar!/kotlin/Suppress.class
e: file:///Users/wilson.shakya/Documents/GitHub/AppVerse/Elevate/node_modules/react-native-gesture-handler/android/src/main/java/com/swmansion/gesturehandler/react/RNGestureHandlerRootViewManager.kt:34:10 Class 'kotlin.Unit' was compiled with an incompatible version of Kotlin. The actual metadata version is 2.1.0, but the compiler version 1.9.0 can read versions up to 2.0.0.
The class is loaded from /Users/wilson.shakya/.gradle/caches/modules-2/files-2.1/org.jetbrains.kotlin/kotlin-stdlib/2.1.0/85f8b81009cda5890e54ba67d64b5e599c645020/kotlin-stdlib-2.1.0.jar!/kotlin/Unit.class
e: file:///Users/wilson.shakya/Documents/GitHub/AppVerse/Elevate/node_modules/react-native-gesture-handler/android/src/main/java/com/swmansion/gesturehandler/react/RNGestureHandlerRootViewManager.kt:41:96 Unresolved reference: mutableMapOf
e: file:///Users/wilson.shakya/Documents/GitHub/AppVerse/Elevate/node_modules/react-native-gesture-handler/android/src/main/java/com/swmansion/gesturehandler/react/RNGestureHandlerRootViewManager.kt:42:38 Unresolved reference: to
e: file:///Users/wilson.shakya/Documents/GitHub/AppVerse/Elevate/node_modules/react-native-gesture-handler/android/src/main/java/com/swmansion/gesturehandler/react/RNGestureHandlerRootViewManager.kt:43:7 Unresolved reference: mutableMapOf
e: file:///Users/wilson.shakya/Documents/GitHub/AppVerse/Elevate/node_modules/react-native-gesture-handler/android/src/main/java/com/swmansion/gesturehandler/react/RNGestureHandlerRootViewManager.kt:43:39 Unresolved reference: to
e: file:///Users/wilson.shakya/Documents/GitHub/AppVerse/Elevate/node_modules/react-native-gesture-handler/android/src/main/java/com/swmansion/gesturehandler/react/RNGestureHandlerRootViewManager.kt:44:49 Unresolved reference: to
e: file:///Users/wilson.shakya/Documents/GitHub/AppVerse/Elevate/node_modules/react-native-gesture-handler/android/src/main/java/com/swmansion/gesturehandler/react/RNGestureHandlerRootViewManager.kt:45:7 Unresolved reference: mutableMapOf
e: file:///Users/wilson.shakya/Documents/GitHub/AppVerse/Elevate/node_modules/react-native-gesture-handler/android/src/main/java/com/swmansion/gesturehandler/react/RNGestureHandlerRootViewManager.kt:45:39 Unresolved reference: to
e: file:///Users/wilson.shakya/Documents/GitHub/AppVerse/Elevate/node_modules/react-native-gesture-handler/android/src/main/java/com/swmansion/gesturehandler/react/RNGestureHandlerStateChangeEvent.kt:5:7 Class 'kotlin.Suppress' was compiled with an incompatible version of Kotlin. The actual metadata version is 2.1.0, but the compiler version 1.9.0 can read versions up to 2.0.0.
The class is loaded from /Users/wilson.shakya/.gradle/caches/modules-2/files-2.1/org.jetbrains.kotlin/kotlin-stdlib/2.1.0/85f8b81009cda5890e54ba67d64b5e599c645020/kotlin-stdlib-2.1.0.jar!/kotlin/Suppress.class
e: file:///Users/wilson.shakya/Documents/GitHub/AppVerse/Elevate/node_modules/react-native-gesture-handler/android/src/main/java/com/swmansion/gesturehandler/react/RNGestureHandlerStateChangeEvent.kt:29:11 Class 'kotlin.Unit' was compiled with an incompatible version of Kotlin. The actual metadata version is 2.1.0, but the compiler version 1.9.0 can read versions up to 2.0.0.
The class is loaded from /Users/wilson.shakya/.gradle/caches/modules-2/files-2.1/org.jetbrains.kotlin/kotlin-stdlib/2.1.0/85f8b81009cda5890e54ba67d64b5e599c645020/kotlin-stdlib-2.1.0.jar!/kotlin/Unit.class
e: file:///Users/wilson.shakya/Documents/GitHub/AppVerse/Elevate/node_modules/react-native-gesture-handler/android/src/main/java/com/swmansion/gesturehandler/react/RNGestureHandlerStateChangeEvent.kt:30:10 Class 'kotlin.Unit' was compiled with an incompatible version of Kotlin. The actual metadata version is 2.1.0, but the compiler version 1.9.0 can read versions up to 2.0.0.
The class is loaded from /Users/wilson.shakya/.gradle/caches/modules-2/files-2.1/org.jetbrains.kotlin/kotlin-stdlib/2.1.0/85f8b81009cda5890e54ba67d64b5e599c645020/kotlin-stdlib-2.1.0.jar!/kotlin/Unit.class
e: file:///Users/wilson.shakya/Documents/GitHub/AppVerse/Elevate/node_modules/react-native-gesture-handler/android/src/main/java/com/swmansion/gesturehandler/react/RNGestureHandlerStateChangeEvent.kt:31:10 Class 'kotlin.Unit' was compiled with an incompatible version of Kotlin. The actual metadata version is 2.1.0, but the compiler version 1.9.0 can read versions up to 2.0.0.
The class is loaded from /Users/wilson.shakya/.gradle/caches/modules-2/files-2.1/org.jetbrains.kotlin/kotlin-stdlib/2.1.0/85f8b81009cda5890e54ba67d64b5e599c645020/kotlin-stdlib-2.1.0.jar!/kotlin/Unit.class
e: file:///Users/wilson.shakya/Documents/GitHub/AppVerse/Elevate/node_modules/react-native-gesture-handler/android/src/main/java/com/swmansion/gesturehandler/react/RNGestureHandlerStateChangeEvent.kt:32:10 Class 'kotlin.Unit' was compiled with an incompatible version of Kotlin. The actual metadata version is 2.1.0, but the compiler version 1.9.0 can read versions up to 2.0.0.
The class is loaded from /Users/wilson.shakya/.gradle/caches/modules-2/files-2.1/org.jetbrains.kotlin/kotlin-stdlib/2.1.0/85f8b81009cda5890e54ba67d64b5e599c645020/kotlin-stdlib-2.1.0.jar!/kotlin/Unit.class
e: file:///Users/wilson.shakya/Documents/GitHub/AppVerse/Elevate/node_modules/react-native-gesture-handler/android/src/main/java/com/swmansion/gesturehandler/react/RNGestureHandlerStateChangeEvent.kt:36:5 Class 'kotlin.Unit' was compiled with an incompatible version of Kotlin. The actual metadata version is 2.1.0, but the compiler version 1.9.0 can read versions up to 2.0.0.
The class is loaded from /Users/wilson.shakya/.gradle/caches/modules-2/files-2.1/org.jetbrains.kotlin/kotlin-stdlib/2.1.0/85f8b81009cda5890e54ba67d64b5e599c645020/kotlin-stdlib-2.1.0.jar!/kotlin/Unit.class
e: file:///Users/wilson.shakya/Documents/GitHub/AppVerse/Elevate/node_modules/react-native-gesture-handler/android/src/main/java/com/swmansion/gesturehandler/react/RNGestureHandlerStateChangeEvent.kt:37:5 Class 'kotlin.Unit' was compiled with an incompatible version of Kotlin. The actual metadata version is 2.1.0, but the compiler version 1.9.0 can read versions up to 2.0.0.
The class is loaded from /Users/wilson.shakya/.gradle/caches/modules-2/files-2.1/org.jetbrains.kotlin/kotlin-stdlib/2.1.0/85f8b81009cda5890e54ba67d64b5e599c645020/kotlin-stdlib-2.1.0.jar!/kotlin/Unit.class
e: file:///Users/wilson.shakya/Documents/GitHub/AppVerse/Elevate/node_modules/react-native-gesture-handler/android/src/main/java/com/swmansion/gesturehandler/react/RNGestureHandlerStateChangeEvent.kt:38:5 Class 'kotlin.Unit' was compiled with an incompatible version of Kotlin. The actual metadata version is 2.1.0, but the compiler version 1.9.0 can read versions up to 2.0.0.
The class is loaded from /Users/wilson.shakya/.gradle/caches/modules-2/files-2.1/org.jetbrains.kotlin/kotlin-stdlib/2.1.0/85f8b81009cda5890e54ba67d64b5e599c645020/kotlin-stdlib-2.1.0.jar!/kotlin/Unit.class
e: file:///Users/wilson.shakya/Documents/GitHub/AppVerse/Elevate/node_modules/react-native-gesture-handler/android/src/main/java/com/swmansion/gesturehandler/react/RNGestureHandlerStateChangeEvent.kt:63:69 Unresolved reference: apply
e: file:///Users/wilson.shakya/Documents/GitHub/AppVerse/Elevate/node_modules/react-native-gesture-handler/android/src/main/java/com/swmansion/gesturehandler/react/RNGestureHandlerStateChangeEvent.kt:64:9 Unresolved reference: init
e: file:///Users/wilson.shakya/Documents/GitHub/AppVerse/Elevate/node_modules/react-native-gesture-handler/android/src/main/java/com/swmansion/gesturehandler/react/RNGestureHandlerStateChangeEvent.kt:71:44 Unresolved reference: apply
e: file:///Users/wilson.shakya/Documents/GitHub/AppVerse/Elevate/node_modules/react-native-gesture-handler/android/src/main/java/com/swmansion/gesturehandler/react/RNGestureHandlerStateChangeEvent.kt:72:19 Class 'kotlin.Unit' was compiled with an incompatible version of Kotlin. The actual metadata version is 2.1.0, but the compiler version 1.9.0 can read versions up to 2.0.0.
The class is loaded from /Users/wilson.shakya/.gradle/caches/modules-2/files-2.1/org.jetbrains.kotlin/kotlin-stdlib/2.1.0/85f8b81009cda5890e54ba67d64b5e599c645020/kotlin-stdlib-2.1.0.jar!/kotlin/Unit.class
e: file:///Users/wilson.shakya/Documents/GitHub/AppVerse/Elevate/node_modules/react-native-gesture-handler/android/src/main/java/com/swmansion/gesturehandler/react/RNGestureHandlerStateChangeEvent.kt:72:34 Type mismatch: inferred type is RNGestureHandlerStateChangeEvent.Companion but WritableMap was expected
e: file:///Users/wilson.shakya/Documents/GitHub/AppVerse/Elevate/node_modules/react-native-gesture-handler/android/src/main/java/com/swmansion/gesturehandler/react/RNGestureHandlerStateChangeEvent.kt:73:7 Unresolved reference: putInt
e: file:///Users/wilson.shakya/Documents/GitHub/AppVerse/Elevate/node_modules/react-native-gesture-handler/android/src/main/java/com/swmansion/gesturehandler/react/RNGestureHandlerStateChangeEvent.kt:74:7 Unresolved reference: putInt
e: file:///Users/wilson.shakya/Documents/GitHub/AppVerse/Elevate/node_modules/react-native-gesture-handler/android/src/main/java/com/swmansion/gesturehandler/react/RNGestureHandlerTouchEvent.kt:15:11 Class 'kotlin.Unit' was compiled with an incompatible version of Kotlin. The actual metadata version is 2.1.0, but the compiler version 1.9.0 can read versions up to 2.0.0.
The class is loaded from /Users/wilson.shakya/.gradle/caches/modules-2/files-2.1/org.jetbrains.kotlin/kotlin-stdlib/2.1.0/85f8b81009cda5890e54ba67d64b5e599c645020/kotlin-stdlib-2.1.0.jar!/kotlin/Unit.class
e: file:///Users/wilson.shakya/Documents/GitHub/AppVerse/Elevate/node_modules/react-native-gesture-handler/android/src/main/java/com/swmansion/gesturehandler/react/RNGestureHandlerTouchEvent.kt:16:5 Class 'kotlin.Unit' was compiled with an incompatible version of Kotlin. The actual metadata version is 2.1.0, but the compiler version 1.9.0 can read versions up to 2.0.0.
The class is loaded from /Users/wilson.shakya/.gradle/caches/modules-2/files-2.1/org.jetbrains.kotlin/kotlin-stdlib/2.1.0/85f8b81009cda5890e54ba67d64b5e599c645020/kotlin-stdlib-2.1.0.jar!/kotlin/Unit.class
e: file:///Users/wilson.shakya/Documents/GitHub/AppVerse/Elevate/node_modules/react-native-gesture-handler/android/src/main/java/com/swmansion/gesturehandler/react/RNGestureHandlerTouchEvent.kt:17:5 Class 'kotlin.Unit' was compiled with an incompatible version of Kotlin. The actual metadata version is 2.1.0, but the compiler version 1.9.0 can read versions up to 2.0.0.
The class is loaded from /Users/wilson.shakya/.gradle/caches/modules-2/files-2.1/org.jetbrains.kotlin/kotlin-stdlib/2.1.0/85f8b81009cda5890e54ba67d64b5e599c645020/kotlin-stdlib-2.1.0.jar!/kotlin/Unit.class
e: file:///Users/wilson.shakya/Documents/GitHub/AppVerse/Elevate/node_modules/react-native-gesture-handler/android/src/main/java/com/swmansion/gesturehandler/react/RNGestureHandlerTouchEvent.kt:21:5 Class 'kotlin.Unit' was compiled with an incompatible version of Kotlin. The actual metadata version is 2.1.0, but the compiler version 1.9.0 can read versions up to 2.0.0.
The class is loaded from /Users/wilson.shakya/.gradle/caches/modules-2/files-2.1/org.jetbrains.kotlin/kotlin-stdlib/2.1.0/85f8b81009cda5890e54ba67d64b5e599c645020/kotlin-stdlib-2.1.0.jar!/kotlin/Unit.class
e: file:///Users/wilson.shakya/Documents/GitHub/AppVerse/Elevate/node_modules/react-native-gesture-handler/android/src/main/java/com/swmansion/gesturehandler/react/RNGestureHandlerTouchEvent.kt:44:63 Unresolved reference: apply
e: file:///Users/wilson.shakya/Documents/GitHub/AppVerse/Elevate/node_modules/react-native-gesture-handler/android/src/main/java/com/swmansion/gesturehandler/react/RNGestureHandlerTouchEvent.kt:45:9 Unresolved reference: init
e: file:///Users/wilson.shakya/Documents/GitHub/AppVerse/Elevate/node_modules/react-native-gesture-handler/android/src/main/java/com/swmansion/gesturehandler/react/RNGestureHandlerTouchEvent.kt:48:98 Unresolved reference: apply
e: file:///Users/wilson.shakya/Documents/GitHub/AppVerse/Elevate/node_modules/react-native-gesture-handler/android/src/main/java/com/swmansion/gesturehandler/react/RNGestureHandlerTouchEvent.kt:49:7 Unresolved reference: putInt
e: file:///Users/wilson.shakya/Documents/GitHub/AppVerse/Elevate/node_modules/react-native-gesture-handler/android/src/main/java/com/swmansion/gesturehandler/react/RNGestureHandlerTouchEvent.kt:50:7 Unresolved reference: putInt
e: file:///Users/wilson.shakya/Documents/GitHub/AppVerse/Elevate/node_modules/react-native-gesture-handler/android/src/main/java/com/swmansion/gesturehandler/react/RNGestureHandlerTouchEvent.kt:51:7 Unresolved reference: putInt
e: file:///Users/wilson.shakya/Documents/GitHub/AppVerse/Elevate/node_modules/react-native-gesture-handler/android/src/main/java/com/swmansion/gesturehandler/react/RNGestureHandlerTouchEvent.kt:52:7 Unresolved reference: putInt
e: file:///Users/wilson.shakya/Documents/GitHub/AppVerse/Elevate/node_modules/react-native-gesture-handler/android/src/main/java/com/swmansion/gesturehandler/react/RNGestureHandlerTouchEvent.kt:53:7 Unresolved reference: putInt
e: file:///Users/wilson.shakya/Documents/GitHub/AppVerse/Elevate/node_modules/react-native-gesture-handler/android/src/main/java/com/swmansion/gesturehandler/react/RNGestureHandlerTouchEvent.kt:55:47 Unresolved reference: let
e: file:///Users/wilson.shakya/Documents/GitHub/AppVerse/Elevate/node_modules/react-native-gesture-handler/android/src/main/java/com/swmansion/gesturehandler/react/RNGestureHandlerTouchEvent.kt:56:9 Unresolved reference: putArray
e: file:///Users/wilson.shakya/Documents/GitHub/AppVerse/Elevate/node_modules/react-native-gesture-handler/android/src/main/java/com/swmansion/gesturehandler/react/RNGestureHandlerTouchEvent.kt:56:36 Unresolved reference: it
e: file:///Users/wilson.shakya/Documents/GitHub/AppVerse/Elevate/node_modules/react-native-gesture-handler/android/src/main/java/com/swmansion/gesturehandler/react/RNGestureHandlerTouchEvent.kt:59:43 Unresolved reference: let
e: file:///Users/wilson.shakya/Documents/GitHub/AppVerse/Elevate/node_modules/react-native-gesture-handler/android/src/main/java/com/swmansion/gesturehandler/react/RNGestureHandlerTouchEvent.kt:60:9 Unresolved reference: putArray
e: file:///Users/wilson.shakya/Documents/GitHub/AppVerse/Elevate/node_modules/react-native-gesture-handler/android/src/main/java/com/swmansion/gesturehandler/react/RNGestureHandlerTouchEvent.kt:60:32 Unresolved reference: it
e: file:///Users/wilson.shakya/Documents/GitHub/AppVerse/Elevate/node_modules/react-native-gesture-handler/android/src/main/java/com/swmansion/gesturehandler/react/RNGestureHandlerTouchEvent.kt:64:9 Unresolved reference: putInt
e: file:///Users/wilson.shakya/Documents/GitHub/AppVerse/Elevate/node_modules/react-native-gesture-handler/android/src/main/java/com/swmansion/gesturehandler/react/RNViewConfigurationHelper.kt:24:7 Class 'kotlin.Unit' was compiled with an incompatible version of Kotlin. The actual metadata version is 2.1.0, but the compiler version 1.9.0 can read versions up to 2.0.0.
The class is loaded from /Users/wilson.shakya/.gradle/caches/modules-2/files-2.1/org.jetbrains.kotlin/kotlin-stdlib/2.1.0/85f8b81009cda5890e54ba67d64b5e599c645020/kotlin-stdlib-2.1.0.jar!/kotlin/Unit.class
e: file:///Users/wilson.shakya/Documents/GitHub/AppVerse/Elevate/node_modules/react-native-gesture-handler/android/src/main/java/com/swmansion/gesturehandler/react/eventbuilders/FlingGestureHandlerEventDataBuilder.kt:21:11 Class 'kotlin.Unit' was compiled with an incompatible version of Kotlin. The actual metadata version is 2.1.0, but the compiler version 1.9.0 can read versions up to 2.0.0.
The class is loaded from /Users/wilson.shakya/.gradle/caches/modules-2/files-2.1/org.jetbrains.kotlin/kotlin-stdlib/2.1.0/85f8b81009cda5890e54ba67d64b5e599c645020/kotlin-stdlib-2.1.0.jar!/kotlin/Unit.class
e: file:///Users/wilson.shakya/Documents/GitHub/AppVerse/Elevate/node_modules/react-native-gesture-handler/android/src/main/java/com/swmansion/gesturehandler/react/eventbuilders/FlingGestureHandlerEventDataBuilder.kt:23:5 Unresolved reference: with
e: file:///Users/wilson.shakya/Documents/GitHub/AppVerse/Elevate/node_modules/react-native-gesture-handler/android/src/main/java/com/swmansion/gesturehandler/react/eventbuilders/FlingGestureHandlerEventDataBuilder.kt:24:7 Unresolved reference: putDouble
e: file:///Users/wilson.shakya/Documents/GitHub/AppVerse/Elevate/node_modules/react-native-gesture-handler/android/src/main/java/com/swmansion/gesturehandler/react/eventbuilders/FlingGestureHandlerEventDataBuilder.kt:25:7 Unresolved reference: putDouble
e: file:///Users/wilson.shakya/Documents/GitHub/AppVerse/Elevate/node_modules/react-native-gesture-handler/android/src/main/java/com/swmansion/gesturehandler/react/eventbuilders/FlingGestureHandlerEventDataBuilder.kt:26:7 Unresolved reference: putDouble
e: file:///Users/wilson.shakya/Documents/GitHub/AppVerse/Elevate/node_modules/react-native-gesture-handler/android/src/main/java/com/swmansion/gesturehandler/react/eventbuilders/FlingGestureHandlerEventDataBuilder.kt:27:7 Unresolved reference: putDouble
e: file:///Users/wilson.shakya/Documents/GitHub/AppVerse/Elevate/node_modules/react-native-gesture-handler/android/src/main/java/com/swmansion/gesturehandler/react/eventbuilders/HoverGestureHandlerEventDataBuilder.kt:24:11 Class 'kotlin.Unit' was compiled with an incompatible version of Kotlin. The actual metadata version is 2.1.0, but the compiler version 1.9.0 can read versions up to 2.0.0.
The class is loaded from /Users/wilson.shakya/.gradle/caches/modules-2/files-2.1/org.jetbrains.kotlin/kotlin-stdlib/2.1.0/85f8b81009cda5890e54ba67d64b5e599c645020/kotlin-stdlib-2.1.0.jar!/kotlin/Unit.class
e: file:///Users/wilson.shakya/Documents/GitHub/AppVerse/Elevate/node_modules/react-native-gesture-handler/android/src/main/java/com/swmansion/gesturehandler/react/eventbuilders/HoverGestureHandlerEventDataBuilder.kt:26:5 Unresolved reference: with
e: file:///Users/wilson.shakya/Documents/GitHub/AppVerse/Elevate/node_modules/react-native-gesture-handler/android/src/main/java/com/swmansion/gesturehandler/react/eventbuilders/HoverGestureHandlerEventDataBuilder.kt:27:7 Unresolved reference: putDouble
e: file:///Users/wilson.shakya/Documents/GitHub/AppVerse/Elevate/node_modules/react-native-gesture-handler/android/src/main/java/com/swmansion/gesturehandler/react/eventbuilders/HoverGestureHandlerEventDataBuilder.kt:28:7 Unresolved reference: putDouble
e: file:///Users/wilson.shakya/Documents/GitHub/AppVerse/Elevate/node_modules/react-native-gesture-handler/android/src/main/java/com/swmansion/gesturehandler/react/eventbuilders/HoverGestureHandlerEventDataBuilder.kt:29:7 Unresolved reference: putDouble
e: file:///Users/wilson.shakya/Documents/GitHub/AppVerse/Elevate/node_modules/react-native-gesture-handler/android/src/main/java/com/swmansion/gesturehandler/react/eventbuilders/HoverGestureHandlerEventDataBuilder.kt:30:7 Unresolved reference: putDouble
e: file:///Users/wilson.shakya/Documents/GitHub/AppVerse/Elevate/node_modules/react-native-gesture-handler/android/src/main/java/com/swmansion/gesturehandler/react/eventbuilders/HoverGestureHandlerEventDataBuilder.kt:33:9 Unresolved reference: putMap
e: file:///Users/wilson.shakya/Documents/GitHub/AppVerse/Elevate/node_modules/react-native-gesture-handler/android/src/main/java/com/swmansion/gesturehandler/react/eventbuilders/LongPressGestureHandlerEventDataBuilder.kt:23:11 Class 'kotlin.Unit' was compiled with an incompatible version of Kotlin. The actual metadata version is 2.1.0, but the compiler version 1.9.0 can read versions up to 2.0.0.
The class is loaded from /Users/wilson.shakya/.gradle/caches/modules-2/files-2.1/org.jetbrains.kotlin/kotlin-stdlib/2.1.0/85f8b81009cda5890e54ba67d64b5e599c645020/kotlin-stdlib-2.1.0.jar!/kotlin/Unit.class
e: file:///Users/wilson.shakya/Documents/GitHub/AppVerse/Elevate/node_modules/react-native-gesture-handler/android/src/main/java/com/swmansion/gesturehandler/react/eventbuilders/LongPressGestureHandlerEventDataBuilder.kt:25:5 Unresolved reference: with
e: file:///Users/wilson.shakya/Documents/GitHub/AppVerse/Elevate/node_modules/react-native-gesture-handler/android/src/main/java/com/swmansion/gesturehandler/react/eventbuilders/LongPressGestureHandlerEventDataBuilder.kt:26:7 Unresolved reference: putDouble
e: file:///Users/wilson.shakya/Documents/GitHub/AppVerse/Elevate/node_modules/react-native-gesture-handler/android/src/main/java/com/swmansion/gesturehandler/react/eventbuilders/LongPressGestureHandlerEventDataBuilder.kt:27:7 Unresolved reference: putDouble
e: file:///Users/wilson.shakya/Documents/GitHub/AppVerse/Elevate/node_modules/react-native-gesture-handler/android/src/main/java/com/swmansion/gesturehandler/react/eventbuilders/LongPressGestureHandlerEventDataBuilder.kt:28:7 Unresolved reference: putDouble
e: file:///Users/wilson.shakya/Documents/GitHub/AppVerse/Elevate/node_modules/react-native-gesture-handler/android/src/main/java/com/swmansion/gesturehandler/react/eventbuilders/LongPressGestureHandlerEventDataBuilder.kt:29:7 Unresolved reference: putDouble
e: file:///Users/wilson.shakya/Documents/GitHub/AppVerse/Elevate/node_modules/react-native-gesture-handler/android/src/main/java/com/swmansion/gesturehandler/react/eventbuilders/LongPressGestureHandlerEventDataBuilder.kt:30:7 Unresolved reference: putInt
e: file:///Users/wilson.shakya/Documents/GitHub/AppVerse/Elevate/node_modules/react-native-gesture-handler/android/src/main/java/com/swmansion/gesturehandler/react/eventbuilders/PanGestureHandlerEventDataBuilder.kt:32:11 Class 'kotlin.Unit' was compiled with an incompatible version of Kotlin. The actual metadata version is 2.1.0, but the compiler version 1.9.0 can read versions up to 2.0.0.
The class is loaded from /Users/wilson.shakya/.gradle/caches/modules-2/files-2.1/org.jetbrains.kotlin/kotlin-stdlib/2.1.0/85f8b81009cda5890e54ba67d64b5e599c645020/kotlin-stdlib-2.1.0.jar!/kotlin/Unit.class
e: file:///Users/wilson.shakya/Documents/GitHub/AppVerse/Elevate/node_modules/react-native-gesture-handler/android/src/main/java/com/swmansion/gesturehandler/react/eventbuilders/PanGestureHandlerEventDataBuilder.kt:34:5 Unresolved reference: with
e: file:///Users/wilson.shakya/Documents/GitHub/AppVerse/Elevate/node_modules/react-native-gesture-handler/android/src/main/java/com/swmansion/gesturehandler/react/eventbuilders/PanGestureHandlerEventDataBuilder.kt:35:7 Unresolved reference: putDouble
e: file:///Users/wilson.shakya/Documents/GitHub/AppVerse/Elevate/node_modules/react-native-gesture-handler/android/src/main/java/com/swmansion/gesturehandler/react/eventbuilders/PanGestureHandlerEventDataBuilder.kt:36:7 Unresolved reference: putDouble
e: file:///Users/wilson.shakya/Documents/GitHub/AppVerse/Elevate/node_modules/react-native-gesture-handler/android/src/main/java/com/swmansion/gesturehandler/react/eventbuilders/PanGestureHandlerEventDataBuilder.kt:37:7 Unresolved reference: putDouble
e: file:///Users/wilson.shakya/Documents/GitHub/AppVerse/Elevate/node_modules/react-native-gesture-handler/android/src/main/java/com/swmansion/gesturehandler/react/eventbuilders/PanGestureHandlerEventDataBuilder.kt:38:7 Unresolved reference: putDouble
e: file:///Users/wilson.shakya/Documents/GitHub/AppVerse/Elevate/node_modules/react-native-gesture-handler/android/src/main/java/com/swmansion/gesturehandler/react/eventbuilders/PanGestureHandlerEventDataBuilder.kt:39:7 Unresolved reference: putDouble
e: file:///Users/wilson.shakya/Documents/GitHub/AppVerse/Elevate/node_modules/react-native-gesture-handler/android/src/main/java/com/swmansion/gesturehandler/react/eventbuilders/PanGestureHandlerEventDataBuilder.kt:40:7 Unresolved reference: putDouble
e: file:///Users/wilson.shakya/Documents/GitHub/AppVerse/Elevate/node_modules/react-native-gesture-handler/android/src/main/java/com/swmansion/gesturehandler/react/eventbuilders/PanGestureHandlerEventDataBuilder.kt:41:7 Unresolved reference: putDouble
e: file:///Users/wilson.shakya/Documents/GitHub/AppVerse/Elevate/node_modules/react-native-gesture-handler/android/src/main/java/com/swmansion/gesturehandler/react/eventbuilders/PanGestureHandlerEventDataBuilder.kt:42:7 Unresolved reference: putDouble
e: file:///Users/wilson.shakya/Documents/GitHub/AppVerse/Elevate/node_modules/react-native-gesture-handler/android/src/main/java/com/swmansion/gesturehandler/react/eventbuilders/PanGestureHandlerEventDataBuilder.kt:45:9 Unresolved reference: putMap
e: file:///Users/wilson.shakya/Documents/GitHub/AppVerse/Elevate/node_modules/react-native-gesture-handler/android/src/main/java/com/swmansion/gesturehandler/react/eventbuilders/PinchGestureHandlerEventDataBuilder.kt:21:11 Class 'kotlin.Unit' was compiled with an incompatible version of Kotlin. The actual metadata version is 2.1.0, but the compiler version 1.9.0 can read versions up to 2.0.0.
The class is loaded from /Users/wilson.shakya/.gradle/caches/modules-2/files-2.1/org.jetbrains.kotlin/kotlin-stdlib/2.1.0/85f8b81009cda5890e54ba67d64b5e599c645020/kotlin-stdlib-2.1.0.jar!/kotlin/Unit.class
e: file:///Users/wilson.shakya/Documents/GitHub/AppVerse/Elevate/node_modules/react-native-gesture-handler/android/src/main/java/com/swmansion/gesturehandler/react/eventbuilders/PinchGestureHandlerEventDataBuilder.kt:23:5 Unresolved reference: with
e: file:///Users/wilson.shakya/Documents/GitHub/AppVerse/Elevate/node_modules/react-native-gesture-handler/android/src/main/java/com/swmansion/gesturehandler/react/eventbuilders/PinchGestureHandlerEventDataBuilder.kt:24:7 Unresolved reference: putDouble
e: file:///Users/wilson.shakya/Documents/GitHub/AppVerse/Elevate/node_modules/react-native-gesture-handler/android/src/main/java/com/swmansion/gesturehandler/react/eventbuilders/PinchGestureHandlerEventDataBuilder.kt:25:7 Unresolved reference: putDouble
e: file:///Users/wilson.shakya/Documents/GitHub/AppVerse/Elevate/node_modules/react-native-gesture-handler/android/src/main/java/com/swmansion/gesturehandler/react/eventbuilders/PinchGestureHandlerEventDataBuilder.kt:26:7 Unresolved reference: putDouble
e: file:///Users/wilson.shakya/Documents/GitHub/AppVerse/Elevate/node_modules/react-native-gesture-handler/android/src/main/java/com/swmansion/gesturehandler/react/eventbuilders/PinchGestureHandlerEventDataBuilder.kt:27:7 Unresolved reference: putDouble
e: file:///Users/wilson.shakya/Documents/GitHub/AppVerse/Elevate/node_modules/react-native-gesture-handler/android/src/main/java/com/swmansion/gesturehandler/react/eventbuilders/RotationGestureHandlerEventDataBuilder.kt:21:11 Class 'kotlin.Unit' was compiled with an incompatible version of Kotlin. The actual metadata version is 2.1.0, but the compiler version 1.9.0 can read versions up to 2.0.0.
The class is loaded from /Users/wilson.shakya/.gradle/caches/modules-2/files-2.1/org.jetbrains.kotlin/kotlin-stdlib/2.1.0/85f8b81009cda5890e54ba67d64b5e599c645020/kotlin-stdlib-2.1.0.jar!/kotlin/Unit.class
e: file:///Users/wilson.shakya/Documents/GitHub/AppVerse/Elevate/node_modules/react-native-gesture-handler/android/src/main/java/com/swmansion/gesturehandler/react/eventbuilders/RotationGestureHandlerEventDataBuilder.kt:23:5 Unresolved reference: with
e: file:///Users/wilson.shakya/Documents/GitHub/AppVerse/Elevate/node_modules/react-native-gesture-handler/android/src/main/java/com/swmansion/gesturehandler/react/eventbuilders/RotationGestureHandlerEventDataBuilder.kt:24:7 Unresolved reference: putDouble
e: file:///Users/wilson.shakya/Documents/GitHub/AppVerse/Elevate/node_modules/react-native-gesture-handler/android/src/main/java/com/swmansion/gesturehandler/react/eventbuilders/RotationGestureHandlerEventDataBuilder.kt:25:7 Unresolved reference: putDouble
e: file:///Users/wilson.shakya/Documents/GitHub/AppVerse/Elevate/node_modules/react-native-gesture-handler/android/src/main/java/com/swmansion/gesturehandler/react/eventbuilders/RotationGestureHandlerEventDataBuilder.kt:26:7 Unresolved reference: putDouble
e: file:///Users/wilson.shakya/Documents/GitHub/AppVerse/Elevate/node_modules/react-native-gesture-handler/android/src/main/java/com/swmansion/gesturehandler/react/eventbuilders/RotationGestureHandlerEventDataBuilder.kt:27:7 Unresolved reference: putDouble
e: file:///Users/wilson.shakya/Documents/GitHub/AppVerse/Elevate/node_modules/react-native-gesture-handler/android/src/main/java/com/swmansion/gesturehandler/react/eventbuilders/TapGestureHandlerEventDataBuilder.kt:21:11 Class 'kotlin.Unit' was compiled with an incompatible version of Kotlin. The actual metadata version is 2.1.0, but the compiler version 1.9.0 can read versions up to 2.0.0.
The class is loaded from /Users/wilson.shakya/.gradle/caches/modules-2/files-2.1/org.jetbrains.kotlin/kotlin-stdlib/2.1.0/85f8b81009cda5890e54ba67d64b5e599c645020/kotlin-stdlib-2.1.0.jar!/kotlin/Unit.class
e: file:///Users/wilson.shakya/Documents/GitHub/AppVerse/Elevate/node_modules/react-native-gesture-handler/android/src/main/java/com/swmansion/gesturehandler/react/eventbuilders/TapGestureHandlerEventDataBuilder.kt:23:5 Unresolved reference: with
e: file:///Users/wilson.shakya/Documents/GitHub/AppVerse/Elevate/node_modules/react-native-gesture-handler/android/src/main/java/com/swmansion/gesturehandler/react/eventbuilders/TapGestureHandlerEventDataBuilder.kt:24:7 Unresolved reference: putDouble
e: file:///Users/wilson.shakya/Documents/GitHub/AppVerse/Elevate/node_modules/react-native-gesture-handler/android/src/main/java/com/swmansion/gesturehandler/react/eventbuilders/TapGestureHandlerEventDataBuilder.kt:25:7 Unresolved reference: putDouble
e: file:///Users/wilson.shakya/Documents/GitHub/AppVerse/Elevate/node_modules/react-native-gesture-handler/android/src/main/java/com/swmansion/gesturehandler/react/eventbuilders/TapGestureHandlerEventDataBuilder.kt:26:7 Unresolved reference: putDouble
e: file:///Users/wilson.shakya/Documents/GitHub/AppVerse/Elevate/node_modules/react-native-gesture-handler/android/src/main/java/com/swmansion/gesturehandler/react/eventbuilders/TapGestureHandlerEventDataBuilder.kt:27:7 Unresolved reference: putDouble
[Incubating] Problems report is available at: file:///Users/wilson.shakya/Documents/GitHub/AppVerse/Elevate/android/build/reports/problems/problems-report.html

FAILURE: Build completed with 3 failures.

1: Task failed with an exception.
-----------
* What went wrong:
Execution failed for task ':react-native-safe-area-context:compileDebugKotlin'.
> A failure occurred while executing org.jetbrains.kotlin.compilerRunner.GradleCompilerRunnerWithWorkers$GradleKotlinCompilerWorkAction
   > Compilation error. See log for more details

* Try:
> Run with --info or --debug option to get more log output.
> Run with --scan to get full insights.
> Get more help at https://help.gradle.org.

* Exception is:
org.gradle.api.tasks.TaskExecutionException: Execution failed for task ':react-native-safe-area-context:compileDebugKotlin'.
	at org.gradle.api.internal.tasks.execution.ExecuteActionsTaskExecuter.lambda$executeIfValid$1(ExecuteActionsTaskExecuter.java:130)
	at org.gradle.internal.Try$Failure.ifSuccessfulOrElse(Try.java:293)
	at org.gradle.api.internal.tasks.execution.ExecuteActionsTaskExecuter.executeIfValid(ExecuteActionsTaskExecuter.java:128)
	at org.gradle.api.internal.tasks.execution.ExecuteActionsTaskExecuter.execute(ExecuteActionsTaskExecuter.java:116)
	at org.gradle.api.internal.tasks.execution.FinalizePropertiesTaskExecuter.execute(FinalizePropertiesTaskExecuter.java:46)
	at org.gradle.api.internal.tasks.execution.ResolveTaskExecutionModeExecuter.execute(ResolveTaskExecutionModeExecuter.java:51)
	at org.gradle.api.internal.tasks.execution.SkipTaskWithNoActionsExecuter.execute(SkipTaskWithNoActionsExecuter.java:57)
	at org.gradle.api.internal.tasks.execution.SkipOnlyIfTaskExecuter.execute(SkipOnlyIfTaskExecuter.java:74)
	at org.gradle.api.internal.tasks.execution.CatchExceptionTaskExecuter.execute(CatchExceptionTaskExecuter.java:36)
	at org.gradle.api.internal.tasks.execution.EventFiringTaskExecuter$1.executeTask(EventFiringTaskExecuter.java:77)
	at org.gradle.api.internal.tasks.execution.EventFiringTaskExecuter$1.call(EventFiringTaskExecuter.java:55)
	at org.gradle.api.internal.tasks.execution.EventFiringTaskExecuter$1.call(EventFiringTaskExecuter.java:52)
	at org.gradle.internal.operations.DefaultBuildOperationRunner$CallableBuildOperationWorker.execute(DefaultBuildOperationRunner.java:209)
	at org.gradle.internal.operations.DefaultBuildOperationRunner$CallableBuildOperationWorker.execute(DefaultBuildOperationRunner.java:204)
	at org.gradle.internal.operations.DefaultBuildOperationRunner$2.execute(DefaultBuildOperationRunner.java:66)
	at org.gradle.internal.operations.DefaultBuildOperationRunner$2.execute(DefaultBuildOperationRunner.java:59)
	at org.gradle.internal.operations.DefaultBuildOperationRunner.execute(DefaultBuildOperationRunner.java:166)
	at org.gradle.internal.operations.DefaultBuildOperationRunner.execute(DefaultBuildOperationRunner.java:59)
	at org.gradle.internal.operations.DefaultBuildOperationRunner.call(DefaultBuildOperationRunner.java:53)
	at org.gradle.api.internal.tasks.execution.EventFiringTaskExecuter.execute(EventFiringTaskExecuter.java:52)
	at org.gradle.execution.plan.LocalTaskNodeExecutor.execute(LocalTaskNodeExecutor.java:42)
	at org.gradle.execution.taskgraph.DefaultTaskExecutionGraph$InvokeNodeExecutorsAction.execute(DefaultTaskExecutionGraph.java:331)
	at org.gradle.execution.taskgraph.DefaultTaskExecutionGraph$InvokeNodeExecutorsAction.execute(DefaultTaskExecutionGraph.java:318)
	at org.gradle.execution.taskgraph.DefaultTaskExecutionGraph$BuildOperationAwareExecutionAction.lambda$execute$0(DefaultTaskExecutionGraph.java:314)
	at org.gradle.internal.operations.CurrentBuildOperationRef.with(CurrentBuildOperationRef.java:85)
	at org.gradle.execution.taskgraph.DefaultTaskExecutionGraph$BuildOperationAwareExecutionAction.execute(DefaultTaskExecutionGraph.java:314)
	at org.gradle.execution.taskgraph.DefaultTaskExecutionGraph$BuildOperationAwareExecutionAction.execute(DefaultTaskExecutionGraph.java:303)
	at org.gradle.execution.plan.DefaultPlanExecutor$ExecutorWorker.execute(DefaultPlanExecutor.java:459)
	at org.gradle.execution.plan.DefaultPlanExecutor$ExecutorWorker.run(DefaultPlanExecutor.java:376)
	at org.gradle.internal.concurrent.ExecutorPolicy$CatchAndRecordFailures.onExecute(ExecutorPolicy.java:64)
	at org.gradle.internal.concurrent.AbstractManagedExecutor$1.run(AbstractManagedExecutor.java:48)
Caused by: org.gradle.workers.internal.DefaultWorkerExecutor$WorkExecutionException: A failure occurred while executing org.jetbrains.kotlin.compilerRunner.GradleCompilerRunnerWithWorkers$GradleKotlinCompilerWorkAction
	at org.gradle.workers.internal.DefaultWorkerExecutor$WorkItemExecution.waitForCompletion(DefaultWorkerExecutor.java:287)
	at org.gradle.internal.work.DefaultAsyncWorkTracker.lambda$waitForItemsAndGatherFailures$2(DefaultAsyncWorkTracker.java:130)
	at org.gradle.internal.Factories$1.create(Factories.java:31)
	at org.gradle.internal.work.DefaultWorkerLeaseService.withoutLocks(DefaultWorkerLeaseService.java:335)
	at org.gradle.internal.work.DefaultWorkerLeaseService.withoutLocks(DefaultWorkerLeaseService.java:318)
	at org.gradle.internal.work.DefaultWorkerLeaseService.withoutLock(DefaultWorkerLeaseService.java:323)
	at org.gradle.internal.work.DefaultAsyncWorkTracker.waitForItemsAndGatherFailures(DefaultAsyncWorkTracker.java:126)
	at org.gradle.internal.work.DefaultAsyncWorkTracker.waitForItemsAndGatherFailures(DefaultAsyncWorkTracker.java:92)
	at org.gradle.internal.work.DefaultAsyncWorkTracker.waitForAll(DefaultAsyncWorkTracker.java:78)
	at org.gradle.internal.work.DefaultAsyncWorkTracker.waitForCompletion(DefaultAsyncWorkTracker.java:66)
	at org.gradle.api.internal.tasks.execution.TaskExecution$3.run(TaskExecution.java:252)
	at org.gradle.internal.operations.DefaultBuildOperationRunner$1.execute(DefaultBuildOperationRunner.java:29)
	at org.gradle.internal.operations.DefaultBuildOperationRunner$1.execute(DefaultBuildOperationRunner.java:26)
	at org.gradle.internal.operations.DefaultBuildOperationRunner$2.execute(DefaultBuildOperationRunner.java:66)
	at org.gradle.internal.operations.DefaultBuildOperationRunner$2.execute(DefaultBuildOperationRunner.java:59)
	at org.gradle.internal.operations.DefaultBuildOperationRunner.execute(DefaultBuildOperationRunner.java:166)
	at org.gradle.internal.operations.DefaultBuildOperationRunner.execute(DefaultBuildOperationRunner.java:59)
	at org.gradle.internal.operations.DefaultBuildOperationRunner.run(DefaultBuildOperationRunner.java:47)
	at org.gradle.api.internal.tasks.execution.TaskExecution.executeAction(TaskExecution.java:229)
	at org.gradle.api.internal.tasks.execution.TaskExecution.executeActions(TaskExecution.java:212)
	at org.gradle.api.internal.tasks.execution.TaskExecution.executeWithPreviousOutputFiles(TaskExecution.java:195)
	at org.gradle.api.internal.tasks.execution.TaskExecution.execute(TaskExecution.java:162)
	at org.gradle.internal.execution.steps.ExecuteStep.executeInternal(ExecuteStep.java:105)
	at org.gradle.internal.execution.steps.ExecuteStep.access$000(ExecuteStep.java:44)
	at org.gradle.internal.execution.steps.ExecuteStep$1.call(ExecuteStep.java:59)
	at org.gradle.internal.execution.steps.ExecuteStep$1.call(ExecuteStep.java:56)
	at org.gradle.internal.operations.DefaultBuildOperationRunner$CallableBuildOperationWorker.execute(DefaultBuildOperationRunner.java:209)
	at org.gradle.internal.operations.DefaultBuildOperationRunner$CallableBuildOperationWorker.execute(DefaultBuildOperationRunner.java:204)
	at org.gradle.internal.operations.DefaultBuildOperationRunner$2.execute(DefaultBuildOperationRunner.java:66)
	at org.gradle.internal.operations.DefaultBuildOperationRunner$2.execute(DefaultBuildOperationRunner.java:59)
	at org.gradle.internal.operations.DefaultBuildOperationRunner.execute(DefaultBuildOperationRunner.java:166)
	at org.gradle.internal.operations.DefaultBuildOperationRunner.execute(DefaultBuildOperationRunner.java:59)
	at org.gradle.internal.operations.DefaultBuildOperationRunner.call(DefaultBuildOperationRunner.java:53)
	at org.gradle.internal.execution.steps.ExecuteStep.execute(ExecuteStep.java:56)
	at org.gradle.internal.execution.steps.ExecuteStep.execute(ExecuteStep.java:44)
	at org.gradle.internal.execution.steps.CancelExecutionStep.execute(CancelExecutionStep.java:42)
	at org.gradle.internal.execution.steps.TimeoutStep.executeWithoutTimeout(TimeoutStep.java:75)
	at org.gradle.internal.execution.steps.TimeoutStep.execute(TimeoutStep.java:55)
	at org.gradle.internal.execution.steps.PreCreateOutputParentsStep.execute(PreCreateOutputParentsStep.java:50)
	at org.gradle.internal.execution.steps.PreCreateOutputParentsStep.execute(PreCreateOutputParentsStep.java:28)
	at org.gradle.internal.execution.steps.RemovePreviousOutputsStep.execute(RemovePreviousOutputsStep.java:67)
	at org.gradle.internal.execution.steps.RemovePreviousOutputsStep.execute(RemovePreviousOutputsStep.java:37)
	at org.gradle.internal.execution.steps.BroadcastChangingOutputsStep.execute(BroadcastChangingOutputsStep.java:61)
	at org.gradle.internal.execution.steps.BroadcastChangingOutputsStep.execute(BroadcastChangingOutputsStep.java:26)
	at org.gradle.internal.execution.steps.CaptureOutputsAfterExecutionStep.execute(CaptureOutputsAfterExecutionStep.java:69)
	at org.gradle.internal.execution.steps.CaptureOutputsAfterExecutionStep.execute(CaptureOutputsAfterExecutionStep.java:46)
	at org.gradle.internal.execution.steps.ResolveInputChangesStep.execute(ResolveInputChangesStep.java:40)
	at org.gradle.internal.execution.steps.ResolveInputChangesStep.execute(ResolveInputChangesStep.java:29)
	at org.gradle.internal.execution.steps.BuildCacheStep.executeWithoutCache(BuildCacheStep.java:189)
	at org.gradle.internal.execution.steps.BuildCacheStep.lambda$execute$1(BuildCacheStep.java:75)
	at org.gradle.internal.Either$Right.fold(Either.java:175)
	at org.gradle.internal.execution.caching.CachingState.fold(CachingState.java:62)
	at org.gradle.internal.execution.steps.BuildCacheStep.execute(BuildCacheStep.java:73)
	at org.gradle.internal.execution.steps.BuildCacheStep.execute(BuildCacheStep.java:48)
	at org.gradle.internal.execution.steps.StoreExecutionStateStep.execute(StoreExecutionStateStep.java:46)
	at org.gradle.internal.execution.steps.StoreExecutionStateStep.execute(StoreExecutionStateStep.java:35)
	at org.gradle.internal.execution.steps.SkipUpToDateStep.executeBecause(SkipUpToDateStep.java:75)
	at org.gradle.internal.execution.steps.SkipUpToDateStep.lambda$execute$2(SkipUpToDateStep.java:53)
	at org.gradle.internal.execution.steps.SkipUpToDateStep.execute(SkipUpToDateStep.java:53)
	at org.gradle.internal.execution.steps.SkipUpToDateStep.execute(SkipUpToDateStep.java:35)
	at org.gradle.internal.execution.steps.legacy.MarkSnapshottingInputsFinishedStep.execute(MarkSnapshottingInputsFinishedStep.java:37)
	at org.gradle.internal.execution.steps.legacy.MarkSnapshottingInputsFinishedStep.execute(MarkSnapshottingInputsFinishedStep.java:27)
	at org.gradle.internal.execution.steps.ResolveIncrementalCachingStateStep.executeDelegate(ResolveIncrementalCachingStateStep.java:49)
	at org.gradle.internal.execution.steps.ResolveIncrementalCachingStateStep.executeDelegate(ResolveIncrementalCachingStateStep.java:27)
	at org.gradle.internal.execution.steps.AbstractResolveCachingStateStep.execute(AbstractResolveCachingStateStep.java:71)
	at org.gradle.internal.execution.steps.AbstractResolveCachingStateStep.execute(AbstractResolveCachingStateStep.java:39)
	at org.gradle.internal.execution.steps.ResolveChangesStep.execute(ResolveChangesStep.java:65)
	at org.gradle.internal.execution.steps.ResolveChangesStep.execute(ResolveChangesStep.java:36)
	at org.gradle.internal.execution.steps.ValidateStep.execute(ValidateStep.java:107)
	at org.gradle.internal.execution.steps.ValidateStep.execute(ValidateStep.java:56)
	at org.gradle.internal.execution.steps.AbstractCaptureStateBeforeExecutionStep.execute(AbstractCaptureStateBeforeExecutionStep.java:64)
	at org.gradle.internal.execution.steps.AbstractCaptureStateBeforeExecutionStep.execute(AbstractCaptureStateBeforeExecutionStep.java:43)
	at org.gradle.internal.execution.steps.AbstractSkipEmptyWorkStep.executeWithNonEmptySources(AbstractSkipEmptyWorkStep.java:125)
	at org.gradle.internal.execution.steps.AbstractSkipEmptyWorkStep.execute(AbstractSkipEmptyWorkStep.java:61)
	at org.gradle.internal.execution.steps.AbstractSkipEmptyWorkStep.execute(AbstractSkipEmptyWorkStep.java:36)
	at org.gradle.internal.execution.steps.legacy.MarkSnapshottingInputsStartedStep.execute(MarkSnapshottingInputsStartedStep.java:38)
	at org.gradle.internal.execution.steps.LoadPreviousExecutionStateStep.execute(LoadPreviousExecutionStateStep.java:36)
	at org.gradle.internal.execution.steps.LoadPreviousExecutionStateStep.execute(LoadPreviousExecutionStateStep.java:23)
	at org.gradle.internal.execution.steps.HandleStaleOutputsStep.execute(HandleStaleOutputsStep.java:75)
	at org.gradle.internal.execution.steps.HandleStaleOutputsStep.execute(HandleStaleOutputsStep.java:41)
	at org.gradle.internal.execution.steps.AssignMutableWorkspaceStep.lambda$execute$0(AssignMutableWorkspaceStep.java:35)
	at org.gradle.api.internal.tasks.execution.TaskExecution$4.withWorkspace(TaskExecution.java:289)
	at org.gradle.internal.execution.steps.AssignMutableWorkspaceStep.execute(AssignMutableWorkspaceStep.java:31)
	at org.gradle.internal.execution.steps.AssignMutableWorkspaceStep.execute(AssignMutableWorkspaceStep.java:22)
	at org.gradle.internal.execution.steps.ChoosePipelineStep.execute(ChoosePipelineStep.java:40)
	at org.gradle.internal.execution.steps.ChoosePipelineStep.execute(ChoosePipelineStep.java:23)
	at org.gradle.internal.execution.steps.ExecuteWorkBuildOperationFiringStep.lambda$execute$2(ExecuteWorkBuildOperationFiringStep.java:67)
	at org.gradle.internal.execution.steps.ExecuteWorkBuildOperationFiringStep.execute(ExecuteWorkBuildOperationFiringStep.java:67)
	at org.gradle.internal.execution.steps.ExecuteWorkBuildOperationFiringStep.execute(ExecuteWorkBuildOperationFiringStep.java:39)
	at org.gradle.internal.execution.steps.IdentityCacheStep.execute(IdentityCacheStep.java:46)
	at org.gradle.internal.execution.steps.IdentityCacheStep.execute(IdentityCacheStep.java:34)
	at org.gradle.internal.execution.steps.IdentifyStep.execute(IdentifyStep.java:48)
	at org.gradle.internal.execution.steps.IdentifyStep.execute(IdentifyStep.java:35)
	at org.gradle.internal.execution.impl.DefaultExecutionEngine$1.execute(DefaultExecutionEngine.java:61)
	at org.gradle.api.internal.tasks.execution.ExecuteActionsTaskExecuter.executeIfValid(ExecuteActionsTaskExecuter.java:127)
	at org.gradle.api.internal.tasks.execution.ExecuteActionsTaskExecuter.execute(ExecuteActionsTaskExecuter.java:116)
	at org.gradle.api.internal.tasks.execution.FinalizePropertiesTaskExecuter.execute(FinalizePropertiesTaskExecuter.java:46)
	at org.gradle.api.internal.tasks.execution.ResolveTaskExecutionModeExecuter.execute(ResolveTaskExecutionModeExecuter.java:51)
	at org.gradle.api.internal.tasks.execution.SkipTaskWithNoActionsExecuter.execute(SkipTaskWithNoActionsExecuter.java:57)
	at org.gradle.api.internal.tasks.execution.SkipOnlyIfTaskExecuter.execute(SkipOnlyIfTaskExecuter.java:74)
	at org.gradle.api.internal.tasks.execution.CatchExceptionTaskExecuter.execute(CatchExceptionTaskExecuter.java:36)
	at org.gradle.api.internal.tasks.execution.EventFiringTaskExecuter$1.executeTask(EventFiringTaskExecuter.java:77)
	at org.gradle.api.internal.tasks.execution.EventFiringTaskExecuter$1.call(EventFiringTaskExecuter.java:55)
	at org.gradle.api.internal.tasks.execution.EventFiringTaskExecuter$1.call(EventFiringTaskExecuter.java:52)
	at org.gradle.internal.operations.DefaultBuildOperationRunner$CallableBuildOperationWorker.execute(DefaultBuildOperationRunner.java:209)
	at org.gradle.internal.operations.DefaultBuildOperationRunner$CallableBuildOperationWorker.execute(DefaultBuildOperationRunner.java:204)
	at org.gradle.internal.operations.DefaultBuildOperationRunner$2.execute(DefaultBuildOperationRunner.java:66)
	at org.gradle.internal.operations.DefaultBuildOperationRunner$2.execute(DefaultBuildOperationRunner.java:59)
	at org.gradle.internal.operations.DefaultBuildOperationRunner.execute(DefaultBuildOperationRunner.java:166)
	at org.gradle.internal.operations.DefaultBuildOperationRunner.execute(DefaultBuildOperationRunner.java:59)
	at org.gradle.internal.operations.DefaultBuildOperationRunner.call(DefaultBuildOperationRunner.java:53)
	at org.gradle.api.internal.tasks.execution.EventFiringTaskExecuter.execute(EventFiringTaskExecuter.java:52)
	at org.gradle.execution.plan.LocalTaskNodeExecutor.execute(LocalTaskNodeExecutor.java:42)
	at org.gradle.execution.taskgraph.DefaultTaskExecutionGraph$InvokeNodeExecutorsAction.execute(DefaultTaskExecutionGraph.java:331)
	at org.gradle.execution.taskgraph.DefaultTaskExecutionGraph$InvokeNodeExecutorsAction.execute(DefaultTaskExecutionGraph.java:318)
	at org.gradle.execution.taskgraph.DefaultTaskExecutionGraph$BuildOperationAwareExecutionAction.lambda$execute$0(DefaultTaskExecutionGraph.java:314)
	at org.gradle.internal.operations.CurrentBuildOperationRef.with(CurrentBuildOperationRef.java:85)
	at org.gradle.execution.taskgraph.DefaultTaskExecutionGraph$BuildOperationAwareExecutionAction.execute(DefaultTaskExecutionGraph.java:314)
	at org.gradle.execution.taskgraph.DefaultTaskExecutionGraph$BuildOperationAwareExecutionAction.execute(DefaultTaskExecutionGraph.java:303)
	at org.gradle.execution.plan.DefaultPlanExecutor$ExecutorWorker.execute(DefaultPlanExecutor.java:459)
	at org.gradle.execution.plan.DefaultPlanExecutor$ExecutorWorker.run(DefaultPlanExecutor.java:376)
	at org.gradle.internal.concurrent.ExecutorPolicy$CatchAndRecordFailures.onExecute(ExecutorPolicy.java:64)
	at org.gradle.internal.concurrent.AbstractManagedExecutor$1.run(AbstractManagedExecutor.java:48)
Caused by: org.jetbrains.kotlin.gradle.tasks.CompilationErrorException: Compilation error. See log for more details
	at org.jetbrains.kotlin.gradle.tasks.TasksUtilsKt.throwExceptionIfCompilationFailed(tasksUtils.kt:20)
	at org.jetbrains.kotlin.compilerRunner.GradleKotlinCompilerWork.run(GradleKotlinCompilerWork.kt:141)
	at org.jetbrains.kotlin.compilerRunner.GradleCompilerRunnerWithWorkers$GradleKotlinCompilerWorkAction.execute(GradleCompilerRunnerWithWorkers.kt:73)
	at org.gradle.workers.internal.DefaultWorkerServer.execute(DefaultWorkerServer.java:63)
	at org.gradle.workers.internal.NoIsolationWorkerFactory$1$1.create(NoIsolationWorkerFactory.java:66)
	at org.gradle.workers.internal.NoIsolationWorkerFactory$1$1.create(NoIsolationWorkerFactory.java:62)
	at org.gradle.internal.classloader.ClassLoaderUtils.executeInClassloader(ClassLoaderUtils.java:100)
	at org.gradle.workers.internal.NoIsolationWorkerFactory$1.lambda$execute$0(NoIsolationWorkerFactory.java:62)
	at org.gradle.workers.internal.AbstractWorker$1.call(AbstractWorker.java:44)
	at org.gradle.workers.internal.AbstractWorker$1.call(AbstractWorker.java:41)
	at org.gradle.internal.operations.DefaultBuildOperationRunner$CallableBuildOperationWorker.execute(DefaultBuildOperationRunner.java:209)
	at org.gradle.internal.operations.DefaultBuildOperationRunner$CallableBuildOperationWorker.execute(DefaultBuildOperationRunner.java:204)
	at org.gradle.internal.operations.DefaultBuildOperationRunner$2.execute(DefaultBuildOperationRunner.java:66)
	at org.gradle.internal.operations.DefaultBuildOperationRunner$2.execute(DefaultBuildOperationRunner.java:59)
	at org.gradle.internal.operations.DefaultBuildOperationRunner.execute(DefaultBuildOperationRunner.java:166)
	at org.gradle.internal.operations.DefaultBuildOperationRunner.execute(DefaultBuildOperationRunner.java:59)
	at org.gradle.internal.operations.DefaultBuildOperationRunner.call(DefaultBuildOperationRunner.java:53)
	at org.gradle.workers.internal.AbstractWorker.executeWrappedInBuildOperation(AbstractWorker.java:41)
	at org.gradle.workers.internal.NoIsolationWorkerFactory$1.execute(NoIsolationWorkerFactory.java:59)
	at org.gradle.workers.internal.DefaultWorkerExecutor.lambda$submitWork$0(DefaultWorkerExecutor.java:174)
	at org.gradle.internal.work.DefaultConditionalExecutionQueue$ExecutionRunner.runExecution(DefaultConditionalExecutionQueue.java:194)
	at org.gradle.internal.work.DefaultConditionalExecutionQueue$ExecutionRunner.access$700(DefaultConditionalExecutionQueue.java:127)
	at org.gradle.internal.work.DefaultConditionalExecutionQueue$ExecutionRunner$1.run(DefaultConditionalExecutionQueue.java:169)
	at org.gradle.internal.Factories$1.create(Factories.java:31)
	at org.gradle.internal.work.DefaultWorkerLeaseService.withLocks(DefaultWorkerLeaseService.java:263)
	at org.gradle.internal.work.DefaultWorkerLeaseService.runAsWorkerThread(DefaultWorkerLeaseService.java:127)
	at org.gradle.internal.work.DefaultWorkerLeaseService.runAsWorkerThread(DefaultWorkerLeaseService.java:132)
	at org.gradle.internal.work.DefaultConditionalExecutionQueue$ExecutionRunner.runBatch(DefaultConditionalExecutionQueue.java:164)
	at org.gradle.internal.work.DefaultConditionalExecutionQueue$ExecutionRunner.run(DefaultConditionalExecutionQueue.java:133)
	... 2 more

==============================================================================

2: Task failed with an exception.
-----------
* What went wrong:
Execution failed for task ':react-native-webview:compileDebugKotlin'.
> A failure occurred while executing org.jetbrains.kotlin.compilerRunner.GradleCompilerRunnerWithWorkers$GradleKotlinCompilerWorkAction
   > Compilation error. See log for more details

* Try:
> Run with --info or --debug option to get more log output.
> Run with --scan to get full insights.
> Get more help at https://help.gradle.org.

* Exception is:
org.gradle.api.tasks.TaskExecutionException: Execution failed for task ':react-native-webview:compileDebugKotlin'.
	at org.gradle.api.internal.tasks.execution.ExecuteActionsTaskExecuter.lambda$executeIfValid$1(ExecuteActionsTaskExecuter.java:130)
	at org.gradle.internal.Try$Failure.ifSuccessfulOrElse(Try.java:293)
	at org.gradle.api.internal.tasks.execution.ExecuteActionsTaskExecuter.executeIfValid(ExecuteActionsTaskExecuter.java:128)
	at org.gradle.api.internal.tasks.execution.ExecuteActionsTaskExecuter.execute(ExecuteActionsTaskExecuter.java:116)
	at org.gradle.api.internal.tasks.execution.FinalizePropertiesTaskExecuter.execute(FinalizePropertiesTaskExecuter.java:46)
	at org.gradle.api.internal.tasks.execution.ResolveTaskExecutionModeExecuter.execute(ResolveTaskExecutionModeExecuter.java:51)
	at org.gradle.api.internal.tasks.execution.SkipTaskWithNoActionsExecuter.execute(SkipTaskWithNoActionsExecuter.java:57)
	at org.gradle.api.internal.tasks.execution.SkipOnlyIfTaskExecuter.execute(SkipOnlyIfTaskExecuter.java:74)
	at org.gradle.api.internal.tasks.execution.CatchExceptionTaskExecuter.execute(CatchExceptionTaskExecuter.java:36)
	at org.gradle.api.internal.tasks.execution.EventFiringTaskExecuter$1.executeTask(EventFiringTaskExecuter.java:77)
	at org.gradle.api.internal.tasks.execution.EventFiringTaskExecuter$1.call(EventFiringTaskExecuter.java:55)
	at org.gradle.api.internal.tasks.execution.EventFiringTaskExecuter$1.call(EventFiringTaskExecuter.java:52)
	at org.gradle.internal.operations.DefaultBuildOperationRunner$CallableBuildOperationWorker.execute(DefaultBuildOperationRunner.java:209)
	at org.gradle.internal.operations.DefaultBuildOperationRunner$CallableBuildOperationWorker.execute(DefaultBuildOperationRunner.java:204)
	at org.gradle.internal.operations.DefaultBuildOperationRunner$2.execute(DefaultBuildOperationRunner.java:66)
	at org.gradle.internal.operations.DefaultBuildOperationRunner$2.execute(DefaultBuildOperationRunner.java:59)
	at org.gradle.internal.operations.DefaultBuildOperationRunner.execute(DefaultBuildOperationRunner.java:166)
	at org.gradle.internal.operations.DefaultBuildOperationRunner.execute(DefaultBuildOperationRunner.java:59)
	at org.gradle.internal.operations.DefaultBuildOperationRunner.call(DefaultBuildOperationRunner.java:53)
	at org.gradle.api.internal.tasks.execution.EventFiringTaskExecuter.execute(EventFiringTaskExecuter.java:52)
	at org.gradle.execution.plan.LocalTaskNodeExecutor.execute(LocalTaskNodeExecutor.java:42)
	at org.gradle.execution.taskgraph.DefaultTaskExecutionGraph$InvokeNodeExecutorsAction.execute(DefaultTaskExecutionGraph.java:331)
	at org.gradle.execution.taskgraph.DefaultTaskExecutionGraph$InvokeNodeExecutorsAction.execute(DefaultTaskExecutionGraph.java:318)
	at org.gradle.execution.taskgraph.DefaultTaskExecutionGraph$BuildOperationAwareExecutionAction.lambda$execute$0(DefaultTaskExecutionGraph.java:314)
	at org.gradle.internal.operations.CurrentBuildOperationRef.with(CurrentBuildOperationRef.java:85)
	at org.gradle.execution.taskgraph.DefaultTaskExecutionGraph$BuildOperationAwareExecutionAction.execute(DefaultTaskExecutionGraph.java:314)
	at org.gradle.execution.taskgraph.DefaultTaskExecutionGraph$BuildOperationAwareExecutionAction.execute(DefaultTaskExecutionGraph.java:303)
	at org.gradle.execution.plan.DefaultPlanExecutor$ExecutorWorker.execute(DefaultPlanExecutor.java:459)
	at org.gradle.execution.plan.DefaultPlanExecutor$ExecutorWorker.run(DefaultPlanExecutor.java:376)
	at org.gradle.internal.concurrent.ExecutorPolicy$CatchAndRecordFailures.onExecute(ExecutorPolicy.java:64)
	at org.gradle.internal.concurrent.AbstractManagedExecutor$1.run(AbstractManagedExecutor.java:48)
	at java.base/java.util.concurrent.ThreadPoolExecutor.runWorker(Unknown Source)
	at java.base/java.util.concurrent.ThreadPoolExecutor$Worker.run(Unknown Source)
	at java.base/java.lang.Thread.run(Unknown Source)
Caused by: org.gradle.workers.internal.DefaultWorkerExecutor$WorkExecutionException: A failure occurred while executing org.jetbrains.kotlin.compilerRunner.GradleCompilerRunnerWithWorkers$GradleKotlinCompilerWorkAction
	at org.gradle.workers.internal.DefaultWorkerExecutor$WorkItemExecution.waitForCompletion(DefaultWorkerExecutor.java:287)
	at org.gradle.internal.work.DefaultAsyncWorkTracker.lambda$waitForItemsAndGatherFailures$2(DefaultAsyncWorkTracker.java:130)
	at org.gradle.internal.Factories$1.create(Factories.java:31)
	at org.gradle.internal.work.DefaultWorkerLeaseService.withoutLocks(DefaultWorkerLeaseService.java:335)
	at org.gradle.internal.work.DefaultWorkerLeaseService.withoutLocks(DefaultWorkerLeaseService.java:318)
	at org.gradle.internal.work.DefaultWorkerLeaseService.withoutLock(DefaultWorkerLeaseService.java:323)
	at org.gradle.internal.work.DefaultAsyncWorkTracker.waitForItemsAndGatherFailures(DefaultAsyncWorkTracker.java:126)
	at org.gradle.internal.work.DefaultAsyncWorkTracker.waitForItemsAndGatherFailures(DefaultAsyncWorkTracker.java:92)
	at org.gradle.internal.work.DefaultAsyncWorkTracker.waitForAll(DefaultAsyncWorkTracker.java:78)
	at org.gradle.internal.work.DefaultAsyncWorkTracker.waitForCompletion(DefaultAsyncWorkTracker.java:66)
	at org.gradle.api.internal.tasks.execution.TaskExecution$3.run(TaskExecution.java:252)
	at org.gradle.internal.operations.DefaultBuildOperationRunner$1.execute(DefaultBuildOperationRunner.java:29)
	at org.gradle.internal.operations.DefaultBuildOperationRunner$1.execute(DefaultBuildOperationRunner.java:26)
	at org.gradle.internal.operations.DefaultBuildOperationRunner$2.execute(DefaultBuildOperationRunner.java:66)
	at org.gradle.internal.operations.DefaultBuildOperationRunner$2.execute(DefaultBuildOperationRunner.java:59)
	at org.gradle.internal.operations.DefaultBuildOperationRunner.execute(DefaultBuildOperationRunner.java:166)
	at org.gradle.internal.operations.DefaultBuildOperationRunner.execute(DefaultBuildOperationRunner.java:59)
	at org.gradle.internal.operations.DefaultBuildOperationRunner.run(DefaultBuildOperationRunner.java:47)
	at org.gradle.api.internal.tasks.execution.TaskExecution.executeAction(TaskExecution.java:229)
	at org.gradle.api.internal.tasks.execution.TaskExecution.executeActions(TaskExecution.java:212)
	at org.gradle.api.internal.tasks.execution.TaskExecution.executeWithPreviousOutputFiles(TaskExecution.java:195)
	at org.gradle.api.internal.tasks.execution.TaskExecution.execute(TaskExecution.java:162)
	at org.gradle.internal.execution.steps.ExecuteStep.executeInternal(ExecuteStep.java:105)
	at org.gradle.internal.execution.steps.ExecuteStep.access$000(ExecuteStep.java:44)
	at org.gradle.internal.execution.steps.ExecuteStep$1.call(ExecuteStep.java:59)
	at org.gradle.internal.execution.steps.ExecuteStep$1.call(ExecuteStep.java:56)
	at org.gradle.internal.operations.DefaultBuildOperationRunner$CallableBuildOperationWorker.execute(DefaultBuildOperationRunner.java:209)
	at org.gradle.internal.operations.DefaultBuildOperationRunner$CallableBuildOperationWorker.execute(DefaultBuildOperationRunner.java:204)
	at org.gradle.internal.operations.DefaultBuildOperationRunner$2.execute(DefaultBuildOperationRunner.java:66)
	at org.gradle.internal.operations.DefaultBuildOperationRunner$2.execute(DefaultBuildOperationRunner.java:59)
	at org.gradle.internal.operations.DefaultBuildOperationRunner.execute(DefaultBuildOperationRunner.java:166)
	at org.gradle.internal.operations.DefaultBuildOperationRunner.execute(DefaultBuildOperationRunner.java:59)
	at org.gradle.internal.operations.DefaultBuildOperationRunner.call(DefaultBuildOperationRunner.java:53)
	at org.gradle.internal.execution.steps.ExecuteStep.execute(ExecuteStep.java:56)
	at org.gradle.internal.execution.steps.ExecuteStep.execute(ExecuteStep.java:44)
	at org.gradle.internal.execution.steps.CancelExecutionStep.execute(CancelExecutionStep.java:42)
	at org.gradle.internal.execution.steps.TimeoutStep.executeWithoutTimeout(TimeoutStep.java:75)
	at org.gradle.internal.execution.steps.TimeoutStep.execute(TimeoutStep.java:55)
	at org.gradle.internal.execution.steps.PreCreateOutputParentsStep.execute(PreCreateOutputParentsStep.java:50)
	at org.gradle.internal.execution.steps.PreCreateOutputParentsStep.execute(PreCreateOutputParentsStep.java:28)
	at org.gradle.internal.execution.steps.RemovePreviousOutputsStep.execute(RemovePreviousOutputsStep.java:67)
	at org.gradle.internal.execution.steps.RemovePreviousOutputsStep.execute(RemovePreviousOutputsStep.java:37)
	at org.gradle.internal.execution.steps.BroadcastChangingOutputsStep.execute(BroadcastChangingOutputsStep.java:61)
	at org.gradle.internal.execution.steps.BroadcastChangingOutputsStep.execute(BroadcastChangingOutputsStep.java:26)
	at org.gradle.internal.execution.steps.CaptureOutputsAfterExecutionStep.execute(CaptureOutputsAfterExecutionStep.java:69)
	at org.gradle.internal.execution.steps.CaptureOutputsAfterExecutionStep.execute(CaptureOutputsAfterExecutionStep.java:46)
	at org.gradle.internal.execution.steps.ResolveInputChangesStep.execute(ResolveInputChangesStep.java:40)
	at org.gradle.internal.execution.steps.ResolveInputChangesStep.execute(ResolveInputChangesStep.java:29)
	at org.gradle.internal.execution.steps.BuildCacheStep.executeWithoutCache(BuildCacheStep.java:189)
	at org.gradle.internal.execution.steps.BuildCacheStep.lambda$execute$1(BuildCacheStep.java:75)
	at org.gradle.internal.Either$Right.fold(Either.java:175)
	at org.gradle.internal.execution.caching.CachingState.fold(CachingState.java:62)
	at org.gradle.internal.execution.steps.BuildCacheStep.execute(BuildCacheStep.java:73)
	at org.gradle.internal.execution.steps.BuildCacheStep.execute(BuildCacheStep.java:48)
	at org.gradle.internal.execution.steps.StoreExecutionStateStep.execute(StoreExecutionStateStep.java:46)
	at org.gradle.internal.execution.steps.StoreExecutionStateStep.execute(StoreExecutionStateStep.java:35)
	at org.gradle.internal.execution.steps.SkipUpToDateStep.executeBecause(SkipUpToDateStep.java:75)
	at org.gradle.internal.execution.steps.SkipUpToDateStep.lambda$execute$2(SkipUpToDateStep.java:53)
	at java.base/java.util.Optional.orElseGet(Unknown Source)
	at org.gradle.internal.execution.steps.SkipUpToDateStep.execute(SkipUpToDateStep.java:53)
	at org.gradle.internal.execution.steps.SkipUpToDateStep.execute(SkipUpToDateStep.java:35)
	at org.gradle.internal.execution.steps.legacy.MarkSnapshottingInputsFinishedStep.execute(MarkSnapshottingInputsFinishedStep.java:37)
	at org.gradle.internal.execution.steps.legacy.MarkSnapshottingInputsFinishedStep.execute(MarkSnapshottingInputsFinishedStep.java:27)
	at org.gradle.internal.execution.steps.ResolveIncrementalCachingStateStep.executeDelegate(ResolveIncrementalCachingStateStep.java:49)
	at org.gradle.internal.execution.steps.ResolveIncrementalCachingStateStep.executeDelegate(ResolveIncrementalCachingStateStep.java:27)
	at org.gradle.internal.execution.steps.AbstractResolveCachingStateStep.execute(AbstractResolveCachingStateStep.java:71)
	at org.gradle.internal.execution.steps.AbstractResolveCachingStateStep.execute(AbstractResolveCachingStateStep.java:39)
	at org.gradle.internal.execution.steps.ResolveChangesStep.execute(ResolveChangesStep.java:65)
	at org.gradle.internal.execution.steps.ResolveChangesStep.execute(ResolveChangesStep.java:36)
	at org.gradle.internal.execution.steps.ValidateStep.execute(ValidateStep.java:107)
	at org.gradle.internal.execution.steps.ValidateStep.execute(ValidateStep.java:56)
	at org.gradle.internal.execution.steps.AbstractCaptureStateBeforeExecutionStep.execute(AbstractCaptureStateBeforeExecutionStep.java:64)
	at org.gradle.internal.execution.steps.AbstractCaptureStateBeforeExecutionStep.execute(AbstractCaptureStateBeforeExecutionStep.java:43)
	at org.gradle.internal.execution.steps.AbstractSkipEmptyWorkStep.executeWithNonEmptySources(AbstractSkipEmptyWorkStep.java:125)
	at org.gradle.internal.execution.steps.AbstractSkipEmptyWorkStep.execute(AbstractSkipEmptyWorkStep.java:61)
	at org.gradle.internal.execution.steps.AbstractSkipEmptyWorkStep.execute(AbstractSkipEmptyWorkStep.java:36)
	at org.gradle.internal.execution.steps.legacy.MarkSnapshottingInputsStartedStep.execute(MarkSnapshottingInputsStartedStep.java:38)
	at org.gradle.internal.execution.steps.LoadPreviousExecutionStateStep.execute(LoadPreviousExecutionStateStep.java:36)
	at org.gradle.internal.execution.steps.LoadPreviousExecutionStateStep.execute(LoadPreviousExecutionStateStep.java:23)
	at org.gradle.internal.execution.steps.HandleStaleOutputsStep.execute(HandleStaleOutputsStep.java:75)
	at org.gradle.internal.execution.steps.HandleStaleOutputsStep.execute(HandleStaleOutputsStep.java:41)
	at org.gradle.internal.execution.steps.AssignMutableWorkspaceStep.lambda$execute$0(AssignMutableWorkspaceStep.java:35)
	at org.gradle.api.internal.tasks.execution.TaskExecution$4.withWorkspace(TaskExecution.java:289)
	at org.gradle.internal.execution.steps.AssignMutableWorkspaceStep.execute(AssignMutableWorkspaceStep.java:31)
	at org.gradle.internal.execution.steps.AssignMutableWorkspaceStep.execute(AssignMutableWorkspaceStep.java:22)
	at org.gradle.internal.execution.steps.ChoosePipelineStep.execute(ChoosePipelineStep.java:40)
	at org.gradle.internal.execution.steps.ChoosePipelineStep.execute(ChoosePipelineStep.java:23)
	at org.gradle.internal.execution.steps.ExecuteWorkBuildOperationFiringStep.lambda$execute$2(ExecuteWorkBuildOperationFiringStep.java:67)
	at java.base/java.util.Optional.orElseGet(Unknown Source)
	at org.gradle.internal.execution.steps.ExecuteWorkBuildOperationFiringStep.execute(ExecuteWorkBuildOperationFiringStep.java:67)
	at org.gradle.internal.execution.steps.ExecuteWorkBuildOperationFiringStep.execute(ExecuteWorkBuildOperationFiringStep.java:39)
	at org.gradle.internal.execution.steps.IdentityCacheStep.execute(IdentityCacheStep.java:46)
	at org.gradle.internal.execution.steps.IdentityCacheStep.execute(IdentityCacheStep.java:34)
	at org.gradle.internal.execution.steps.IdentifyStep.execute(IdentifyStep.java:48)
	at org.gradle.internal.execution.steps.IdentifyStep.execute(IdentifyStep.java:35)
	at org.gradle.internal.execution.impl.DefaultExecutionEngine$1.execute(DefaultExecutionEngine.java:61)
	at org.gradle.api.internal.tasks.execution.ExecuteActionsTaskExecuter.executeIfValid(ExecuteActionsTaskExecuter.java:127)
	at org.gradle.api.internal.tasks.execution.ExecuteActionsTaskExecuter.execute(ExecuteActionsTaskExecuter.java:116)
	at org.gradle.api.internal.tasks.execution.FinalizePropertiesTaskExecuter.execute(FinalizePropertiesTaskExecuter.java:46)
	at org.gradle.api.internal.tasks.execution.ResolveTaskExecutionModeExecuter.execute(ResolveTaskExecutionModeExecuter.java:51)
	at org.gradle.api.internal.tasks.execution.SkipTaskWithNoActionsExecuter.execute(SkipTaskWithNoActionsExecuter.java:57)
	at org.gradle.api.internal.tasks.execution.SkipOnlyIfTaskExecuter.execute(SkipOnlyIfTaskExecuter.java:74)
	at org.gradle.api.internal.tasks.execution.CatchExceptionTaskExecuter.execute(CatchExceptionTaskExecuter.java:36)
	at org.gradle.api.internal.tasks.execution.EventFiringTaskExecuter$1.executeTask(EventFiringTaskExecuter.java:77)
	at org.gradle.api.internal.tasks.execution.EventFiringTaskExecuter$1.call(EventFiringTaskExecuter.java:55)
	at org.gradle.api.internal.tasks.execution.EventFiringTaskExecuter$1.call(EventFiringTaskExecuter.java:52)
	at org.gradle.internal.operations.DefaultBuildOperationRunner$CallableBuildOperationWorker.execute(DefaultBuildOperationRunner.java:209)
	at org.gradle.internal.operations.DefaultBuildOperationRunner$CallableBuildOperationWorker.execute(DefaultBuildOperationRunner.java:204)
	at org.gradle.internal.operations.DefaultBuildOperationRunner$2.execute(DefaultBuildOperationRunner.java:66)
	at org.gradle.internal.operations.DefaultBuildOperationRunner$2.execute(DefaultBuildOperationRunner.java:59)
	at org.gradle.internal.operations.DefaultBuildOperationRunner.execute(DefaultBuildOperationRunner.java:166)
	at org.gradle.internal.operations.DefaultBuildOperationRunner.execute(DefaultBuildOperationRunner.java:59)
	at org.gradle.internal.operations.DefaultBuildOperationRunner.call(DefaultBuildOperationRunner.java:53)
	at org.gradle.api.internal.tasks.execution.EventFiringTaskExecuter.execute(EventFiringTaskExecuter.java:52)
	at org.gradle.execution.plan.LocalTaskNodeExecutor.execute(LocalTaskNodeExecutor.java:42)
	at org.gradle.execution.taskgraph.DefaultTaskExecutionGraph$InvokeNodeExecutorsAction.execute(DefaultTaskExecutionGraph.java:331)
	at org.gradle.execution.taskgraph.DefaultTaskExecutionGraph$InvokeNodeExecutorsAction.execute(DefaultTaskExecutionGraph.java:318)
	at org.gradle.execution.taskgraph.DefaultTaskExecutionGraph$BuildOperationAwareExecutionAction.lambda$execute$0(DefaultTaskExecutionGraph.java:314)
	at org.gradle.internal.operations.CurrentBuildOperationRef.with(CurrentBuildOperationRef.java:85)
	at org.gradle.execution.taskgraph.DefaultTaskExecutionGraph$BuildOperationAwareExecutionAction.execute(DefaultTaskExecutionGraph.java:314)
	at org.gradle.execution.taskgraph.DefaultTaskExecutionGraph$BuildOperationAwareExecutionAction.execute(DefaultTaskExecutionGraph.java:303)
	at org.gradle.execution.plan.DefaultPlanExecutor$ExecutorWorker.execute(DefaultPlanExecutor.java:459)
	at org.gradle.execution.plan.DefaultPlanExecutor$ExecutorWorker.run(DefaultPlanExecutor.java:376)
	at org.gradle.internal.concurrent.ExecutorPolicy$CatchAndRecordFailures.onExecute(ExecutorPolicy.java:64)
	at org.gradle.internal.concurrent.AbstractManagedExecutor$1.run(AbstractManagedExecutor.java:48)
	at java.base/java.util.concurrent.ThreadPoolExecutor.runWorker(Unknown Source)
	at java.base/java.util.concurrent.ThreadPoolExecutor$Worker.run(Unknown Source)
	at java.base/java.lang.Thread.run(Unknown Source)
Caused by: org.jetbrains.kotlin.gradle.tasks.CompilationErrorException: Compilation error. See log for more details
	at org.jetbrains.kotlin.gradle.tasks.TasksUtilsKt.throwExceptionIfCompilationFailed(tasksUtils.kt:20)
	at org.jetbrains.kotlin.compilerRunner.GradleKotlinCompilerWork.run(GradleKotlinCompilerWork.kt:141)
	at org.jetbrains.kotlin.compilerRunner.GradleCompilerRunnerWithWorkers$GradleKotlinCompilerWorkAction.execute(GradleCompilerRunnerWithWorkers.kt:73)
	at org.gradle.workers.internal.DefaultWorkerServer.execute(DefaultWorkerServer.java:63)
	at org.gradle.workers.internal.NoIsolationWorkerFactory$1$1.create(NoIsolationWorkerFactory.java:66)
	at org.gradle.workers.internal.NoIsolationWorkerFactory$1$1.create(NoIsolationWorkerFactory.java:62)
	at org.gradle.internal.classloader.ClassLoaderUtils.executeInClassloader(ClassLoaderUtils.java:100)
	at org.gradle.workers.internal.NoIsolationWorkerFactory$1.lambda$execute$0(NoIsolationWorkerFactory.java:62)
	at org.gradle.workers.internal.AbstractWorker$1.call(AbstractWorker.java:44)
	at org.gradle.workers.internal.AbstractWorker$1.call(AbstractWorker.java:41)
	at org.gradle.internal.operations.DefaultBuildOperationRunner$CallableBuildOperationWorker.execute(DefaultBuildOperationRunner.java:209)
	at org.gradle.internal.operations.DefaultBuildOperationRunner$CallableBuildOperationWorker.execute(DefaultBuildOperationRunner.java:204)
	at org.gradle.internal.operations.DefaultBuildOperationRunner$2.execute(DefaultBuildOperationRunner.java:66)
	at org.gradle.internal.operations.DefaultBuildOperationRunner$2.execute(DefaultBuildOperationRunner.java:59)
	at org.gradle.internal.operations.DefaultBuildOperationRunner.execute(DefaultBuildOperationRunner.java:166)
	at org.gradle.internal.operations.DefaultBuildOperationRunner.execute(DefaultBuildOperationRunner.java:59)
	at org.gradle.internal.operations.DefaultBuildOperationRunner.call(DefaultBuildOperationRunner.java:53)
	at org.gradle.workers.internal.AbstractWorker.executeWrappedInBuildOperation(AbstractWorker.java:41)
	at org.gradle.workers.internal.NoIsolationWorkerFactory$1.execute(NoIsolationWorkerFactory.java:59)
	at org.gradle.workers.internal.DefaultWorkerExecutor.lambda$submitWork$0(DefaultWorkerExecutor.java:174)
	at java.base/java.util.concurrent.FutureTask.run(Unknown Source)
	at org.gradle.internal.work.DefaultConditionalExecutionQueue$ExecutionRunner.runExecution(DefaultConditionalExecutionQueue.java:194)
	at org.gradle.internal.work.DefaultConditionalExecutionQueue$ExecutionRunner.access$700(DefaultConditionalExecutionQueue.java:127)
	at org.gradle.internal.work.DefaultConditionalExecutionQueue$ExecutionRunner$1.run(DefaultConditionalExecutionQueue.java:169)
	at org.gradle.internal.Factories$1.create(Factories.java:31)
	at org.gradle.internal.work.DefaultWorkerLeaseService.withLocks(DefaultWorkerLeaseService.java:263)
	at org.gradle.internal.work.DefaultWorkerLeaseService.runAsWorkerThread(DefaultWorkerLeaseService.java:127)
	at org.gradle.internal.work.DefaultWorkerLeaseService.runAsWorkerThread(DefaultWorkerLeaseService.java:132)
	at org.gradle.internal.work.DefaultConditionalExecutionQueue$ExecutionRunner.runBatch(DefaultConditionalExecutionQueue.java:164)
	at org.gradle.internal.work.DefaultConditionalExecutionQueue$ExecutionRunner.run(DefaultConditionalExecutionQueue.java:133)
	at java.base/java.util.concurrent.Executors$RunnableAdapter.call(Unknown Source)
	at java.base/java.util.concurrent.FutureTask.run(Unknown Source)
	... 5 more

==============================================================================

3: Task failed with an exception.
-----------
* What went wrong:
Execution failed for task ':react-native-gesture-handler:compileDebugKotlin'.
> A failure occurred while executing org.jetbrains.kotlin.compilerRunner.GradleCompilerRunnerWithWorkers$GradleKotlinCompilerWorkAction
   > Compilation error. See log for more details

* Try:
> Run with --info or --debug option to get more log output.
> Run with --scan to get full insights.
> Get more help at https://help.gradle.org.

* Exception is:
org.gradle.api.tasks.TaskExecutionException: Execution failed for task ':react-native-gesture-handler:compileDebugKotlin'.
	at org.gradle.api.internal.tasks.execution.ExecuteActionsTaskExecuter.lambda$executeIfValid$1(ExecuteActionsTaskExecuter.java:130)
	at org.gradle.internal.Try$Failure.ifSuccessfulOrElse(Try.java:293)
	at org.gradle.api.internal.tasks.execution.ExecuteActionsTaskExecuter.executeIfValid(ExecuteActionsTaskExecuter.java:128)
	at org.gradle.api.internal.tasks.execution.ExecuteActionsTaskExecuter.execute(ExecuteActionsTaskExecuter.java:116)
	at org.gradle.api.internal.tasks.execution.FinalizePropertiesTaskExecuter.execute(FinalizePropertiesTaskExecuter.java:46)
	at org.gradle.api.internal.tasks.execution.ResolveTaskExecutionModeExecuter.execute(ResolveTaskExecutionModeExecuter.java:51)
	at org.gradle.api.internal.tasks.execution.SkipTaskWithNoActionsExecuter.execute(SkipTaskWithNoActionsExecuter.java:57)
	at org.gradle.api.internal.tasks.execution.SkipOnlyIfTaskExecuter.execute(SkipOnlyIfTaskExecuter.java:74)
	at org.gradle.api.internal.tasks.execution.CatchExceptionTaskExecuter.execute(CatchExceptionTaskExecuter.java:36)
	at org.gradle.api.internal.tasks.execution.EventFiringTaskExecuter$1.executeTask(EventFiringTaskExecuter.java:77)
	at org.gradle.api.internal.tasks.execution.EventFiringTaskExecuter$1.call(EventFiringTaskExecuter.java:55)
	at org.gradle.api.internal.tasks.execution.EventFiringTaskExecuter$1.call(EventFiringTaskExecuter.java:52)
	at org.gradle.internal.operations.DefaultBuildOperationRunner$CallableBuildOperationWorker.execute(DefaultBuildOperationRunner.java:209)
	at org.gradle.internal.operations.DefaultBuildOperationRunner$CallableBuildOperationWorker.execute(DefaultBuildOperationRunner.java:204)
	at org.gradle.internal.operations.DefaultBuildOperationRunner$2.execute(DefaultBuildOperationRunner.java:66)
	at org.gradle.internal.operations.DefaultBuildOperationRunner$2.execute(DefaultBuildOperationRunner.java:59)
	at org.gradle.internal.operations.DefaultBuildOperationRunner.execute(DefaultBuildOperationRunner.java:166)
	at org.gradle.internal.operations.DefaultBuildOperationRunner.execute(DefaultBuildOperationRunner.java:59)
	at org.gradle.internal.operations.DefaultBuildOperationRunner.call(DefaultBuildOperationRunner.java:53)
	at org.gradle.api.internal.tasks.execution.EventFiringTaskExecuter.execute(EventFiringTaskExecuter.java:52)
	at org.gradle.execution.plan.LocalTaskNodeExecutor.execute(LocalTaskNodeExecutor.java:42)
	at org.gradle.execution.taskgraph.DefaultTaskExecutionGraph$InvokeNodeExecutorsAction.execute(DefaultTaskExecutionGraph.java:331)
	at org.gradle.execution.taskgraph.DefaultTaskExecutionGraph$InvokeNodeExecutorsAction.execute(DefaultTaskExecutionGraph.java:318)
	at org.gradle.execution.taskgraph.DefaultTaskExecutionGraph$BuildOperationAwareExecutionAction.lambda$execute$0(DefaultTaskExecutionGraph.java:314)
	at org.gradle.internal.operations.CurrentBuildOperationRef.with(CurrentBuildOperationRef.java:85)
	at org.gradle.execution.taskgraph.DefaultTaskExecutionGraph$BuildOperationAwareExecutionAction.execute(DefaultTaskExecutionGraph.java:314)
	at org.gradle.execution.taskgraph.DefaultTaskExecutionGraph$BuildOperationAwareExecutionAction.execute(DefaultTaskExecutionGraph.java:303)
	at org.gradle.execution.plan.DefaultPlanExecutor$ExecutorWorker.execute(DefaultPlanExecutor.java:459)
	at org.gradle.execution.plan.DefaultPlanExecutor$ExecutorWorker.run(DefaultPlanExecutor.java:376)
	at org.gradle.internal.concurrent.ExecutorPolicy$CatchAndRecordFailures.onExecute(ExecutorPolicy.java:64)
	at org.gradle.internal.concurrent.AbstractManagedExecutor$1.run(AbstractManagedExecutor.java:48)
	at java.base/java.util.concurrent.ThreadPoolExecutor.runWorker(Unknown Source)
	at java.base/java.util.concurrent.ThreadPoolExecutor$Worker.run(Unknown Source)
	at java.base/java.lang.Thread.run(Unknown Source)
Caused by: org.gradle.workers.internal.DefaultWorkerExecutor$WorkExecutionException: A failure occurred while executing org.jetbrains.kotlin.compilerRunner.GradleCompilerRunnerWithWorkers$GradleKotlinCompilerWorkAction
	at org.gradle.workers.internal.DefaultWorkerExecutor$WorkItemExecution.waitForCompletion(DefaultWorkerExecutor.java:287)
	at org.gradle.internal.work.DefaultAsyncWorkTracker.lambda$waitForItemsAndGatherFailures$2(DefaultAsyncWorkTracker.java:130)
	at org.gradle.internal.Factories$1.create(Factories.java:31)
	at org.gradle.internal.work.DefaultWorkerLeaseService.withoutLocks(DefaultWorkerLeaseService.java:335)
	at org.gradle.internal.work.DefaultWorkerLeaseService.withoutLocks(DefaultWorkerLeaseService.java:318)
	at org.gradle.internal.work.DefaultWorkerLeaseService.withoutLock(DefaultWorkerLeaseService.java:323)
	at org.gradle.internal.work.DefaultAsyncWorkTracker.waitForItemsAndGatherFailures(DefaultAsyncWorkTracker.java:126)
	at org.gradle.internal.work.DefaultAsyncWorkTracker.waitForItemsAndGatherFailures(DefaultAsyncWorkTracker.java:92)
	at org.gradle.internal.work.DefaultAsyncWorkTracker.waitForAll(DefaultAsyncWorkTracker.java:78)
	at org.gradle.internal.work.DefaultAsyncWorkTracker.waitForCompletion(DefaultAsyncWorkTracker.java:66)
	at org.gradle.api.internal.tasks.execution.TaskExecution$3.run(TaskExecution.java:252)
	at org.gradle.internal.operations.DefaultBuildOperationRunner$1.execute(DefaultBuildOperationRunner.java:29)
	at org.gradle.internal.operations.DefaultBuildOperationRunner$1.execute(DefaultBuildOperationRunner.java:26)
	at org.gradle.internal.operations.DefaultBuildOperationRunner$2.execute(DefaultBuildOperationRunner.java:66)
	at org.gradle.internal.operations.DefaultBuildOperationRunner$2.execute(DefaultBuildOperationRunner.java:59)
	at org.gradle.internal.operations.DefaultBuildOperationRunner.execute(DefaultBuildOperationRunner.java:166)
	at org.gradle.internal.operations.DefaultBuildOperationRunner.execute(DefaultBuildOperationRunner.java:59)
	at org.gradle.internal.operations.DefaultBuildOperationRunner.run(DefaultBuildOperationRunner.java:47)
	at org.gradle.api.internal.tasks.execution.TaskExecution.executeAction(TaskExecution.java:229)
	at org.gradle.api.internal.tasks.execution.TaskExecution.executeActions(TaskExecution.java:212)
	at org.gradle.api.internal.tasks.execution.TaskExecution.executeWithPreviousOutputFiles(TaskExecution.java:195)
	at org.gradle.api.internal.tasks.execution.TaskExecution.execute(TaskExecution.java:162)
	at org.gradle.internal.execution.steps.ExecuteStep.executeInternal(ExecuteStep.java:105)
	at org.gradle.internal.execution.steps.ExecuteStep.access$000(ExecuteStep.java:44)
	at org.gradle.internal.execution.steps.ExecuteStep$1.call(ExecuteStep.java:59)
	at org.gradle.internal.execution.steps.ExecuteStep$1.call(ExecuteStep.java:56)
	at org.gradle.internal.operations.DefaultBuildOperationRunner$CallableBuildOperationWorker.execute(DefaultBuildOperationRunner.java:209)
	at org.gradle.internal.operations.DefaultBuildOperationRunner$CallableBuildOperationWorker.execute(DefaultBuildOperationRunner.java:204)
	at org.gradle.internal.operations.DefaultBuildOperationRunner$2.execute(DefaultBuildOperationRunner.java:66)
	at org.gradle.internal.operations.DefaultBuildOperationRunner$2.execute(DefaultBuildOperationRunner.java:59)
	at org.gradle.internal.operations.DefaultBuildOperationRunner.execute(DefaultBuildOperationRunner.java:166)
	at org.gradle.internal.operations.DefaultBuildOperationRunner.execute(DefaultBuildOperationRunner.java:59)
	at org.gradle.internal.operations.DefaultBuildOperationRunner.call(DefaultBuildOperationRunner.java:53)
	at org.gradle.internal.execution.steps.ExecuteStep.execute(ExecuteStep.java:56)
	at org.gradle.internal.execution.steps.ExecuteStep.execute(ExecuteStep.java:44)
	at org.gradle.internal.execution.steps.CancelExecutionStep.execute(CancelExecutionStep.java:42)
	at org.gradle.internal.execution.steps.TimeoutStep.executeWithoutTimeout(TimeoutStep.java:75)
	at org.gradle.internal.execution.steps.TimeoutStep.execute(TimeoutStep.java:55)
	at org.gradle.internal.execution.steps.PreCreateOutputParentsStep.execute(PreCreateOutputParentsStep.java:50)
	at org.gradle.internal.execution.steps.PreCreateOutputParentsStep.execute(PreCreateOutputParentsStep.java:28)
	at org.gradle.internal.execution.steps.RemovePreviousOutputsStep.execute(RemovePreviousOutputsStep.java:67)
	at org.gradle.internal.execution.steps.RemovePreviousOutputsStep.execute(RemovePreviousOutputsStep.java:37)
	at org.gradle.internal.execution.steps.BroadcastChangingOutputsStep.execute(BroadcastChangingOutputsStep.java:61)
	at org.gradle.internal.execution.steps.BroadcastChangingOutputsStep.execute(BroadcastChangingOutputsStep.java:26)
	at org.gradle.internal.execution.steps.CaptureOutputsAfterExecutionStep.execute(CaptureOutputsAfterExecutionStep.java:69)
	at org.gradle.internal.execution.steps.CaptureOutputsAfterExecutionStep.execute(CaptureOutputsAfterExecutionStep.java:46)
	at org.gradle.internal.execution.steps.ResolveInputChangesStep.execute(ResolveInputChangesStep.java:40)
	at org.gradle.internal.execution.steps.ResolveInputChangesStep.execute(ResolveInputChangesStep.java:29)
	at org.gradle.internal.execution.steps.BuildCacheStep.executeWithoutCache(BuildCacheStep.java:189)
	at org.gradle.internal.execution.steps.BuildCacheStep.lambda$execute$1(BuildCacheStep.java:75)
	at org.gradle.internal.Either$Right.fold(Either.java:175)
	at org.gradle.internal.execution.caching.CachingState.fold(CachingState.java:62)
	at org.gradle.internal.execution.steps.BuildCacheStep.execute(BuildCacheStep.java:73)
	at org.gradle.internal.execution.steps.BuildCacheStep.execute(BuildCacheStep.java:48)
	at org.gradle.internal.execution.steps.StoreExecutionStateStep.execute(StoreExecutionStateStep.java:46)
	at org.gradle.internal.execution.steps.StoreExecutionStateStep.execute(StoreExecutionStateStep.java:35)
	at org.gradle.internal.execution.steps.SkipUpToDateStep.executeBecause(SkipUpToDateStep.java:75)
	at org.gradle.internal.execution.steps.SkipUpToDateStep.lambda$execute$2(SkipUpToDateStep.java:53)
	at java.base/java.util.Optional.orElseGet(Unknown Source)
	at org.gradle.internal.execution.steps.SkipUpToDateStep.execute(SkipUpToDateStep.java:53)
	at org.gradle.internal.execution.steps.SkipUpToDateStep.execute(SkipUpToDateStep.java:35)
	at org.gradle.internal.execution.steps.legacy.MarkSnapshottingInputsFinishedStep.execute(MarkSnapshottingInputsFinishedStep.java:37)
	at org.gradle.internal.execution.steps.legacy.MarkSnapshottingInputsFinishedStep.execute(MarkSnapshottingInputsFinishedStep.java:27)
	at org.gradle.internal.execution.steps.ResolveIncrementalCachingStateStep.executeDelegate(ResolveIncrementalCachingStateStep.java:49)
	at org.gradle.internal.execution.steps.ResolveIncrementalCachingStateStep.executeDelegate(ResolveIncrementalCachingStateStep.java:27)
	at org.gradle.internal.execution.steps.AbstractResolveCachingStateStep.execute(AbstractResolveCachingStateStep.java:71)
	at org.gradle.internal.execution.steps.AbstractResolveCachingStateStep.execute(AbstractResolveCachingStateStep.java:39)
	at org.gradle.internal.execution.steps.ResolveChangesStep.execute(ResolveChangesStep.java:65)
	at org.gradle.internal.execution.steps.ResolveChangesStep.execute(ResolveChangesStep.java:36)
	at org.gradle.internal.execution.steps.ValidateStep.execute(ValidateStep.java:107)
	at org.gradle.internal.execution.steps.ValidateStep.execute(ValidateStep.java:56)
	at org.gradle.internal.execution.steps.AbstractCaptureStateBeforeExecutionStep.execute(AbstractCaptureStateBeforeExecutionStep.java:64)
	at org.gradle.internal.execution.steps.AbstractCaptureStateBeforeExecutionStep.execute(AbstractCaptureStateBeforeExecutionStep.java:43)
	at org.gradle.internal.execution.steps.AbstractSkipEmptyWorkStep.executeWithNonEmptySources(AbstractSkipEmptyWorkStep.java:125)
	at org.gradle.internal.execution.steps.AbstractSkipEmptyWorkStep.execute(AbstractSkipEmptyWorkStep.java:61)
	at org.gradle.internal.execution.steps.AbstractSkipEmptyWorkStep.execute(AbstractSkipEmptyWorkStep.java:36)
	at org.gradle.internal.execution.steps.legacy.MarkSnapshottingInputsStartedStep.execute(MarkSnapshottingInputsStartedStep.java:38)
	at org.gradle.internal.execution.steps.LoadPreviousExecutionStateStep.execute(LoadPreviousExecutionStateStep.java:36)
	at org.gradle.internal.execution.steps.LoadPreviousExecutionStateStep.execute(LoadPreviousExecutionStateStep.java:23)
	at org.gradle.internal.execution.steps.HandleStaleOutputsStep.execute(HandleStaleOutputsStep.java:75)
	at org.gradle.internal.execution.steps.HandleStaleOutputsStep.execute(HandleStaleOutputsStep.java:41)
	at org.gradle.internal.execution.steps.AssignMutableWorkspaceStep.lambda$execute$0(AssignMutableWorkspaceStep.java:35)
	at org.gradle.api.internal.tasks.execution.TaskExecution$4.withWorkspace(TaskExecution.java:289)
	at org.gradle.internal.execution.steps.AssignMutableWorkspaceStep.execute(AssignMutableWorkspaceStep.java:31)
	at org.gradle.internal.execution.steps.AssignMutableWorkspaceStep.execute(AssignMutableWorkspaceStep.java:22)
	at org.gradle.internal.execution.steps.ChoosePipelineStep.execute(ChoosePipelineStep.java:40)
	at org.gradle.internal.execution.steps.ChoosePipelineStep.execute(ChoosePipelineStep.java:23)
	at org.gradle.internal.execution.steps.ExecuteWorkBuildOperationFiringStep.lambda$execute$2(ExecuteWorkBuildOperationFiringStep.java:67)
	at java.base/java.util.Optional.orElseGet(Unknown Source)
	at org.gradle.internal.execution.steps.ExecuteWorkBuildOperationFiringStep.execute(ExecuteWorkBuildOperationFiringStep.java:67)
	at org.gradle.internal.execution.steps.ExecuteWorkBuildOperationFiringStep.execute(ExecuteWorkBuildOperationFiringStep.java:39)
	at org.gradle.internal.execution.steps.IdentityCacheStep.execute(IdentityCacheStep.java:46)
	at org.gradle.internal.execution.steps.IdentityCacheStep.execute(IdentityCacheStep.java:34)
	at org.gradle.internal.execution.steps.IdentifyStep.execute(IdentifyStep.java:48)
	at org.gradle.internal.execution.steps.IdentifyStep.execute(IdentifyStep.java:35)
	at org.gradle.internal.execution.impl.DefaultExecutionEngine$1.execute(DefaultExecutionEngine.java:61)
	at org.gradle.api.internal.tasks.execution.ExecuteActionsTaskExecuter.executeIfValid(ExecuteActionsTaskExecuter.java:127)
	at org.gradle.api.internal.tasks.execution.ExecuteActionsTaskExecuter.execute(ExecuteActionsTaskExecuter.java:116)
	at org.gradle.api.internal.tasks.execution.FinalizePropertiesTaskExecuter.execute(FinalizePropertiesTaskExecuter.java:46)
	at org.gradle.api.internal.tasks.execution.ResolveTaskExecutionModeExecuter.execute(ResolveTaskExecutionModeExecuter.java:51)
	at org.gradle.api.internal.tasks.execution.SkipTaskWithNoActionsExecuter.execute(SkipTaskWithNoActionsExecuter.java:57)
	at org.gradle.api.internal.tasks.execution.SkipOnlyIfTaskExecuter.execute(SkipOnlyIfTaskExecuter.java:74)
	at org.gradle.api.internal.tasks.execution.CatchExceptionTaskExecuter.execute(CatchExceptionTaskExecuter.java:36)
	at org.gradle.api.internal.tasks.execution.EventFiringTaskExecuter$1.executeTask(EventFiringTaskExecuter.java:77)
	at org.gradle.api.internal.tasks.execution.EventFiringTaskExecuter$1.call(EventFiringTaskExecuter.java:55)
	at org.gradle.api.internal.tasks.execution.EventFiringTaskExecuter$1.call(EventFiringTaskExecuter.java:52)
	at org.gradle.internal.operations.DefaultBuildOperationRunner$CallableBuildOperationWorker.execute(DefaultBuildOperationRunner.java:209)
	at org.gradle.internal.operations.DefaultBuildOperationRunner$CallableBuildOperationWorker.execute(DefaultBuildOperationRunner.java:204)
	at org.gradle.internal.operations.DefaultBuildOperationRunner$2.execute(DefaultBuildOperationRunner.java:66)
	at org.gradle.internal.operations.DefaultBuildOperationRunner$2.execute(DefaultBuildOperationRunner.java:59)
	at org.gradle.internal.operations.DefaultBuildOperationRunner.execute(DefaultBuildOperationRunner.java:166)
	at org.gradle.internal.operations.DefaultBuildOperationRunner.execute(DefaultBuildOperationRunner.java:59)
	at org.gradle.internal.operations.DefaultBuildOperationRunner.call(DefaultBuildOperationRunner.java:53)
	at org.gradle.api.internal.tasks.execution.EventFiringTaskExecuter.execute(EventFiringTaskExecuter.java:52)
	at org.gradle.execution.plan.LocalTaskNodeExecutor.execute(LocalTaskNodeExecutor.java:42)
	at org.gradle.execution.taskgraph.DefaultTaskExecutionGraph$InvokeNodeExecutorsAction.execute(DefaultTaskExecutionGraph.java:331)
	at org.gradle.execution.taskgraph.DefaultTaskExecutionGraph$InvokeNodeExecutorsAction.execute(DefaultTaskExecutionGraph.java:318)
	at org.gradle.execution.taskgraph.DefaultTaskExecutionGraph$BuildOperationAwareExecutionAction.lambda$execute$0(DefaultTaskExecutionGraph.java:314)
	at org.gradle.internal.operations.CurrentBuildOperationRef.with(CurrentBuildOperationRef.java:85)
	at org.gradle.execution.taskgraph.DefaultTaskExecutionGraph$BuildOperationAwareExecutionAction.execute(DefaultTaskExecutionGraph.java:314)
	at org.gradle.execution.taskgraph.DefaultTaskExecutionGraph$BuildOperationAwareExecutionAction.execute(DefaultTaskExecutionGraph.java:303)
	at org.gradle.execution.plan.DefaultPlanExecutor$ExecutorWorker.execute(DefaultPlanExecutor.java:459)
	at org.gradle.execution.plan.DefaultPlanExecutor$ExecutorWorker.run(DefaultPlanExecutor.java:376)
	at org.gradle.internal.concurrent.ExecutorPolicy$CatchAndRecordFailures.onExecute(ExecutorPolicy.java:64)
	at org.gradle.internal.concurrent.AbstractManagedExecutor$1.run(AbstractManagedExecutor.java:48)
	at java.base/java.util.concurrent.ThreadPoolExecutor.runWorker(Unknown Source)
	at java.base/java.util.concurrent.ThreadPoolExecutor$Worker.run(Unknown Source)
	at java.base/java.lang.Thread.run(Unknown Source)
Caused by: org.jetbrains.kotlin.gradle.tasks.CompilationErrorException: Compilation error. See log for more details
	at org.jetbrains.kotlin.gradle.tasks.TasksUtilsKt.throwExceptionIfCompilationFailed(tasksUtils.kt:20)
	at org.jetbrains.kotlin.compilerRunner.GradleKotlinCompilerWork.run(GradleKotlinCompilerWork.kt:141)
	at org.jetbrains.kotlin.compilerRunner.GradleCompilerRunnerWithWorkers$GradleKotlinCompilerWorkAction.execute(GradleCompilerRunnerWithWorkers.kt:73)
	at org.gradle.workers.internal.DefaultWorkerServer.execute(DefaultWorkerServer.java:63)
	at org.gradle.workers.internal.NoIsolationWorkerFactory$1$1.create(NoIsolationWorkerFactory.java:66)
	at org.gradle.workers.internal.NoIsolationWorkerFactory$1$1.create(NoIsolationWorkerFactory.java:62)
	at org.gradle.internal.classloader.ClassLoaderUtils.executeInClassloader(ClassLoaderUtils.java:100)
	at org.gradle.workers.internal.NoIsolationWorkerFactory$1.lambda$execute$0(NoIsolationWorkerFactory.java:62)
	at org.gradle.workers.internal.AbstractWorker$1.call(AbstractWorker.java:44)
	at org.gradle.workers.internal.AbstractWorker$1.call(AbstractWorker.java:41)
	at org.gradle.internal.operations.DefaultBuildOperationRunner$CallableBuildOperationWorker.execute(DefaultBuildOperationRunner.java:209)
	at org.gradle.internal.operations.DefaultBuildOperationRunner$CallableBuildOperationWorker.execute(DefaultBuildOperationRunner.java:204)
	at org.gradle.internal.operations.DefaultBuildOperationRunner$2.execute(DefaultBuildOperationRunner.java:66)
	at org.gradle.internal.operations.DefaultBuildOperationRunner$2.execute(DefaultBuildOperationRunner.java:59)
	at org.gradle.internal.operations.DefaultBuildOperationRunner.execute(DefaultBuildOperationRunner.java:166)
	at org.gradle.internal.operations.DefaultBuildOperationRunner.execute(DefaultBuildOperationRunner.java:59)
	at org.gradle.internal.operations.DefaultBuildOperationRunner.call(DefaultBuildOperationRunner.java:53)
	at org.gradle.workers.internal.AbstractWorker.executeWrappedInBuildOperation(AbstractWorker.java:41)
	at org.gradle.workers.internal.NoIsolationWorkerFactory$1.execute(NoIsolationWorkerFactory.java:59)
	at org.gradle.workers.internal.DefaultWorkerExecutor.lambda$submitWork$0(DefaultWorkerExecutor.java:174)
	at java.base/java.util.concurrent.FutureTask.run(Unknown Source)
	at org.gradle.internal.work.DefaultConditionalExecutionQueue$ExecutionRunner.runExecution(DefaultConditionalExecutionQueue.java:194)
	at org.gradle.internal.work.DefaultConditionalExecutionQueue$ExecutionRunner.access$700(DefaultConditionalExecutionQueue.java:127)
	at org.gradle.internal.work.DefaultConditionalExecutionQueue$ExecutionRunner$1.run(DefaultConditionalExecutionQueue.java:169)
	at org.gradle.internal.Factories$1.create(Factories.java:31)
	at org.gradle.internal.work.DefaultWorkerLeaseService.withLocks(DefaultWorkerLeaseService.java:263)
	at org.gradle.internal.work.DefaultWorkerLeaseService.runAsWorkerThread(DefaultWorkerLeaseService.java:127)
	at org.gradle.internal.work.DefaultWorkerLeaseService.runAsWorkerThread(DefaultWorkerLeaseService.java:132)
	at org.gradle.internal.work.DefaultConditionalExecutionQueue$ExecutionRunner.runBatch(DefaultConditionalExecutionQueue.java:164)
	at org.gradle.internal.work.DefaultConditionalExecutionQueue$ExecutionRunner.run(DefaultConditionalExecutionQueue.java:133)
	at java.base/java.util.concurrent.Executors$RunnableAdapter.call(Unknown Source)
	at java.base/java.util.concurrent.FutureTask.run(Unknown Source)
	... 5 more

==============================================================================

BUILD FAILED in 3s
323 actionable tasks: 16 executed, 307 up-to-date
